file_id,filesystem,medium,delay_s,usage_pct,size_bytes,file_category,allocation_state,label,actual_fraction
file_2c40f860,FAT32,HDD,0,0.2,56556,image,entry_present,full,1.0
file_26997160,FAT32,HDD,0,0.2,227392,image,entry_present,full,1.0
file_eae0eef4,FAT32,HDD,0,0.2,86790,database,entry_present,full,1.0
file_34b9653c,FAT32,HDD,0,0.2,364951,document,entry_present,full,1.0
file_ac261142,FAT32,HDD,0,0.2,116124,database,entry_present,full,1.0
file_4645aab7,FAT32,HDD,0,0.2,817889,audio,entry_present,full,1.0
file_18018147,FAT32,HDD,0,0.2,248916,image,entry_present,full,1.0
file_54504220,FAT32,HDD,0,0.2,212886,document,entry_present,partial,0.44
file_e202b6f1,FAT32,HDD,0,0.2,149595,image,entry_present,full,1.0
file_6181bd54,FAT32,HDD,0,0.2,241294,image,entry_present,full,1.0
file_0b539447,FAT32,HDD,0,0.2,149230,image,entry_present,full,1.0
file_b3720491,FAT32,HDD,0,0.2,382698,document,entry_present,full,1.0
file_0d731742,FAT32,HDD,0,0.2,62012,image,entry_present,partial,0.72
file_37754111,FAT32,HDD,0,0.2,149647,image,entry_present,full,1.0
file_b1b93bc8,FAT32,HDD,0,0.2,165277,document,entry_present,full,1.0
file_ed5ef3da,FAT32,HDD,0,0.5,209680,image,entry_present,full,1.0
file_c5a63378,FAT32,HDD,0,0.5,255136,database,entry_present,full,1.0
file_4ef39bf9,FAT32,HDD,0,0.5,121570,database,entry_present,full,1.0
file_485be1ed,FAT32,HDD,0,0.5,110043,image,entry_present,full,1.0
file_a8fa9f6a,FAT32,HDD,0,0.5,105307,image,entry_present,full,1.0
file_f6daa26a,FAT32,HDD,0,0.5,293734,database,entry_present,full,1.0
file_e65c0e31,FAT32,HDD,0,0.5,349811,audio,entry_present,full,1.0
file_9e33633d,FAT32,HDD,0,0.5,490588,document,entry_present,full,1.0
file_dbf50d3a,FAT32,HDD,0,0.5,168700,database,entry_present,full,1.0
file_4286868d,FAT32,HDD,0,0.5,367138,document,entry_present,full,1.0
file_9e4c11ee,FAT32,HDD,0,0.5,428962,document,entry_present,full,1.0
file_b23261d3,FAT32,HDD,0,0.5,825380,audio,entry_present,none,0.0
file_3fa76b16,FAT32,HDD,0,0.5,129906,database,entry_present,partial,0.72
file_fe5f14ed,FAT32,HDD,0,0.5,228332,image,entry_present,full,1.0
file_4ec8695a,FAT32,HDD,0,0.5,258349,document,entry_present,full,1.0
file_ddc901d8,FAT32,HDD,0,0.8,365840,audio,entry_present,full,1.0
file_d92f49e3,FAT32,HDD,0,0.8,342451,document,entry_present,full,1.0
file_c5ccb329,FAT32,HDD,0,0.8,91894,database,entry_present,full,1.0
file_5330b273,FAT32,HDD,0,0.8,116143,database,entry_present,full,1.0
file_70d57ed5,FAT32,HDD,0,0.8,382789,document,entry_present,full,1.0
file_365ba1b6,FAT32,HDD,0,0.8,148975,database,entry_present,full,1.0
file_1083af88,FAT32,HDD,0,0.8,145153,image,entry_present,full,1.0
file_3d3c79e3,FAT32,HDD,0,0.8,113143,image,entry_present,full,1.0
file_c1d55074,FAT32,HDD,0,0.8,72453,image,entry_present,partial,0.54
file_587a91bb,FAT32,HDD,0,0.8,167314,document,entry_present,full,1.0
file_517e7fb7,FAT32,HDD,0,0.8,107287,database,entry_present,full,1.0
file_1f06f810,FAT32,HDD,0,0.8,382746,document,entry_present,full,1.0
file_c584757b,FAT32,HDD,0,0.8,473790,document,entry_present,full,1.0
file_27ba552f,FAT32,HDD,0,0.8,742717,audio,entry_present,partial,0.39
file_f29ee335,FAT32,HDD,0,0.8,138627,image,entry_present,full,1.0
file_892ca129,FAT32,HDD,600,0.2,68610,image,clusters_marked_free,full,1.0
file_c7254a8d,FAT32,HDD,600,0.2,110015,image,clusters_marked_free,full,1.0
file_aeed640e,FAT32,HDD,600,0.2,126391,database,clusters_marked_free,full,1.0
file_ad8354c0,FAT32,HDD,600,0.2,424643,audio,clusters_marked_free,full,1.0
file_ed114820,FAT32,HDD,600,0.2,187907,database,clusters_marked_free,full,1.0
file_8440e0c3,FAT32,HDD,600,0.2,626833,audio,clusters_marked_free,full,1.0
file_96b86920,FAT32,HDD,600,0.2,631071,audio,clusters_marked_free,full,1.0
file_0f576764,FAT32,HDD,600,0.2,226518,image,clusters_marked_free,full,1.0
file_c52e7056,FAT32,HDD,600,0.2,137288,document,clusters_marked_free,full,1.0
file_75b65c37,FAT32,HDD,600,0.2,381168,document,clusters_marked_free,full,1.0
file_d453e770,FAT32,HDD,600,0.2,139523,document,clusters_marked_free,full,1.0
file_e564d4cf,FAT32,HDD,600,0.2,89666,database,clusters_marked_free,partial,0.78
file_e0dc950a,FAT32,HDD,600,0.2,187194,document,clusters_marked_free,full,1.0
file_521dc41e,FAT32,HDD,600,0.2,424130,audio,clusters_marked_free,full,1.0
file_88cc776b,FAT32,HDD,600,0.2,152346,image,clusters_marked_free,full,1.0
file_699fbe89,FAT32,HDD,600,0.5,499105,audio,clusters_marked_free,none,0.0
file_c98994b2,FAT32,HDD,600,0.5,237505,database,clusters_marked_free,full,1.0
file_21a0fee0,FAT32,HDD,600,0.5,199561,document,clusters_marked_free,full,1.0
file_36fe01f4,FAT32,HDD,600,0.5,79979,database,clusters_marked_free,partial,0.28
file_a5ee6779,FAT32,HDD,600,0.5,188987,database,clusters_marked_free,full,1.0
file_a2142931,FAT32,HDD,600,0.5,85000,database,clusters_marked_free,full,1.0
file_7a560b3d,FAT32,HDD,600,0.5,205984,image,clusters_marked_free,full,1.0
file_6910da1c,FAT32,HDD,600,0.5,128543,database,clusters_marked_free,full,1.0
file_bec0631c,FAT32,HDD,600,0.5,212367,image,clusters_marked_free,full,1.0
file_7e9913ea,FAT32,HDD,600,0.5,216716,document,clusters_marked_free,full,1.0
file_1a21cabc,FAT32,HDD,600,0.5,205140,document,clusters_marked_free,full,1.0
file_a9f51d8c,FAT32,HDD,600,0.5,531535,audio,clusters_marked_free,full,1.0
file_4403824a,FAT32,HDD,600,0.5,52441,image,clusters_marked_free,none,0.0
file_edf0174c,FAT32,HDD,600,0.5,190937,image,clusters_marked_free,full,1.0
file_965310ec,FAT32,HDD,600,0.5,149445,document,clusters_marked_free,full,1.0
file_e1ae2c9b,FAT32,HDD,600,0.8,229415,document,clusters_marked_free,full,1.0
file_a5b064fc,FAT32,HDD,600,0.8,248428,database,clusters_marked_free,full,1.0
file_373cac40,FAT32,HDD,600,0.8,66050,database,clusters_marked_free,partial,0.56
file_0f374a86,FAT32,HDD,600,0.8,85203,image,clusters_marked_free,full,1.0
file_44346de1,FAT32,HDD,600,0.8,242788,document,clusters_marked_free,full,1.0
file_1bea4ea2,FAT32,HDD,600,0.8,476235,document,clusters_marked_free,full,1.0
file_689ee767,FAT32,HDD,600,0.8,192065,database,clusters_marked_free,full,1.0
file_45c443ee,FAT32,HDD,600,0.8,74195,image,clusters_marked_free,full,1.0
file_7f4b8dbc,FAT32,HDD,600,0.8,148587,document,clusters_marked_free,full,1.0
file_0cb06526,FAT32,HDD,600,0.8,164715,document,clusters_marked_free,full,1.0
file_563704f6,FAT32,HDD,600,0.8,79327,image,clusters_marked_free,full,1.0
file_b77ce9cd,FAT32,HDD,600,0.8,386046,document,clusters_marked_free,full,1.0
file_e868f57d,FAT32,HDD,600,0.8,333636,audio,clusters_marked_free,full,1.0
file_35fad94c,FAT32,HDD,600,0.8,100916,document,clusters_marked_free,full,1.0
file_e9abecb6,FAT32,HDD,600,0.8,142714,image,clusters_marked_free,full,1.0
file_baf2c8b3,FAT32,HDD,3600,0.2,850810,audio,clusters_marked_free,full,1.0
file_5f2fa28b,FAT32,HDD,3600,0.2,192826,document,clusters_marked_free,full,1.0
file_a5d53d85,FAT32,HDD,3600,0.2,97018,image,clusters_marked_free,full,1.0
file_46c44036,FAT32,HDD,3600,0.2,239883,document,clusters_marked_free,full,1.0
file_b5005611,FAT32,HDD,3600,0.2,150281,image,clusters_marked_free,full,1.0
file_92692114,FAT32,HDD,3600,0.2,566643,audio,clusters_marked_free,full,1.0
file_7cdecaf8,FAT32,HDD,3600,0.2,216876,document,clusters_marked_free,full,1.0
file_d40ad11c,FAT32,HDD,3600,0.2,123170,image,clusters_marked_free,full,1.0
file_a4c2c833,FAT32,HDD,3600,0.2,168773,database,clusters_marked_free,full,1.0
file_1aaed425,FAT32,HDD,3600,0.2,80236,image,clusters_marked_free,full,1.0
file_ee2ea74c,FAT32,HDD,3600,0.2,173620,document,clusters_marked_free,full,1.0
file_bb029e1c,FAT32,HDD,3600,0.2,177918,database,clusters_marked_free,full,1.0
file_be772364,FAT32,HDD,3600,0.2,308796,document,clusters_marked_free,full,1.0
file_67b07ee2,FAT32,HDD,3600,0.2,113828,database,clusters_marked_free,full,1.0
file_ebcded7b,FAT32,HDD,3600,0.2,201773,audio,clusters_marked_free,full,1.0
file_b250bcf3,FAT32,HDD,3600,0.5,290956,document,clusters_marked_free,full,1.0
file_43be3c72,FAT32,HDD,3600,0.5,244582,document,clusters_marked_free,full,1.0
file_80bb5928,FAT32,HDD,3600,0.5,145077,database,clusters_marked_free,full,1.0
file_4ee8c11d,FAT32,HDD,3600,0.5,290973,document,clusters_marked_free,full,1.0
file_0d525b0d,FAT32,HDD,3600,0.5,910219,audio,clusters_marked_free,full,1.0
file_24c23b80,FAT32,HDD,3600,0.5,422707,document,clusters_marked_free,full,1.0
file_baf0db87,FAT32,HDD,3600,0.5,230425,document,clusters_marked_free,full,1.0
file_4e114bfd,FAT32,HDD,3600,0.5,223032,database,clusters_marked_free,full,1.0
file_e4e5a827,FAT32,HDD,3600,0.5,368002,document,clusters_marked_free,full,1.0
file_acf9561e,FAT32,HDD,3600,0.5,445427,document,clusters_marked_free,full,1.0
file_3b19f658,FAT32,HDD,3600,0.5,128961,document,clusters_marked_free,full,1.0
file_f9686268,FAT32,HDD,3600,0.5,452738,document,clusters_marked_free,full,1.0
file_15b3e2cd,FAT32,HDD,3600,0.5,114184,image,clusters_marked_free,partial,0.59
file_ab3335b1,FAT32,HDD,3600,0.5,169384,image,clusters_marked_free,full,1.0
file_fd117f1d,FAT32,HDD,3600,0.5,718392,audio,clusters_marked_free,full,1.0
file_7903a14e,FAT32,HDD,3600,0.8,443963,document,clusters_marked_free,full,1.0
file_8088bbf2,FAT32,HDD,3600,0.8,161449,image,clusters_marked_free,full,1.0
file_8c141c5e,FAT32,HDD,3600,0.8,185778,database,clusters_marked_free,full,1.0
file_9e25dcf6,FAT32,HDD,3600,0.8,339816,audio,clusters_marked_free,full,1.0
file_f42edd8e,FAT32,HDD,3600,0.8,210518,database,clusters_marked_free,full,1.0
file_8c0d976a,FAT32,HDD,3600,0.8,277649,database,clusters_marked_free,full,1.0
file_31eb7e5c,FAT32,HDD,3600,0.8,175867,database,clusters_marked_free,full,1.0
file_cc96cce5,FAT32,HDD,3600,0.8,671932,audio,clusters_marked_free,full,1.0
file_1f067335,FAT32,HDD,3600,0.8,434318,document,clusters_marked_free,full,1.0
file_b2561527,FAT32,HDD,3600,0.8,243968,document,clusters_marked_free,full,1.0
file_f585f53d,FAT32,HDD,3600,0.8,202942,document,clusters_marked_free,full,1.0
file_0aaa965f,FAT32,HDD,3600,0.8,179078,document,clusters_marked_free,full,1.0
file_87b0d64a,FAT32,HDD,3600,0.8,470367,document,clusters_marked_free,full,1.0
file_b1a3fdf8,FAT32,HDD,3600,0.8,635970,audio,clusters_marked_free,full,1.0
file_f8f54d61,FAT32,HDD,3600,0.8,608396,audio,clusters_marked_free,full,1.0
file_dd75cb4d,FAT32,HDD,86400,0.2,163714,database,clusters_marked_free,full,1.0
file_027727c0,FAT32,HDD,86400,0.2,236559,document,clusters_marked_free,partial,0.48
file_7c836043,FAT32,HDD,86400,0.2,273680,database,clusters_marked_free,full,1.0
file_3621ca4d,FAT32,HDD,86400,0.2,355972,document,clusters_marked_free,full,1.0
file_7ec4f8d9,FAT32,HDD,86400,0.2,291978,document,clusters_marked_free,partial,0.71
file_d339d354,FAT32,HDD,86400,0.2,426241,document,clusters_marked_free,full,1.0
file_22fff2ef,FAT32,HDD,86400,0.2,72006,image,clusters_marked_free,full,1.0
file_38d10add,FAT32,HDD,86400,0.2,342062,document,clusters_marked_free,full,1.0
file_59780e05,FAT32,HDD,86400,0.2,542722,audio,clusters_marked_free,full,1.0
file_bb0e118f,FAT32,HDD,86400,0.2,491773,audio,clusters_marked_free,full,1.0
file_4c6b166c,FAT32,HDD,86400,0.2,173288,image,clusters_marked_free,full,1.0
file_54d66cb5,FAT32,HDD,86400,0.2,77653,database,clusters_marked_free,partial,0.68
file_ad7da2a6,FAT32,HDD,86400,0.2,247717,image,clusters_marked_free,full,1.0
file_354448c3,FAT32,HDD,86400,0.2,204522,document,clusters_marked_free,full,1.0
file_a4e033dc,FAT32,HDD,86400,0.2,901978,audio,clusters_marked_free,full,1.0
file_338fa342,FAT32,HDD,86400,0.5,343811,document,clusters_marked_free,partial,0.58
file_1cf05d19,FAT32,HDD,86400,0.5,92930,image,clusters_marked_free,none,0.0
file_37bba403,FAT32,HDD,86400,0.5,201698,image,clusters_marked_free,partial,0.78
file_8f0d2af6,FAT32,HDD,86400,0.5,949747,audio,clusters_marked_free,partial,0.58
file_8bec0899,FAT32,HDD,86400,0.5,153425,document,clusters_marked_free,partial,0.69
file_5a1afd53,FAT32,HDD,86400,0.5,269163,database,clusters_marked_free,full,1.0
file_679dae4a,FAT32,HDD,86400,0.5,176296,database,clusters_marked_free,partial,0.26
file_f529b027,FAT32,HDD,86400,0.5,714013,audio,clusters_marked_free,partial,0.78
file_efcc8628,FAT32,HDD,86400,0.5,941666,audio,clusters_marked_free,partial,0.61
file_b273b0ac,FAT32,HDD,86400,0.5,275864,database,clusters_marked_free,partial,0.68
file_15e50b18,FAT32,HDD,86400,0.5,656732,audio,clusters_marked_free,partial,0.39
file_865839e1,FAT32,HDD,86400,0.5,123119,image,clusters_marked_free,partial,0.38
file_b7ac0975,FAT32,HDD,86400,0.5,797530,audio,clusters_marked_free,full,1.0
file_e6827a37,FAT32,HDD,86400,0.5,175336,document,clusters_marked_free,partial,0.45
file_bde5d6f4,FAT32,HDD,86400,0.5,258435,document,clusters_marked_free,partial,0.56
file_6f13a62a,FAT32,HDD,86400,0.8,114084,database,clusters_marked_free,partial,0.65
file_a4a452c0,FAT32,HDD,86400,0.8,782144,audio,clusters_marked_free,none,0.0
file_89eb7fda,FAT32,HDD,86400,0.8,669945,audio,clusters_marked_free,partial,0.3
file_eaabfb53,FAT32,HDD,86400,0.8,312022,document,clusters_marked_free,partial,0.51
file_bdaf899d,FAT32,HDD,86400,0.8,154113,database,clusters_marked_free,partial,0.66
file_6904e169,FAT32,HDD,86400,0.8,264450,document,clusters_marked_free,partial,0.32
file_49d8c1fb,FAT32,HDD,86400,0.8,265438,document,clusters_marked_free,partial,0.54
file_ac1aab56,FAT32,HDD,86400,0.8,200422,document,clusters_marked_free,none,0.0
file_36fdea1d,FAT32,HDD,86400,0.8,220445,database,clusters_marked_free,none,0.0
file_ee06857c,FAT32,HDD,86400,0.8,100886,image,clusters_marked_free,partial,0.64
file_54d31254,FAT32,HDD,86400,0.8,243818,document,clusters_marked_free,partial,0.28
file_b0d1f351,FAT32,HDD,86400,0.8,146206,document,clusters_marked_free,partial,0.26
file_09b7157c,FAT32,HDD,86400,0.8,326099,document,clusters_marked_free,partial,0.44
file_8009fe0a,FAT32,HDD,86400,0.8,116185,image,clusters_marked_free,none,0.0
file_72f0b95c,FAT32,HDD,86400,0.8,715633,audio,clusters_marked_free,full,1.0
file_e5a82255,FAT32,HDD,604800,0.2,89774,image,clusters_marked_free,partial,0.8
file_03d94a8e,FAT32,HDD,604800,0.2,196295,image,clusters_marked_free,partial,0.58
file_7b09a57b,FAT32,HDD,604800,0.2,123162,database,clusters_marked_free,partial,0.41
file_71991630,FAT32,HDD,604800,0.2,176415,database,clusters_marked_free,partial,0.59
file_1de582d2,FAT32,HDD,604800,0.2,258009,database,clusters_marked_free,partial,0.4
file_2256cc8d,FAT32,HDD,604800,0.2,91171,image,clusters_marked_free,partial,0.55
file_1210dc90,FAT32,HDD,604800,0.2,101402,document,clusters_marked_free,partial,0.27
file_0cd93451,FAT32,HDD,604800,0.2,228225,document,clusters_marked_free,partial,0.5
file_e194cd6d,FAT32,HDD,604800,0.2,238702,document,clusters_marked_free,partial,0.76
file_12e8e436,FAT32,HDD,604800,0.2,320351,audio,clusters_marked_free,partial,0.61
file_00a3bcaf,FAT32,HDD,604800,0.2,154572,document,clusters_marked_free,partial,0.66
file_37281e2e,FAT32,HDD,604800,0.2,139657,database,clusters_marked_free,partial,0.51
file_1fbe8b97,FAT32,HDD,604800,0.2,291030,document,clusters_marked_free,partial,0.29
file_18d1e09d,FAT32,HDD,604800,0.2,163253,image,clusters_marked_free,partial,0.58
file_45482741,FAT32,HDD,604800,0.2,73940,image,clusters_marked_free,partial,0.57
file_b6c2a85f,FAT32,HDD,604800,0.5,226234,image,overwritten,none,0.0
file_e14b7ab7,FAT32,HDD,604800,0.5,74546,database,overwritten,none,0.0
file_ea9a99f5,FAT32,HDD,604800,0.5,491668,audio,overwritten,none,0.0
file_dc5652c8,FAT32,HDD,604800,0.5,178264,database,overwritten,partial,0.44
file_4a74e7e4,FAT32,HDD,604800,0.5,248326,document,overwritten,none,0.0
file_c28481ac,FAT32,HDD,604800,0.5,272912,document,overwritten,none,0.0
file_820b74f4,FAT32,HDD,604800,0.5,997441,audio,overwritten,none,0.0
file_2b5fab94,FAT32,HDD,604800,0.5,292337,audio,overwritten,none,0.0
file_bdb29dfe,FAT32,HDD,604800,0.5,739593,audio,overwritten,none,0.0
file_2c32d4da,FAT32,HDD,604800,0.5,222401,image,overwritten,partial,0.54
file_65b162ce,FAT32,HDD,604800,0.5,262297,database,overwritten,none,0.0
file_fb1a488e,FAT32,HDD,604800,0.5,996907,audio,overwritten,none,0.0
file_d791ff91,FAT32,HDD,604800,0.5,309699,document,overwritten,none,0.0
file_fd5bafc3,FAT32,HDD,604800,0.5,327324,audio,overwritten,none,0.0
file_16bc16e8,FAT32,HDD,604800,0.5,262922,document,overwritten,none,0.0
file_c238d99f,FAT32,HDD,604800,0.8,170952,database,overwritten,none,0.0
file_4c97d89a,FAT32,HDD,604800,0.8,323172,audio,overwritten,none,0.0
file_ebf8f9a2,FAT32,HDD,604800,0.8,361292,document,overwritten,none,0.0
file_483450ea,FAT32,HDD,604800,0.8,705937,audio,overwritten,none,0.0
file_066626f3,FAT32,HDD,604800,0.8,339487,document,overwritten,none,0.0
file_8daa30e0,FAT32,HDD,604800,0.8,259636,database,overwritten,none,0.0
file_34546078,FAT32,HDD,604800,0.8,122416,image,overwritten,none,0.0
file_ce7193a9,FAT32,HDD,604800,0.8,134037,database,overwritten,none,0.0
file_525e93b6,FAT32,HDD,604800,0.8,236529,document,overwritten,none,0.0
file_25146ea0,FAT32,HDD,604800,0.8,334119,document,overwritten,none,0.0
file_ff4ef501,FAT32,HDD,604800,0.8,254294,document,overwritten,none,0.0
file_48d130b9,FAT32,HDD,604800,0.8,178908,document,overwritten,none,0.0
file_94f3fdb2,FAT32,HDD,604800,0.8,399786,document,overwritten,none,0.0
file_880a5ad9,FAT32,HDD,604800,0.8,327975,document,overwritten,none,0.0
file_5ad593fb,FAT32,HDD,604800,0.8,604832,audio,overwritten,none,0.0
file_051fef97,FAT32,SSD_TRIM_ON,0,0.2,359694,document,entry_present,full,1.0
file_d86bcdaa,FAT32,SSD_TRIM_ON,0,0.2,363345,document,entry_present,full,1.0
file_b4d06399,FAT32,SSD_TRIM_ON,0,0.2,304555,audio,entry_present,full,1.0
file_cd47cebe,FAT32,SSD_TRIM_ON,0,0.2,216093,audio,entry_present,full,1.0
file_5efe2d22,FAT32,SSD_TRIM_ON,0,0.2,139231,document,entry_present,full,1.0
file_29595c78,FAT32,SSD_TRIM_ON,0,0.2,257503,document,entry_present,full,1.0
file_1b0a3492,FAT32,SSD_TRIM_ON,0,0.2,359771,document,entry_present,full,1.0
file_d92f7fb7,FAT32,SSD_TRIM_ON,0,0.2,335825,document,entry_present,full,1.0
file_65ba5687,FAT32,SSD_TRIM_ON,0,0.2,199268,document,entry_present,full,1.0
file_a21c85d1,FAT32,SSD_TRIM_ON,0,0.2,303225,audio,entry_present,full,1.0
file_8dc7ff38,FAT32,SSD_TRIM_ON,0,0.2,463856,document,entry_present,full,1.0
file_0cd423c7,FAT32,SSD_TRIM_ON,0,0.2,62056,image,entry_present,full,1.0
file_ffcf8696,FAT32,SSD_TRIM_ON,0,0.2,352640,audio,entry_present,full,1.0
file_8fd1ad0f,FAT32,SSD_TRIM_ON,0,0.2,793418,audio,entry_present,full,1.0
file_c7694c8a,FAT32,SSD_TRIM_ON,0,0.2,292285,database,entry_present,full,1.0
file_ac401598,FAT32,SSD_TRIM_ON,0,0.5,360920,document,entry_present,full,1.0
file_7306e614,FAT32,SSD_TRIM_ON,0,0.5,320947,document,entry_present,full,1.0
file_328839d6,FAT32,SSD_TRIM_ON,0,0.5,171963,image,entry_present,full,1.0
file_71e51af1,FAT32,SSD_TRIM_ON,0,0.5,562351,audio,entry_present,none,0.0
file_4ef208e2,FAT32,SSD_TRIM_ON,0,0.5,302460,document,entry_present,full,1.0
file_37acabfd,FAT32,SSD_TRIM_ON,0,0.5,706680,audio,entry_present,full,1.0
file_e128e6bb,FAT32,SSD_TRIM_ON,0,0.5,799704,audio,entry_present,full,1.0
file_83b7518e,FAT32,SSD_TRIM_ON,0,0.5,222550,image,entry_present,full,1.0
file_676a5dd1,FAT32,SSD_TRIM_ON,0,0.5,198354,image,entry_present,full,1.0
file_89fe5343,FAT32,SSD_TRIM_ON,0,0.5,259342,database,entry_present,full,1.0
file_8d4ac3bd,FAT32,SSD_TRIM_ON,0,0.5,200648,document,entry_present,full,1.0
file_47e39a4c,FAT32,SSD_TRIM_ON,0,0.5,129700,database,entry_present,full,1.0
file_a1f2019c,FAT32,SSD_TRIM_ON,0,0.5,429382,document,entry_present,full,1.0
file_7a6ac232,FAT32,SSD_TRIM_ON,0,0.5,234985,audio,entry_present,full,1.0
file_0fb3b02e,FAT32,SSD_TRIM_ON,0,0.5,147255,document,entry_present,full,1.0
file_94767f4c,FAT32,SSD_TRIM_ON,0,0.8,169289,document,entry_present,full,1.0
file_81457140,FAT32,SSD_TRIM_ON,0,0.8,358319,document,entry_present,full,1.0
file_1bb08dbc,FAT32,SSD_TRIM_ON,0,0.8,509478,audio,entry_present,full,1.0
file_8ab20eb9,FAT32,SSD_TRIM_ON,0,0.8,140382,document,entry_present,full,1.0
file_b86fdabb,FAT32,SSD_TRIM_ON,0,0.8,454588,document,entry_present,full,1.0
file_c8678323,FAT32,SSD_TRIM_ON,0,0.8,784384,audio,entry_present,full,1.0
file_2557ac54,FAT32,SSD_TRIM_ON,0,0.8,96398,database,entry_present,full,1.0
file_057f5290,FAT32,SSD_TRIM_ON,0,0.8,386477,document,entry_present,full,1.0
file_7d3d709f,FAT32,SSD_TRIM_ON,0,0.8,347189,document,entry_present,full,1.0
file_0131d988,FAT32,SSD_TRIM_ON,0,0.8,149984,database,entry_present,full,1.0
file_ad2fdbb8,FAT32,SSD_TRIM_ON,0,0.8,935132,audio,entry_present,full,1.0
file_affb1e64,FAT32,SSD_TRIM_ON,0,0.8,322343,audio,entry_present,full,1.0
file_b29a427e,FAT32,SSD_TRIM_ON,0,0.8,321761,audio,entry_present,full,1.0
file_349e031c,FAT32,SSD_TRIM_ON,0,0.8,99563,database,entry_present,partial,0.63
file_17e920cf,FAT32,SSD_TRIM_ON,0,0.8,173871,database,entry_present,full,1.0
file_720d6a38,FAT32,SSD_TRIM_ON,600,0.2,317518,document,clusters_marked_free,none,0.0
file_e30df7fe,FAT32,SSD_TRIM_ON,600,0.2,97152,document,clusters_marked_free,none,0.0
file_af190e2a,FAT32,SSD_TRIM_ON,600,0.2,332460,document,clusters_marked_free,none,0.0
file_62ebed76,FAT32,SSD_TRIM_ON,600,0.2,365456,document,clusters_marked_free,none,0.0
file_6dacb86e,FAT32,SSD_TRIM_ON,600,0.2,111745,document,clusters_marked_free,none,0.0
file_f6d63896,FAT32,SSD_TRIM_ON,600,0.2,296126,audio,clusters_marked_free,none,0.0
file_0ee0110a,FAT32,SSD_TRIM_ON,600,0.2,69598,database,clusters_marked_free,none,0.0
file_be4c5762,FAT32,SSD_TRIM_ON,600,0.2,117793,database,clusters_marked_free,none,0.0
file_be94cc8b,FAT32,SSD_TRIM_ON,600,0.2,118305,database,clusters_marked_free,none,0.0
file_03944096,FAT32,SSD_TRIM_ON,600,0.2,412466,document,clusters_marked_free,full,1.0
file_7fa0b6f6,FAT32,SSD_TRIM_ON,600,0.2,168153,document,clusters_marked_free,partial,0.73
file_93a73661,FAT32,SSD_TRIM_ON,600,0.2,107791,document,clusters_marked_free,none,0.0
file_8c342ff5,FAT32,SSD_TRIM_ON,600,0.2,408728,document,clusters_marked_free,partial,0.66
file_92d37752,FAT32,SSD_TRIM_ON,600,0.2,93792,database,clusters_marked_free,none,0.0
file_19e20a1e,FAT32,SSD_TRIM_ON,600,0.2,670050,audio,clusters_marked_free,none,0.0
file_1fd84be8,FAT32,SSD_TRIM_ON,600,0.5,122077,database,clusters_marked_free,none,0.0
file_eac86741,FAT32,SSD_TRIM_ON,600,0.5,240642,image,clusters_marked_free,none,0.0
file_7365e790,FAT32,SSD_TRIM_ON,600,0.5,874591,audio,clusters_marked_free,none,0.0
file_a3c0c274,FAT32,SSD_TRIM_ON,600,0.5,175562,image,clusters_marked_free,none,0.0
file_003a14c1,FAT32,SSD_TRIM_ON,600,0.5,277060,audio,clusters_marked_free,none,0.0
file_3c58bbdd,FAT32,SSD_TRIM_ON,600,0.5,398923,document,clusters_marked_free,none,0.0
file_e31ae9a7,FAT32,SSD_TRIM_ON,600,0.5,207748,database,clusters_marked_free,none,0.0
file_558d63ec,FAT32,SSD_TRIM_ON,600,0.5,826410,audio,clusters_marked_free,none,0.0
file_88b3a3ea,FAT32,SSD_TRIM_ON,600,0.5,233967,image,clusters_marked_free,none,0.0
file_faa8e40e,FAT32,SSD_TRIM_ON,600,0.5,252963,database,clusters_marked_free,none,0.0
file_78628375,FAT32,SSD_TRIM_ON,600,0.5,555395,audio,clusters_marked_free,none,0.0
file_bc4912cd,FAT32,SSD_TRIM_ON,600,0.5,636196,audio,clusters_marked_free,none,0.0
file_4c4f74c1,FAT32,SSD_TRIM_ON,600,0.5,276241,document,clusters_marked_free,none,0.0
file_210bb1b0,FAT32,SSD_TRIM_ON,600,0.5,270394,audio,clusters_marked_free,none,0.0
file_7762a4b6,FAT32,SSD_TRIM_ON,600,0.5,148217,document,clusters_marked_free,none,0.0
file_ef637e28,FAT32,SSD_TRIM_ON,600,0.8,211216,database,clusters_marked_free,none,0.0
file_1406ce1d,FAT32,SSD_TRIM_ON,600,0.8,956086,audio,clusters_marked_free,partial,0.41
file_85ab9833,FAT32,SSD_TRIM_ON,600,0.8,264363,document,clusters_marked_free,none,0.0
file_db5d80da,FAT32,SSD_TRIM_ON,600,0.8,435137,audio,clusters_marked_free,none,0.0
file_dbcf5414,FAT32,SSD_TRIM_ON,600,0.8,371643,document,clusters_marked_free,none,0.0
file_11407a55,FAT32,SSD_TRIM_ON,600,0.8,788215,audio,clusters_marked_free,none,0.0
file_5c890a5e,FAT32,SSD_TRIM_ON,600,0.8,224844,database,clusters_marked_free,none,0.0
file_4f0b2670,FAT32,SSD_TRIM_ON,600,0.8,95179,document,clusters_marked_free,none,0.0
file_74884981,FAT32,SSD_TRIM_ON,600,0.8,258165,document,clusters_marked_free,none,0.0
file_52208dd8,FAT32,SSD_TRIM_ON,600,0.8,272965,audio,clusters_marked_free,none,0.0
file_a7ec0136,FAT32,SSD_TRIM_ON,600,0.8,74053,image,clusters_marked_free,none,0.0
file_b65d3760,FAT32,SSD_TRIM_ON,600,0.8,162527,document,clusters_marked_free,none,0.0
file_95dceee2,FAT32,SSD_TRIM_ON,600,0.8,377582,document,clusters_marked_free,none,0.0
file_4742a138,FAT32,SSD_TRIM_ON,600,0.8,77044,database,clusters_marked_free,none,0.0
file_a1ba5e05,FAT32,SSD_TRIM_ON,600,0.8,312318,document,clusters_marked_free,none,0.0
file_70b83019,FAT32,SSD_TRIM_ON,3600,0.2,193020,document,clusters_marked_free,none,0.0
file_27270c1d,FAT32,SSD_TRIM_ON,3600,0.2,140484,image,clusters_marked_free,none,0.0
file_da53a502,FAT32,SSD_TRIM_ON,3600,0.2,752530,audio,clusters_marked_free,none,0.0
file_0fda2ba1,FAT32,SSD_TRIM_ON,3600,0.2,107807,image,clusters_marked_free,full,1.0
file_16f60b8e,FAT32,SSD_TRIM_ON,3600,0.2,190747,document,clusters_marked_free,none,0.0
file_5b215486,FAT32,SSD_TRIM_ON,3600,0.2,231753,document,clusters_marked_free,none,0.0
file_ff7ab3dd,FAT32,SSD_TRIM_ON,3600,0.2,167730,document,clusters_marked_free,none,0.0
file_1e0d9968,FAT32,SSD_TRIM_ON,3600,0.2,362281,document,clusters_marked_free,none,0.0
file_d0a17742,FAT32,SSD_TRIM_ON,3600,0.2,978086,audio,clusters_marked_free,partial,0.26
file_a6093d21,FAT32,SSD_TRIM_ON,3600,0.2,132066,image,clusters_marked_free,none,0.0
file_a2529908,FAT32,SSD_TRIM_ON,3600,0.2,503578,audio,clusters_marked_free,none,0.0
file_2b6e6456,FAT32,SSD_TRIM_ON,3600,0.2,135136,image,clusters_marked_free,none,0.0
file_7f2c06fd,FAT32,SSD_TRIM_ON,3600,0.2,126205,document,clusters_marked_free,none,0.0
file_4190ff10,FAT32,SSD_TRIM_ON,3600,0.2,113783,image,clusters_marked_free,partial,0.73
file_1e6a9bff,FAT32,SSD_TRIM_ON,3600,0.2,196167,document,clusters_marked_free,none,0.0
file_46f90e57,FAT32,SSD_TRIM_ON,3600,0.5,140044,document,clusters_marked_free,none,0.0
file_e9947d9b,FAT32,SSD_TRIM_ON,3600,0.5,264077,document,clusters_marked_free,none,0.0
file_6b629a6d,FAT32,SSD_TRIM_ON,3600,0.5,223872,document,clusters_marked_free,none,0.0
file_35ddfc46,FAT32,SSD_TRIM_ON,3600,0.5,498571,document,clusters_marked_free,none,0.0
file_770a194c,FAT32,SSD_TRIM_ON,3600,0.5,96437,image,clusters_marked_free,none,0.0
file_19acb4c5,FAT32,SSD_TRIM_ON,3600,0.5,263197,database,clusters_marked_free,none,0.0
file_714e1667,FAT32,SSD_TRIM_ON,3600,0.5,232556,database,clusters_marked_free,none,0.0
file_b1b77bc4,FAT32,SSD_TRIM_ON,3600,0.5,159145,document,clusters_marked_free,none,0.0
file_d78dca7a,FAT32,SSD_TRIM_ON,3600,0.5,663688,audio,clusters_marked_free,none,0.0
file_30356954,FAT32,SSD_TRIM_ON,3600,0.5,345990,document,clusters_marked_free,partial,0.5
file_c0fa85e8,FAT32,SSD_TRIM_ON,3600,0.5,64913,image,clusters_marked_free,none,0.0
file_5db58a6c,FAT32,SSD_TRIM_ON,3600,0.5,211220,image,clusters_marked_free,none,0.0
file_bd6f45d0,FAT32,SSD_TRIM_ON,3600,0.5,685188,audio,clusters_marked_free,none,0.0
file_5539187c,FAT32,SSD_TRIM_ON,3600,0.5,167894,image,clusters_marked_free,none,0.0
file_49347b8b,FAT32,SSD_TRIM_ON,3600,0.5,234875,database,clusters_marked_free,none,0.0
file_32dd76cb,FAT32,SSD_TRIM_ON,3600,0.8,168101,image,clusters_marked_free,none,0.0
file_854b34be,FAT32,SSD_TRIM_ON,3600,0.8,124212,document,clusters_marked_free,none,0.0
file_0c713455,FAT32,SSD_TRIM_ON,3600,0.8,660767,audio,clusters_marked_free,none,0.0
file_18c6cfc9,FAT32,SSD_TRIM_ON,3600,0.8,105614,database,clusters_marked_free,none,0.0
file_1c14ea63,FAT32,SSD_TRIM_ON,3600,0.8,393464,document,clusters_marked_free,partial,0.6
file_0514aa73,FAT32,SSD_TRIM_ON,3600,0.8,114556,document,clusters_marked_free,none,0.0
file_607a8d0d,FAT32,SSD_TRIM_ON,3600,0.8,395988,document,clusters_marked_free,none,0.0
file_2f98e575,FAT32,SSD_TRIM_ON,3600,0.8,122730,document,clusters_marked_free,none,0.0
file_3fa0d0d5,FAT32,SSD_TRIM_ON,3600,0.8,335215,audio,clusters_marked_free,none,0.0
file_01758de0,FAT32,SSD_TRIM_ON,3600,0.8,131155,image,clusters_marked_free,none,0.0
file_0db22135,FAT32,SSD_TRIM_ON,3600,0.8,451333,document,clusters_marked_free,none,0.0
file_df0dd31e,FAT32,SSD_TRIM_ON,3600,0.8,88498,database,clusters_marked_free,none,0.0
file_ac6e8018,FAT32,SSD_TRIM_ON,3600,0.8,241934,document,clusters_marked_free,none,0.0
file_fee1f2de,FAT32,SSD_TRIM_ON,3600,0.8,279166,document,clusters_marked_free,none,0.0
file_510a2a8e,FAT32,SSD_TRIM_ON,3600,0.8,181235,document,clusters_marked_free,none,0.0
file_d9b78dfb,FAT32,SSD_TRIM_ON,86400,0.2,183087,image,clusters_marked_free,none,0.0
file_cfdf0466,FAT32,SSD_TRIM_ON,86400,0.2,223520,image,clusters_marked_free,none,0.0
file_e2ece154,FAT32,SSD_TRIM_ON,86400,0.2,98353,database,clusters_marked_free,none,0.0
file_66d31c0c,FAT32,SSD_TRIM_ON,86400,0.2,276085,database,clusters_marked_free,none,0.0
file_da96cb78,FAT32,SSD_TRIM_ON,86400,0.2,245814,audio,clusters_marked_free,none,0.0
file_b42895e3,FAT32,SSD_TRIM_ON,86400,0.2,840255,audio,clusters_marked_free,none,0.0
file_6f4a06a6,FAT32,SSD_TRIM_ON,86400,0.2,445369,audio,clusters_marked_free,none,0.0
file_1643ae4f,FAT32,SSD_TRIM_ON,86400,0.2,403440,audio,clusters_marked_free,none,0.0
file_5a241b79,FAT32,SSD_TRIM_ON,86400,0.2,179499,database,clusters_marked_free,none,0.0
file_d0a5fab4,FAT32,SSD_TRIM_ON,86400,0.2,173749,database,clusters_marked_free,none,0.0
file_3231c10c,FAT32,SSD_TRIM_ON,86400,0.2,417017,document,clusters_marked_free,none,0.0
file_93f568ad,FAT32,SSD_TRIM_ON,86400,0.2,370739,document,clusters_marked_free,none,0.0
file_a1ce66d6,FAT32,SSD_TRIM_ON,86400,0.2,287128,database,clusters_marked_free,none,0.0
file_5ba3a156,FAT32,SSD_TRIM_ON,86400,0.2,738289,audio,clusters_marked_free,none,0.0
file_5579a556,FAT32,SSD_TRIM_ON,86400,0.2,296168,audio,clusters_marked_free,none,0.0
file_fd40ebff,FAT32,SSD_TRIM_ON,86400,0.5,93982,document,clusters_marked_free,none,0.0
file_9a65169f,FAT32,SSD_TRIM_ON,86400,0.5,726392,audio,clusters_marked_free,none,0.0
file_4ae87e6d,FAT32,SSD_TRIM_ON,86400,0.5,114778,document,clusters_marked_free,none,0.0
file_c69c8a71,FAT32,SSD_TRIM_ON,86400,0.5,237355,image,clusters_marked_free,none,0.0
file_f13568ac,FAT32,SSD_TRIM_ON,86400,0.5,327702,document,clusters_marked_free,none,0.0
file_dc32f30d,FAT32,SSD_TRIM_ON,86400,0.5,497851,document,clusters_marked_free,full,1.0
file_48503ab2,FAT32,SSD_TRIM_ON,86400,0.5,54981,image,clusters_marked_free,none,0.0
file_c75ead32,FAT32,SSD_TRIM_ON,86400,0.5,387731,document,clusters_marked_free,none,0.0
file_48a2a800,FAT32,SSD_TRIM_ON,86400,0.5,204591,document,clusters_marked_free,none,0.0
file_494f23e8,FAT32,SSD_TRIM_ON,86400,0.5,112505,image,clusters_marked_free,none,0.0
file_edb0533a,FAT32,SSD_TRIM_ON,86400,0.5,181027,image,clusters_marked_free,none,0.0
file_036109f9,FAT32,SSD_TRIM_ON,86400,0.5,215663,image,clusters_marked_free,none,0.0
file_578106c1,FAT32,SSD_TRIM_ON,86400,0.5,201640,audio,clusters_marked_free,none,0.0
file_2863d39b,FAT32,SSD_TRIM_ON,86400,0.5,399192,document,clusters_marked_free,partial,0.79
file_c1b47361,FAT32,SSD_TRIM_ON,86400,0.5,187903,image,clusters_marked_free,none,0.0
file_b28b8a60,FAT32,SSD_TRIM_ON,86400,0.8,209267,database,clusters_marked_free,partial,0.46
file_c448ea2b,FAT32,SSD_TRIM_ON,86400,0.8,212985,document,clusters_marked_free,none,0.0
file_cb54c826,FAT32,SSD_TRIM_ON,86400,0.8,115420,document,clusters_marked_free,none,0.0
file_ea0da141,FAT32,SSD_TRIM_ON,86400,0.8,256724,database,clusters_marked_free,none,0.0
file_6ba4948f,FAT32,SSD_TRIM_ON,86400,0.8,123244,document,clusters_marked_free,none,0.0
file_594dbc91,FAT32,SSD_TRIM_ON,86400,0.8,929168,audio,clusters_marked_free,none,0.0
file_409daccc,FAT32,SSD_TRIM_ON,86400,0.8,170701,document,clusters_marked_free,none,0.0
file_92116aba,FAT32,SSD_TRIM_ON,86400,0.8,185691,document,clusters_marked_free,partial,0.36
file_f48637ef,FAT32,SSD_TRIM_ON,86400,0.8,132731,image,clusters_marked_free,none,0.0
file_15a251e2,FAT32,SSD_TRIM_ON,86400,0.8,188098,database,clusters_marked_free,none,0.0
file_3dbab36f,FAT32,SSD_TRIM_ON,86400,0.8,250004,document,clusters_marked_free,none,0.0
file_e6984450,FAT32,SSD_TRIM_ON,86400,0.8,223244,document,clusters_marked_free,none,0.0
file_8a1fbd28,FAT32,SSD_TRIM_ON,86400,0.8,309088,document,clusters_marked_free,none,0.0
file_7f0a8096,FAT32,SSD_TRIM_ON,86400,0.8,555505,audio,clusters_marked_free,none,0.0
file_bb00a8ab,FAT32,SSD_TRIM_ON,86400,0.8,925686,audio,clusters_marked_free,none,0.0
file_f0e6adc4,FAT32,SSD_TRIM_ON,604800,0.2,240600,image,clusters_marked_free,none,0.0
file_3b5ffdca,FAT32,SSD_TRIM_ON,604800,0.2,831718,audio,clusters_marked_free,none,0.0
file_00fbdd40,FAT32,SSD_TRIM_ON,604800,0.2,70989,image,clusters_marked_free,none,0.0
file_447a5055,FAT32,SSD_TRIM_ON,604800,0.2,240692,document,clusters_marked_free,none,0.0
file_48bb12e5,FAT32,SSD_TRIM_ON,604800,0.2,568623,audio,clusters_marked_free,none,0.0
file_2a02ca58,FAT32,SSD_TRIM_ON,604800,0.2,308034,document,clusters_marked_free,none,0.0
file_1f9f87c1,FAT32,SSD_TRIM_ON,604800,0.2,225946,image,clusters_marked_free,none,0.0
file_62f4398d,FAT32,SSD_TRIM_ON,604800,0.2,349004,document,clusters_marked_free,none,0.0
file_7dcc9efe,FAT32,SSD_TRIM_ON,604800,0.2,418543,document,clusters_marked_free,none,0.0
file_4e8ee7e6,FAT32,SSD_TRIM_ON,604800,0.2,236489,audio,clusters_marked_free,none,0.0
file_7bc2c538,FAT32,SSD_TRIM_ON,604800,0.2,280725,document,clusters_marked_free,none,0.0
file_28ff6627,FAT32,SSD_TRIM_ON,604800,0.2,208621,image,clusters_marked_free,none,0.0
file_6daa32ad,FAT32,SSD_TRIM_ON,604800,0.2,280620,audio,clusters_marked_free,none,0.0
file_93a725c4,FAT32,SSD_TRIM_ON,604800,0.2,160193,database,clusters_marked_free,none,0.0
file_4ccd58e7,FAT32,SSD_TRIM_ON,604800,0.2,56793,image,clusters_marked_free,none,0.0
file_0285df8f,FAT32,SSD_TRIM_ON,604800,0.5,742895,audio,overwritten,none,0.0
file_89465ea9,FAT32,SSD_TRIM_ON,604800,0.5,313975,document,overwritten,none,0.0
file_5d4f2275,FAT32,SSD_TRIM_ON,604800,0.5,138862,database,overwritten,none,0.0
file_9e56a4f3,FAT32,SSD_TRIM_ON,604800,0.5,138824,document,overwritten,none,0.0
file_cfe1b4f1,FAT32,SSD_TRIM_ON,604800,0.5,292055,audio,overwritten,none,0.0
file_796df940,FAT32,SSD_TRIM_ON,604800,0.5,114046,document,overwritten,none,0.0
file_f911594b,FAT32,SSD_TRIM_ON,604800,0.5,237263,document,overwritten,none,0.0
file_663e9d2f,FAT32,SSD_TRIM_ON,604800,0.5,289526,document,overwritten,none,0.0
file_83b2a376,FAT32,SSD_TRIM_ON,604800,0.5,102685,image,overwritten,none,0.0
file_66cc9668,FAT32,SSD_TRIM_ON,604800,0.5,370466,document,overwritten,none,0.0
file_143edb38,FAT32,SSD_TRIM_ON,604800,0.5,778443,audio,overwritten,partial,0.47
file_991ae67e,FAT32,SSD_TRIM_ON,604800,0.5,751231,audio,overwritten,none,0.0
file_6ef788f6,FAT32,SSD_TRIM_ON,604800,0.5,802826,audio,overwritten,none,0.0
file_7ad315be,FAT32,SSD_TRIM_ON,604800,0.5,688461,audio,overwritten,none,0.0
file_5e211101,FAT32,SSD_TRIM_ON,604800,0.5,147284,document,overwritten,none,0.0
file_a6f241ed,FAT32,SSD_TRIM_ON,604800,0.8,167650,document,overwritten,none,0.0
file_8abc23bc,FAT32,SSD_TRIM_ON,604800,0.8,82548,image,overwritten,none,0.0
file_40f7c7c1,FAT32,SSD_TRIM_ON,604800,0.8,281415,document,overwritten,none,0.0
file_bb17fa9a,FAT32,SSD_TRIM_ON,604800,0.8,298599,database,overwritten,none,0.0
file_7d468d68,FAT32,SSD_TRIM_ON,604800,0.8,135945,database,overwritten,none,0.0
file_53c6ed49,FAT32,SSD_TRIM_ON,604800,0.8,359696,document,overwritten,none,0.0
file_b7c9c9f4,FAT32,SSD_TRIM_ON,604800,0.8,104421,database,overwritten,none,0.0
file_01df913a,FAT32,SSD_TRIM_ON,604800,0.8,252909,database,overwritten,none,0.0
file_d3058500,FAT32,SSD_TRIM_ON,604800,0.8,57437,image,overwritten,none,0.0
file_b05de5eb,FAT32,SSD_TRIM_ON,604800,0.8,133377,database,overwritten,none,0.0
file_5bfad5dd,FAT32,SSD_TRIM_ON,604800,0.8,180557,image,overwritten,none,0.0
file_091b6666,FAT32,SSD_TRIM_ON,604800,0.8,139935,database,overwritten,none,0.0
file_d5f65d8c,FAT32,SSD_TRIM_ON,604800,0.8,511882,audio,overwritten,none,0.0
file_4c177cf5,FAT32,SSD_TRIM_ON,604800,0.8,91439,image,overwritten,none,0.0
file_1eeb8c97,FAT32,SSD_TRIM_ON,604800,0.8,101661,database,overwritten,none,0.0
file_0e38846e,FAT32,SSD_TRIM_OFF,0,0.2,261073,document,entry_present,full,1.0
file_9eb77aef,FAT32,SSD_TRIM_OFF,0,0.2,91835,database,entry_present,full,1.0
file_fb71001f,FAT32,SSD_TRIM_OFF,0,0.2,328473,audio,entry_present,full,1.0
file_4ae79ab5,FAT32,SSD_TRIM_OFF,0,0.2,281405,document,entry_present,full,1.0
file_f505d57b,FAT32,SSD_TRIM_OFF,0,0.2,460330,audio,entry_present,full,1.0
file_fbd3e651,FAT32,SSD_TRIM_OFF,0,0.2,253039,database,entry_present,full,1.0
file_e7efcdb2,FAT32,SSD_TRIM_OFF,0,0.2,361234,document,entry_present,full,1.0
file_8b17babc,FAT32,SSD_TRIM_OFF,0,0.2,224302,audio,entry_present,full,1.0
file_f19165de,FAT32,SSD_TRIM_OFF,0,0.2,729996,audio,entry_present,full,1.0
file_5e9e5f5b,FAT32,SSD_TRIM_OFF,0,0.2,63248,image,entry_present,full,1.0
file_bc3d3483,FAT32,SSD_TRIM_OFF,0,0.2,295299,database,entry_present,full,1.0
file_513c19a1,FAT32,SSD_TRIM_OFF,0,0.2,78179,image,entry_present,full,1.0
file_ef19dfa0,FAT32,SSD_TRIM_OFF,0,0.2,271772,document,entry_present,full,1.0
file_86e6b62b,FAT32,SSD_TRIM_OFF,0,0.2,211276,database,entry_present,full,1.0
file_af614e98,FAT32,SSD_TRIM_OFF,0,0.2,139655,database,entry_present,full,1.0
file_53ea4df0,FAT32,SSD_TRIM_OFF,0,0.5,142291,document,entry_present,full,1.0
file_30012389,FAT32,SSD_TRIM_OFF,0,0.5,153259,image,entry_present,full,1.0
file_d7f76c36,FAT32,SSD_TRIM_OFF,0,0.5,155637,document,entry_present,full,1.0
file_22d9adc4,FAT32,SSD_TRIM_OFF,0,0.5,169221,database,entry_present,full,1.0
file_a6f71ce0,FAT32,SSD_TRIM_OFF,0,0.5,328378,document,entry_present,full,1.0
file_92873256,FAT32,SSD_TRIM_OFF,0,0.5,417855,document,entry_present,full,1.0
file_298797fe,FAT32,SSD_TRIM_OFF,0,0.5,165197,document,entry_present,full,1.0
file_2213e008,FAT32,SSD_TRIM_OFF,0,0.5,257808,database,entry_present,full,1.0
file_64b01d02,FAT32,SSD_TRIM_OFF,0,0.5,203549,database,entry_present,full,1.0
file_6193dbbe,FAT32,SSD_TRIM_OFF,0,0.5,142588,database,entry_present,full,1.0
file_b20be2a2,FAT32,SSD_TRIM_OFF,0,0.5,159193,image,entry_present,full,1.0
file_9f7949fd,FAT32,SSD_TRIM_OFF,0,0.5,206476,image,entry_present,full,1.0
file_c919524c,FAT32,SSD_TRIM_OFF,0,0.5,215423,database,entry_present,full,1.0
file_a3e77506,FAT32,SSD_TRIM_OFF,0,0.5,202967,image,entry_present,full,1.0
file_57f79641,FAT32,SSD_TRIM_OFF,0,0.5,354954,audio,entry_present,full,1.0
file_152a859b,FAT32,SSD_TRIM_OFF,0,0.8,116552,document,entry_present,full,1.0
file_eb720e37,FAT32,SSD_TRIM_OFF,0,0.8,528930,audio,entry_present,full,1.0
file_3c4443b0,FAT32,SSD_TRIM_OFF,0,0.8,924042,audio,entry_present,full,1.0
file_e458084c,FAT32,SSD_TRIM_OFF,0,0.8,971581,audio,entry_present,full,1.0
file_d7724566,FAT32,SSD_TRIM_OFF,0,0.8,371939,document,entry_present,full,1.0
file_beb2e841,FAT32,SSD_TRIM_OFF,0,0.8,162782,database,entry_present,full,1.0
file_2081e30e,FAT32,SSD_TRIM_OFF,0,0.8,340996,document,entry_present,full,1.0
file_182c9630,FAT32,SSD_TRIM_OFF,0,0.8,399855,document,entry_present,full,1.0
file_fbb410f2,FAT32,SSD_TRIM_OFF,0,0.8,246279,document,entry_present,partial,0.41
file_77969eba,FAT32,SSD_TRIM_OFF,0,0.8,188673,document,entry_present,full,1.0
file_3bbd501d,FAT32,SSD_TRIM_OFF,0,0.8,532441,audio,entry_present,full,1.0
file_bb54c760,FAT32,SSD_TRIM_OFF,0,0.8,230884,document,entry_present,full,1.0
file_6744fffd,FAT32,SSD_TRIM_OFF,0,0.8,163534,database,entry_present,full,1.0
file_13c47b58,FAT32,SSD_TRIM_OFF,0,0.8,252280,document,entry_present,full,1.0
file_d50b6054,FAT32,SSD_TRIM_OFF,0,0.8,140797,image,entry_present,full,1.0
file_0a00619d,FAT32,SSD_TRIM_OFF,600,0.2,205941,document,clusters_marked_free,full,1.0
file_8edbb604,FAT32,SSD_TRIM_OFF,600,0.2,374659,document,clusters_marked_free,full,1.0
file_57f7c387,FAT32,SSD_TRIM_OFF,600,0.2,126726,database,clusters_marked_free,full,1.0
file_e5332064,FAT32,SSD_TRIM_OFF,600,0.2,123158,database,clusters_marked_free,full,1.0
file_efb3d42b,FAT32,SSD_TRIM_OFF,600,0.2,305428,audio,clusters_marked_free,full,1.0
file_c69e064d,FAT32,SSD_TRIM_OFF,600,0.2,102716,document,clusters_marked_free,partial,0.61
file_6deaa147,FAT32,SSD_TRIM_OFF,600,0.2,700641,audio,clusters_marked_free,full,1.0
file_c870f835,FAT32,SSD_TRIM_OFF,600,0.2,248384,document,clusters_marked_free,full,1.0
file_b0e6db27,FAT32,SSD_TRIM_OFF,600,0.2,124875,database,clusters_marked_free,full,1.0
file_e175f5d3,FAT32,SSD_TRIM_OFF,600,0.2,95892,image,clusters_marked_free,full,1.0
file_3a5059a8,FAT32,SSD_TRIM_OFF,600,0.2,154069,image,clusters_marked_free,full,1.0
file_15a5bca6,FAT32,SSD_TRIM_OFF,600,0.2,492693,document,clusters_marked_free,full,1.0
file_10d2c794,FAT32,SSD_TRIM_OFF,600,0.2,128221,image,clusters_marked_free,full,1.0
file_b5a6d3a9,FAT32,SSD_TRIM_OFF,600,0.2,137829,image,clusters_marked_free,full,1.0
file_f7e5bf57,FAT32,SSD_TRIM_OFF,600,0.2,340718,audio,clusters_marked_free,partial,0.51
file_e153b496,FAT32,SSD_TRIM_OFF,600,0.5,159059,document,clusters_marked_free,full,1.0
file_fe4c1ee0,FAT32,SSD_TRIM_OFF,600,0.5,107384,document,clusters_marked_free,full,1.0
file_f55e23e6,FAT32,SSD_TRIM_OFF,600,0.5,377680,document,clusters_marked_free,full,1.0
file_ec651a30,FAT32,SSD_TRIM_OFF,600,0.5,648479,audio,clusters_marked_free,full,1.0
file_8d413df4,FAT32,SSD_TRIM_OFF,600,0.5,155076,image,clusters_marked_free,full,1.0
file_6dc39e7a,FAT32,SSD_TRIM_OFF,600,0.5,210048,document,clusters_marked_free,full,1.0
file_a478766a,FAT32,SSD_TRIM_OFF,600,0.5,446961,audio,clusters_marked_free,full,1.0
file_d74184d6,FAT32,SSD_TRIM_OFF,600,0.5,253499,database,clusters_marked_free,full,1.0
file_1c414e47,FAT32,SSD_TRIM_OFF,600,0.5,268508,document,clusters_marked_free,full,1.0
file_a923e1c8,FAT32,SSD_TRIM_OFF,600,0.5,163737,document,clusters_marked_free,full,1.0
file_d61a44e2,FAT32,SSD_TRIM_OFF,600,0.5,298649,database,clusters_marked_free,full,1.0
file_5ce64175,FAT32,SSD_TRIM_OFF,600,0.5,272698,document,clusters_marked_free,full,1.0
file_e361bac2,FAT32,SSD_TRIM_OFF,600,0.5,170028,document,clusters_marked_free,partial,0.46
file_11e0dfc3,FAT32,SSD_TRIM_OFF,600,0.5,187424,database,clusters_marked_free,full,1.0
file_8b611aea,FAT32,SSD_TRIM_OFF,600,0.5,499433,document,clusters_marked_free,full,1.0
file_4c5ffd5d,FAT32,SSD_TRIM_OFF,600,0.8,187758,image,clusters_marked_free,full,1.0
file_80baaa11,FAT32,SSD_TRIM_OFF,600,0.8,120948,document,clusters_marked_free,full,1.0
file_e7941320,FAT32,SSD_TRIM_OFF,600,0.8,116994,database,clusters_marked_free,full,1.0
file_078c76df,FAT32,SSD_TRIM_OFF,600,0.8,186264,document,clusters_marked_free,full,1.0
file_026e067d,FAT32,SSD_TRIM_OFF,600,0.8,475871,document,clusters_marked_free,full,1.0
file_d19b78e7,FAT32,SSD_TRIM_OFF,600,0.8,183791,image,clusters_marked_free,full,1.0
file_110d5f3f,FAT32,SSD_TRIM_OFF,600,0.8,678987,audio,clusters_marked_free,full,1.0
file_d7f5fedf,FAT32,SSD_TRIM_OFF,600,0.8,185209,database,clusters_marked_free,full,1.0
file_bff36eb6,FAT32,SSD_TRIM_OFF,600,0.8,81580,document,clusters_marked_free,full,1.0
file_95c6ef75,FAT32,SSD_TRIM_OFF,600,0.8,83144,database,clusters_marked_free,full,1.0
file_8bf22cfa,FAT32,SSD_TRIM_OFF,600,0.8,68092,image,clusters_marked_free,partial,0.51
file_679966e2,FAT32,SSD_TRIM_OFF,600,0.8,294364,document,clusters_marked_free,full,1.0
file_3e8e7302,FAT32,SSD_TRIM_OFF,600,0.8,592650,audio,clusters_marked_free,none,0.0
file_8a388115,FAT32,SSD_TRIM_OFF,600,0.8,670325,audio,clusters_marked_free,full,1.0
file_d11f2373,FAT32,SSD_TRIM_OFF,600,0.8,98862,database,clusters_marked_free,full,1.0
file_28380a3e,FAT32,SSD_TRIM_OFF,3600,0.2,142197,document,clusters_marked_free,full,1.0
file_2659cd6e,FAT32,SSD_TRIM_OFF,3600,0.2,101821,document,clusters_marked_free,full,1.0
file_04ef6f43,FAT32,SSD_TRIM_OFF,3600,0.2,322747,document,clusters_marked_free,full,1.0
file_499703ad,FAT32,SSD_TRIM_OFF,3600,0.2,229767,document,clusters_marked_free,full,1.0
file_b057f403,FAT32,SSD_TRIM_OFF,3600,0.2,244519,document,clusters_marked_free,full,1.0
file_1b558dc5,FAT32,SSD_TRIM_OFF,3600,0.2,223066,image,clusters_marked_free,full,1.0
file_00d8e2f1,FAT32,SSD_TRIM_OFF,3600,0.2,113089,image,clusters_marked_free,full,1.0
file_7df518af,FAT32,SSD_TRIM_OFF,3600,0.2,240166,database,clusters_marked_free,full,1.0
file_618c9dbb,FAT32,SSD_TRIM_OFF,3600,0.2,114155,image,clusters_marked_free,full,1.0
file_10a192b0,FAT32,SSD_TRIM_OFF,3600,0.2,495515,document,clusters_marked_free,full,1.0
file_af6c8fd7,FAT32,SSD_TRIM_OFF,3600,0.2,86735,image,clusters_marked_free,full,1.0
file_6eb9e9c9,FAT32,SSD_TRIM_OFF,3600,0.2,147598,database,clusters_marked_free,full,1.0
file_fb6d9922,FAT32,SSD_TRIM_OFF,3600,0.2,204205,document,clusters_marked_free,full,1.0
file_335f2c29,FAT32,SSD_TRIM_OFF,3600,0.2,316824,document,clusters_marked_free,full,1.0
file_4242ba08,FAT32,SSD_TRIM_OFF,3600,0.2,195940,image,clusters_marked_free,full,1.0
file_4f59ad21,FAT32,SSD_TRIM_OFF,3600,0.5,782851,audio,clusters_marked_free,full,1.0
file_2dfdfc0a,FAT32,SSD_TRIM_OFF,3600,0.5,279834,document,clusters_marked_free,full,1.0
file_c4d89802,FAT32,SSD_TRIM_OFF,3600,0.5,257227,document,clusters_marked_free,full,1.0
file_05a452b0,FAT32,SSD_TRIM_OFF,3600,0.5,188130,database,clusters_marked_free,full,1.0
file_7015e71f,FAT32,SSD_TRIM_OFF,3600,0.5,342758,document,clusters_marked_free,full,1.0
file_073feaa1,FAT32,SSD_TRIM_OFF,3600,0.5,172180,database,clusters_marked_free,full,1.0
file_0e169ed7,FAT32,SSD_TRIM_OFF,3600,0.5,233691,document,clusters_marked_free,full,1.0
file_45fadfeb,FAT32,SSD_TRIM_OFF,3600,0.5,167908,image,clusters_marked_free,full,1.0
file_b9833510,FAT32,SSD_TRIM_OFF,3600,0.5,127020,document,clusters_marked_free,full,1.0
file_2e2b7b5c,FAT32,SSD_TRIM_OFF,3600,0.5,222052,database,clusters_marked_free,full,1.0
file_91b93cbe,FAT32,SSD_TRIM_OFF,3600,0.5,253872,database,clusters_marked_free,full,1.0
file_a40494e9,FAT32,SSD_TRIM_OFF,3600,0.5,351340,document,clusters_marked_free,full,1.0
file_76c12680,FAT32,SSD_TRIM_OFF,3600,0.5,105524,image,clusters_marked_free,full,1.0
file_50838d5a,FAT32,SSD_TRIM_OFF,3600,0.5,245789,image,clusters_marked_free,full,1.0
file_7ce799a5,FAT32,SSD_TRIM_OFF,3600,0.5,248488,database,clusters_marked_free,full,1.0
file_f07455a1,FAT32,SSD_TRIM_OFF,3600,0.8,389448,document,clusters_marked_free,full,1.0
file_845381c4,FAT32,SSD_TRIM_OFF,3600,0.8,241702,document,clusters_marked_free,full,1.0
file_8dd7781d,FAT32,SSD_TRIM_OFF,3600,0.8,295423,database,clusters_marked_free,partial,0.51
file_2c40c7b8,FAT32,SSD_TRIM_OFF,3600,0.8,186497,document,clusters_marked_free,full,1.0
file_bc1220d6,FAT32,SSD_TRIM_OFF,3600,0.8,247936,audio,clusters_marked_free,full,1.0
file_f70eb84c,FAT32,SSD_TRIM_OFF,3600,0.8,370094,document,clusters_marked_free,full,1.0
file_0a3018c9,FAT32,SSD_TRIM_OFF,3600,0.8,252746,database,clusters_marked_free,full,1.0
file_d004b441,FAT32,SSD_TRIM_OFF,3600,0.8,797467,audio,clusters_marked_free,full,1.0
file_b1197bd3,FAT32,SSD_TRIM_OFF,3600,0.8,777390,audio,clusters_marked_free,full,1.0
file_91c7de66,FAT32,SSD_TRIM_OFF,3600,0.8,958705,audio,clusters_marked_free,full,1.0
file_b81e1aaf,FAT32,SSD_TRIM_OFF,3600,0.8,683214,audio,clusters_marked_free,full,1.0
file_8d250971,FAT32,SSD_TRIM_OFF,3600,0.8,192009,database,clusters_marked_free,full,1.0
file_134533eb,FAT32,SSD_TRIM_OFF,3600,0.8,232246,database,clusters_marked_free,full,1.0
file_7bf169ef,FAT32,SSD_TRIM_OFF,3600,0.8,225168,image,clusters_marked_free,full,1.0
file_9df124b1,FAT32,SSD_TRIM_OFF,3600,0.8,158106,image,clusters_marked_free,full,1.0
file_6ccd1acd,FAT32,SSD_TRIM_OFF,86400,0.2,104792,document,clusters_marked_free,partial,0.5
file_0ddd823e,FAT32,SSD_TRIM_OFF,86400,0.2,211961,image,clusters_marked_free,full,1.0
file_3f020fe3,FAT32,SSD_TRIM_OFF,86400,0.2,216495,audio,clusters_marked_free,full,1.0
file_b987ca21,FAT32,SSD_TRIM_OFF,86400,0.2,171829,database,clusters_marked_free,partial,0.79
file_506767ea,FAT32,SSD_TRIM_OFF,86400,0.2,181652,image,clusters_marked_free,full,1.0
file_e178d48b,FAT32,SSD_TRIM_OFF,86400,0.2,387974,audio,clusters_marked_free,full,1.0
file_609df2fe,FAT32,SSD_TRIM_OFF,86400,0.2,424943,document,clusters_marked_free,full,1.0
file_de8c42cc,FAT32,SSD_TRIM_OFF,86400,0.2,220155,document,clusters_marked_free,partial,0.5
file_d5507284,FAT32,SSD_TRIM_OFF,86400,0.2,465552,document,clusters_marked_free,full,1.0
file_3a032596,FAT32,SSD_TRIM_OFF,86400,0.2,221372,image,clusters_marked_free,full,1.0
file_578def63,FAT32,SSD_TRIM_OFF,86400,0.2,597687,audio,clusters_marked_free,full,1.0
file_6b99f1d3,FAT32,SSD_TRIM_OFF,86400,0.2,258840,audio,clusters_marked_free,full,1.0
file_b6c4f064,FAT32,SSD_TRIM_OFF,86400,0.2,876234,audio,clusters_marked_free,full,1.0
file_8ee058fb,FAT32,SSD_TRIM_OFF,86400,0.2,288909,database,clusters_marked_free,partial,0.38
file_b545c0ef,FAT32,SSD_TRIM_OFF,86400,0.2,188649,database,clusters_marked_free,full,1.0
file_04cd60e3,FAT32,SSD_TRIM_OFF,86400,0.5,229418,image,clusters_marked_free,partial,0.27
file_0f63cf5a,FAT32,SSD_TRIM_OFF,86400,0.5,88209,document,clusters_marked_free,none,0.0
file_8d4fb8dc,FAT32,SSD_TRIM_OFF,86400,0.5,101798,database,clusters_marked_free,partial,0.29
file_0a812d91,FAT32,SSD_TRIM_OFF,86400,0.5,395676,document,clusters_marked_free,partial,0.71
file_8a6bc698,FAT32,SSD_TRIM_OFF,86400,0.5,909922,audio,clusters_marked_free,partial,0.33
file_7cba659f,FAT32,SSD_TRIM_OFF,86400,0.5,181279,image,clusters_marked_free,partial,0.44
file_3f743654,FAT32,SSD_TRIM_OFF,86400,0.5,164580,image,clusters_marked_free,partial,0.59
file_9e36a823,FAT32,SSD_TRIM_OFF,86400,0.5,167993,database,clusters_marked_free,none,0.0
file_fc84c9d1,FAT32,SSD_TRIM_OFF,86400,0.5,95532,document,clusters_marked_free,partial,0.38
file_3b298361,FAT32,SSD_TRIM_OFF,86400,0.5,162415,database,clusters_marked_free,partial,0.62
file_c4417979,FAT32,SSD_TRIM_OFF,86400,0.5,289856,audio,clusters_marked_free,partial,0.29
file_703a5b84,FAT32,SSD_TRIM_OFF,86400,0.5,160856,document,clusters_marked_free,partial,0.68
file_9c1fe48e,FAT32,SSD_TRIM_OFF,86400,0.5,487792,document,clusters_marked_free,full,1.0
file_45331d73,FAT32,SSD_TRIM_OFF,86400,0.5,313169,document,clusters_marked_free,partial,0.4
file_506987b2,FAT32,SSD_TRIM_OFF,86400,0.5,145768,document,clusters_marked_free,partial,0.47
file_c7ef1b68,FAT32,SSD_TRIM_OFF,86400,0.8,73493,image,clusters_marked_free,none,0.0
file_b4e92689,FAT32,SSD_TRIM_OFF,86400,0.8,206480,image,clusters_marked_free,partial,0.41
file_61c545ae,FAT32,SSD_TRIM_OFF,86400,0.8,288813,audio,clusters_marked_free,partial,0.56
file_aea1d20b,FAT32,SSD_TRIM_OFF,86400,0.8,399871,document,clusters_marked_free,partial,0.4
file_fd89bc86,FAT32,SSD_TRIM_OFF,86400,0.8,338538,document,clusters_marked_free,partial,0.34
file_4aa6029c,FAT32,SSD_TRIM_OFF,86400,0.8,300778,document,clusters_marked_free,partial,0.77
file_899973f4,FAT32,SSD_TRIM_OFF,86400,0.8,822651,audio,clusters_marked_free,none,0.0
file_98cee104,FAT32,SSD_TRIM_OFF,86400,0.8,312168,audio,clusters_marked_free,none,0.0
file_d0e9b24e,FAT32,SSD_TRIM_OFF,86400,0.8,163585,database,clusters_marked_free,none,0.0
file_78e1becb,FAT32,SSD_TRIM_OFF,86400,0.8,310803,document,clusters_marked_free,partial,0.79
file_f9563ccc,FAT32,SSD_TRIM_OFF,86400,0.8,257514,document,clusters_marked_free,none,0.0
file_64f07767,FAT32,SSD_TRIM_OFF,86400,0.8,351139,document,clusters_marked_free,none,0.0
file_0fb4ebf8,FAT32,SSD_TRIM_OFF,86400,0.8,337429,document,clusters_marked_free,none,0.0
file_c2e9f79e,FAT32,SSD_TRIM_OFF,86400,0.8,270858,document,clusters_marked_free,partial,0.31
file_35d5330c,FAT32,SSD_TRIM_OFF,86400,0.8,116376,database,clusters_marked_free,none,0.0
file_df21f9fb,FAT32,SSD_TRIM_OFF,604800,0.2,111166,database,clusters_marked_free,none,0.0
file_31ec9912,FAT32,SSD_TRIM_OFF,604800,0.2,942776,audio,clusters_marked_free,partial,0.69
file_a945f9e3,FAT32,SSD_TRIM_OFF,604800,0.2,157254,image,clusters_marked_free,partial,0.39
file_fd064eda,FAT32,SSD_TRIM_OFF,604800,0.2,474989,document,clusters_marked_free,partial,0.46
file_eb8a8291,FAT32,SSD_TRIM_OFF,604800,0.2,826979,audio,clusters_marked_free,partial,0.76
file_0e4d6b90,FAT32,SSD_TRIM_OFF,604800,0.2,770053,audio,clusters_marked_free,full,1.0
file_caff4aad,FAT32,SSD_TRIM_OFF,604800,0.2,361493,document,clusters_marked_free,partial,0.39
file_45629282,FAT32,SSD_TRIM_OFF,604800,0.2,167209,document,clusters_marked_free,partial,0.27
file_fadceaad,FAT32,SSD_TRIM_OFF,604800,0.2,989245,audio,clusters_marked_free,partial,0.3
file_2e094170,FAT32,SSD_TRIM_OFF,604800,0.2,367741,document,clusters_marked_free,partial,0.56
file_84227f1a,FAT32,SSD_TRIM_OFF,604800,0.2,121942,database,clusters_marked_free,partial,0.57
file_8bd039f6,FAT32,SSD_TRIM_OFF,604800,0.2,103516,database,clusters_marked_free,partial,0.26
file_ff0fc996,FAT32,SSD_TRIM_OFF,604800,0.2,127445,image,clusters_marked_free,partial,0.77
file_a7d7c03b,FAT32,SSD_TRIM_OFF,604800,0.2,282624,document,clusters_marked_free,partial,0.5
file_95947cf7,FAT32,SSD_TRIM_OFF,604800,0.2,373214,document,clusters_marked_free,partial,0.63
file_ef4b0e7b,FAT32,SSD_TRIM_OFF,604800,0.5,115218,document,overwritten,none,0.0
file_88532ead,FAT32,SSD_TRIM_OFF,604800,0.5,55920,image,overwritten,none,0.0
file_3f0e0355,FAT32,SSD_TRIM_OFF,604800,0.5,488229,document,overwritten,none,0.0
file_6a713f0e,FAT32,SSD_TRIM_OFF,604800,0.5,389359,document,overwritten,none,0.0
file_69ee4616,FAT32,SSD_TRIM_OFF,604800,0.5,312361,document,overwritten,none,0.0
file_a4e5c86f,FAT32,SSD_TRIM_OFF,604800,0.5,435795,document,overwritten,none,0.0
file_db09baf1,FAT32,SSD_TRIM_OFF,604800,0.5,335706,document,overwritten,none,0.0
file_3db84bfe,FAT32,SSD_TRIM_OFF,604800,0.5,204666,audio,overwritten,none,0.0
file_fa2596f9,FAT32,SSD_TRIM_OFF,604800,0.5,201348,image,overwritten,none,0.0
file_bbbd8e8b,FAT32,SSD_TRIM_OFF,604800,0.5,113010,database,overwritten,none,0.0
file_ce104954,FAT32,SSD_TRIM_OFF,604800,0.5,753349,audio,overwritten,none,0.0
file_a4a818fb,FAT32,SSD_TRIM_OFF,604800,0.5,392984,document,overwritten,none,0.0
file_d664cb6e,FAT32,SSD_TRIM_OFF,604800,0.5,320050,document,overwritten,none,0.0
file_03ed5758,FAT32,SSD_TRIM_OFF,604800,0.5,389418,document,overwritten,none,0.0
file_05c64cad,FAT32,SSD_TRIM_OFF,604800,0.5,141314,document,overwritten,none,0.0
file_7640afa4,FAT32,SSD_TRIM_OFF,604800,0.8,367819,document,overwritten,none,0.0
file_917fa2d1,FAT32,SSD_TRIM_OFF,604800,0.8,394776,audio,overwritten,none,0.0
file_7f962dba,FAT32,SSD_TRIM_OFF,604800,0.8,245779,database,overwritten,none,0.0
file_639d8813,FAT32,SSD_TRIM_OFF,604800,0.8,356713,document,overwritten,none,0.0
file_c192fe40,FAT32,SSD_TRIM_OFF,604800,0.8,264930,document,overwritten,none,0.0
file_0a04f388,FAT32,SSD_TRIM_OFF,604800,0.8,177037,image,overwritten,none,0.0
file_837e84ba,FAT32,SSD_TRIM_OFF,604800,0.8,788861,audio,overwritten,none,0.0
file_7971f3e1,FAT32,SSD_TRIM_OFF,604800,0.8,944638,audio,overwritten,none,0.0
file_e2a6fad3,FAT32,SSD_TRIM_OFF,604800,0.8,375377,audio,overwritten,none,0.0
file_62268c45,FAT32,SSD_TRIM_OFF,604800,0.8,97141,document,overwritten,none,0.0
file_58700351,FAT32,SSD_TRIM_OFF,604800,0.8,139673,database,overwritten,none,0.0
file_6db6bc53,FAT32,SSD_TRIM_OFF,604800,0.8,776429,audio,overwritten,none,0.0
file_ec38a178,FAT32,SSD_TRIM_OFF,604800,0.8,93938,database,overwritten,none,0.0
file_2ba07206,FAT32,SSD_TRIM_OFF,604800,0.8,279642,database,overwritten,none,0.0
file_a74dfda4,FAT32,SSD_TRIM_OFF,604800,0.8,772892,audio,overwritten,none,0.0
file_f1cf27f1,ext4,HDD,0,0.2,256085,document,entry_present,full,1.0
file_eaf9d778,ext4,HDD,0,0.2,167894,image,entry_present,full,1.0
file_c727e931,ext4,HDD,0,0.2,112113,image,entry_present,full,1.0
file_637fc7c3,ext4,HDD,0,0.2,244652,database,entry_present,full,1.0
file_7c598c32,ext4,HDD,0,0.2,423040,document,entry_present,full,1.0
file_3741b8b9,ext4,HDD,0,0.2,208497,document,entry_present,full,1.0
file_02ae677d,ext4,HDD,0,0.2,205234,database,entry_present,full,1.0
file_9f647f0e,ext4,HDD,0,0.2,231693,document,entry_present,full,1.0
file_458923c0,ext4,HDD,0,0.2,85543,image,entry_present,partial,0.68
file_380dc98e,ext4,HDD,0,0.2,122698,image,entry_present,full,1.0
file_79e3fc2e,ext4,HDD,0,0.2,176673,document,entry_present,full,1.0
file_94b357a7,ext4,HDD,0,0.2,499231,document,entry_present,full,1.0
file_3930d8a9,ext4,HDD,0,0.2,297173,document,entry_present,full,1.0
file_5ad16605,ext4,HDD,0,0.2,216101,image,entry_present,full,1.0
file_542e2ef1,ext4,HDD,0,0.2,273499,document,entry_present,full,1.0
file_0bb35af3,ext4,HDD,0,0.5,543187,audio,entry_present,full,1.0
file_c7097ff6,ext4,HDD,0,0.5,241609,image,entry_present,partial,0.6
file_821bb4cb,ext4,HDD,0,0.5,113203,document,entry_present,partial,0.7
file_6c6d6422,ext4,HDD,0,0.5,481581,audio,entry_present,full,1.0
file_9abdd6ac,ext4,HDD,0,0.5,257080,document,entry_present,full,1.0
file_31b5b5dd,ext4,HDD,0,0.5,105380,document,entry_present,full,1.0
file_fdbf2a34,ext4,HDD,0,0.5,217072,audio,entry_present,full,1.0
file_9f3ec361,ext4,HDD,0,0.5,162145,image,entry_present,full,1.0
file_9823782a,ext4,HDD,0,0.5,440785,document,entry_present,full,1.0
file_2b509e57,ext4,HDD,0,0.5,221596,image,entry_present,full,1.0
file_82834b9e,ext4,HDD,0,0.5,147476,image,entry_present,full,1.0
file_53a1aa55,ext4,HDD,0,0.5,202758,document,entry_present,full,1.0
file_37bb4e92,ext4,HDD,0,0.5,234470,image,entry_present,full,1.0
file_64c4a78f,ext4,HDD,0,0.5,123294,database,entry_present,full,1.0
file_5a09d1af,ext4,HDD,0,0.5,209738,audio,entry_present,full,1.0
file_b6dac7f7,ext4,HDD,0,0.8,927744,audio,entry_present,full,1.0
file_0a73fe64,ext4,HDD,0,0.8,110017,image,entry_present,full,1.0
file_e86b14fd,ext4,HDD,0,0.8,272708,document,entry_present,full,1.0
file_1ebfc672,ext4,HDD,0,0.8,300656,document,entry_present,full,1.0
file_16c8c9fd,ext4,HDD,0,0.8,135867,document,entry_present,full,1.0
file_9f6f1671,ext4,HDD,0,0.8,209991,image,entry_present,full,1.0
file_943898ba,ext4,HDD,0,0.8,315854,document,entry_present,full,1.0
file_845a68fd,ext4,HDD,0,0.8,427797,audio,entry_present,full,1.0
file_3904feee,ext4,HDD,0,0.8,255367,database,entry_present,full,1.0
file_58424a8b,ext4,HDD,0,0.8,529780,audio,entry_present,full,1.0
file_9106107a,ext4,HDD,0,0.8,390139,document,entry_present,full,1.0
file_c716c38e,ext4,HDD,0,0.8,138690,database,entry_present,full,1.0
file_bc0e178f,ext4,HDD,0,0.8,187712,document,entry_present,full,1.0
file_3e1a8005,ext4,HDD,0,0.8,113452,database,entry_present,full,1.0
file_856d754a,ext4,HDD,0,0.8,359463,document,entry_present,full,1.0
file_7f416995,ext4,HDD,600,0.2,361925,document,clusters_marked_free,full,1.0
file_907d95fe,ext4,HDD,600,0.2,144659,image,clusters_marked_free,full,1.0
file_db7dae37,ext4,HDD,600,0.2,302814,document,clusters_marked_free,full,1.0
file_d96e8226,ext4,HDD,600,0.2,499888,document,clusters_marked_free,full,1.0
file_3ebf0a11,ext4,HDD,600,0.2,54375,image,clusters_marked_free,full,1.0
file_f0361049,ext4,HDD,600,0.2,154326,image,clusters_marked_free,full,1.0
file_a69fb990,ext4,HDD,600,0.2,265093,database,clusters_marked_free,full,1.0
file_403ac92f,ext4,HDD,600,0.2,204943,database,clusters_marked_free,full,1.0
file_251b4b38,ext4,HDD,600,0.2,123828,document,clusters_marked_free,full,1.0
file_881c6413,ext4,HDD,600,0.2,381222,document,clusters_marked_free,full,1.0
file_33e39057,ext4,HDD,600,0.2,230276,database,clusters_marked_free,full,1.0
file_5510b105,ext4,HDD,600,0.2,309368,document,clusters_marked_free,full,1.0
file_ca9e2d8a,ext4,HDD,600,0.2,130359,document,clusters_marked_free,full,1.0
file_b71cb03e,ext4,HDD,600,0.2,223601,database,clusters_marked_free,full,1.0
file_a1b37f70,ext4,HDD,600,0.2,162622,document,clusters_marked_free,full,1.0
file_cca53f6d,ext4,HDD,600,0.5,563546,audio,clusters_marked_free,full,1.0
file_5beb31c6,ext4,HDD,600,0.5,167536,document,clusters_marked_free,full,1.0
file_6f085be0,ext4,HDD,600,0.5,57695,image,clusters_marked_free,full,1.0
file_ffb35a94,ext4,HDD,600,0.5,485192,audio,clusters_marked_free,partial,0.6
file_e479cb74,ext4,HDD,600,0.5,677309,audio,clusters_marked_free,full,1.0
file_6ced9cca,ext4,HDD,600,0.5,180969,image,clusters_marked_free,full,1.0
file_2d5f62f3,ext4,HDD,600,0.5,200447,image,clusters_marked_free,full,1.0
file_f5010eae,ext4,HDD,600,0.5,109874,image,clusters_marked_free,full,1.0
file_ffbc9d3c,ext4,HDD,600,0.5,114107,image,clusters_marked_free,full,1.0
file_87183dc9,ext4,HDD,600,0.5,280791,document,clusters_marked_free,partial,0.27
file_2fbc9c54,ext4,HDD,600,0.5,435421,audio,clusters_marked_free,full,1.0
file_03554209,ext4,HDD,600,0.5,955276,audio,clusters_marked_free,full,1.0
file_18c25d34,ext4,HDD,600,0.5,181607,image,clusters_marked_free,full,1.0
file_621c555f,ext4,HDD,600,0.5,97014,image,clusters_marked_free,full,1.0
file_68ed04c9,ext4,HDD,600,0.5,272274,audio,clusters_marked_free,full,1.0
file_64275474,ext4,HDD,600,0.8,242895,document,clusters_marked_free,full,1.0
file_09e5f745,ext4,HDD,600,0.8,252879,document,clusters_marked_free,full,1.0
file_39976d2e,ext4,HDD,600,0.8,207183,document,clusters_marked_free,full,1.0
file_87bb1784,ext4,HDD,600,0.8,484021,document,clusters_marked_free,full,1.0
file_0d06ff7c,ext4,HDD,600,0.8,178940,document,clusters_marked_free,full,1.0
file_c0f287c1,ext4,HDD,600,0.8,85030,document,clusters_marked_free,partial,0.25
file_67863aa7,ext4,HDD,600,0.8,973935,audio,clusters_marked_free,full,1.0
file_31647899,ext4,HDD,600,0.8,320104,document,clusters_marked_free,full,1.0
file_cb4dce62,ext4,HDD,600,0.8,87322,image,clusters_marked_free,full,1.0
file_1deaa1eb,ext4,HDD,600,0.8,172280,database,clusters_marked_free,full,1.0
file_61cacecb,ext4,HDD,600,0.8,320364,document,clusters_marked_free,full,1.0
file_8756c6b2,ext4,HDD,600,0.8,434084,document,clusters_marked_free,full,1.0
file_63f35ce1,ext4,HDD,600,0.8,205161,image,clusters_marked_free,partial,0.38
file_b2d79121,ext4,HDD,600,0.8,245155,document,clusters_marked_free,full,1.0
file_f49d42f9,ext4,HDD,600,0.8,934764,audio,clusters_marked_free,full,1.0
file_afe78a48,ext4,HDD,3600,0.2,139157,document,clusters_marked_free,full,1.0
file_f9b130c3,ext4,HDD,3600,0.2,406555,document,clusters_marked_free,full,1.0
file_884dc82f,ext4,HDD,3600,0.2,293129,document,clusters_marked_free,full,1.0
file_abec65ad,ext4,HDD,3600,0.2,188861,document,clusters_marked_free,full,1.0
file_2db8a1d5,ext4,HDD,3600,0.2,91317,image,clusters_marked_free,full,1.0
file_ba4a08b0,ext4,HDD,3600,0.2,396304,document,clusters_marked_free,full,1.0
file_8e6e2ee2,ext4,HDD,3600,0.2,236425,image,clusters_marked_free,full,1.0
file_09a7734e,ext4,HDD,3600,0.2,287746,document,clusters_marked_free,full,1.0
file_4a43b0e1,ext4,HDD,3600,0.2,116295,document,clusters_marked_free,partial,0.72
file_782015a8,ext4,HDD,3600,0.2,260104,database,clusters_marked_free,full,1.0
file_b2698177,ext4,HDD,3600,0.2,163676,document,clusters_marked_free,full,1.0
file_5ab42e28,ext4,HDD,3600,0.2,168532,document,clusters_marked_free,full,1.0
file_a8a6c174,ext4,HDD,3600,0.2,202652,image,clusters_marked_free,full,1.0
file_9df1e908,ext4,HDD,3600,0.2,55714,image,clusters_marked_free,full,1.0
file_ffaa94d9,ext4,HDD,3600,0.2,148223,document,clusters_marked_free,full,1.0
file_f94acd5d,ext4,HDD,3600,0.5,144239,document,clusters_marked_free,full,1.0
file_b7a47316,ext4,HDD,3600,0.5,177549,database,clusters_marked_free,full,1.0
file_832a58c5,ext4,HDD,3600,0.5,720226,audio,clusters_marked_free,full,1.0
file_81abad7c,ext4,HDD,3600,0.5,198121,document,clusters_marked_free,full,1.0
file_13becb3e,ext4,HDD,3600,0.5,355851,audio,clusters_marked_free,full,1.0
file_398cf132,ext4,HDD,3600,0.5,341562,document,clusters_marked_free,full,1.0
file_57913172,ext4,HDD,3600,0.5,189575,database,clusters_marked_free,full,1.0
file_d02660d3,ext4,HDD,3600,0.5,436935,document,clusters_marked_free,full,1.0
file_96b79cdd,ext4,HDD,3600,0.5,129312,database,clusters_marked_free,full,1.0
file_da62836b,ext4,HDD,3600,0.5,948023,audio,clusters_marked_free,full,1.0
file_0b145325,ext4,HDD,3600,0.5,268848,database,clusters_marked_free,full,1.0
file_80f4f9e4,ext4,HDD,3600,0.5,483572,audio,clusters_marked_free,full,1.0
file_60592e36,ext4,HDD,3600,0.5,393060,document,clusters_marked_free,full,1.0
file_a7d28f81,ext4,HDD,3600,0.5,173649,image,clusters_marked_free,full,1.0
file_58b4ad3a,ext4,HDD,3600,0.5,125017,database,clusters_marked_free,full,1.0
file_5a006258,ext4,HDD,3600,0.8,359807,document,clusters_marked_free,full,1.0
file_e0fb9945,ext4,HDD,3600,0.8,107517,image,clusters_marked_free,full,1.0
file_62132635,ext4,HDD,3600,0.8,192327,document,clusters_marked_free,full,1.0
file_c1615504,ext4,HDD,3600,0.8,268105,document,clusters_marked_free,full,1.0
file_20fde155,ext4,HDD,3600,0.8,211746,database,clusters_marked_free,full,1.0
file_7949075f,ext4,HDD,3600,0.8,358068,document,clusters_marked_free,full,1.0
file_1eaafa90,ext4,HDD,3600,0.8,110980,image,clusters_marked_free,full,1.0
file_4a02c5ad,ext4,HDD,3600,0.8,188005,image,clusters_marked_free,full,1.0
file_1c2a8643,ext4,HDD,3600,0.8,278655,document,clusters_marked_free,full,1.0
file_7b76380d,ext4,HDD,3600,0.8,111224,document,clusters_marked_free,full,1.0
file_4e9a893c,ext4,HDD,3600,0.8,187965,image,clusters_marked_free,full,1.0
file_38e45b1f,ext4,HDD,3600,0.8,147934,image,clusters_marked_free,full,1.0
file_5468ad52,ext4,HDD,3600,0.8,238211,document,clusters_marked_free,full,1.0
file_cc1dea6d,ext4,HDD,3600,0.8,483963,document,clusters_marked_free,partial,0.61
file_135a2fa5,ext4,HDD,3600,0.8,470767,document,clusters_marked_free,partial,0.63
file_e87f0de9,ext4,HDD,86400,0.2,270305,database,clusters_marked_free,full,1.0
file_6a9d1049,ext4,HDD,86400,0.2,521727,audio,clusters_marked_free,partial,0.41
file_312b7996,ext4,HDD,86400,0.2,482117,document,clusters_marked_free,partial,0.72
file_6c581da9,ext4,HDD,86400,0.2,72488,database,clusters_marked_free,full,1.0
file_0efb0b5a,ext4,HDD,86400,0.2,195812,document,clusters_marked_free,full,1.0
file_fda3bde5,ext4,HDD,86400,0.2,120793,document,clusters_marked_free,full,1.0
file_c1c2bcad,ext4,HDD,86400,0.2,168021,document,clusters_marked_free,full,1.0
file_b2893639,ext4,HDD,86400,0.2,314162,document,clusters_marked_free,full,1.0
file_82770adc,ext4,HDD,86400,0.2,230831,document,clusters_marked_free,full,1.0
file_d7b02ea2,ext4,HDD,86400,0.2,62621,image,clusters_marked_free,full,1.0
file_40ee77dd,ext4,HDD,86400,0.2,374418,audio,clusters_marked_free,full,1.0
file_4c6c69c4,ext4,HDD,86400,0.2,162395,database,clusters_marked_free,full,1.0
file_f10398c5,ext4,HDD,86400,0.2,806135,audio,clusters_marked_free,full,1.0
file_d66e6315,ext4,HDD,86400,0.2,58758,image,clusters_marked_free,full,1.0
file_2e248cd9,ext4,HDD,86400,0.2,216906,document,clusters_marked_free,full,1.0
file_3a9d75fe,ext4,HDD,86400,0.5,368720,audio,clusters_marked_free,partial,0.55
file_0e636878,ext4,HDD,86400,0.5,138591,image,clusters_marked_free,partial,0.27
file_a0e59a1a,ext4,HDD,86400,0.5,418409,document,clusters_marked_free,partial,0.34
file_326ef4fc,ext4,HDD,86400,0.5,136794,image,clusters_marked_free,partial,0.65
file_36508d5a,ext4,HDD,86400,0.5,133537,database,clusters_marked_free,partial,0.41
file_11160c9e,ext4,HDD,86400,0.5,63011,image,clusters_marked_free,partial,0.28
file_ed962804,ext4,HDD,86400,0.5,162094,image,clusters_marked_free,full,1.0
file_22f8da87,ext4,HDD,86400,0.5,189915,database,clusters_marked_free,partial,0.41
file_85b0a158,ext4,HDD,86400,0.5,174143,image,clusters_marked_free,partial,0.42
file_28696887,ext4,HDD,86400,0.5,693821,audio,clusters_marked_free,full,1.0
file_06db841e,ext4,HDD,86400,0.5,165587,database,clusters_marked_free,partial,0.74
file_825d4069,ext4,HDD,86400,0.5,177823,document,clusters_marked_free,partial,0.37
file_5f00ed37,ext4,HDD,86400,0.5,375827,document,clusters_marked_free,full,1.0
file_b6f8b27d,ext4,HDD,86400,0.5,72467,image,clusters_marked_free,partial,0.67
file_d3448ca7,ext4,HDD,86400,0.5,390246,document,clusters_marked_free,full,1.0
file_fd608521,ext4,HDD,86400,0.8,747967,audio,clusters_marked_free,partial,0.51
file_81dd9cbb,ext4,HDD,86400,0.8,349698,document,clusters_marked_free,none,0.0
file_10847737,ext4,HDD,86400,0.8,949003,audio,clusters_marked_free,none,0.0
file_da994ea3,ext4,HDD,86400,0.8,241611,database,clusters_marked_free,none,0.0
file_b1f63284,ext4,HDD,86400,0.8,163062,document,clusters_marked_free,none,0.0
file_c3a67671,ext4,HDD,86400,0.8,211091,document,clusters_marked_free,partial,0.32
file_2a977e74,ext4,HDD,86400,0.8,282175,audio,clusters_marked_free,none,0.0
file_768ccaca,ext4,HDD,86400,0.8,411976,document,clusters_marked_free,partial,0.75
file_882ffd73,ext4,HDD,86400,0.8,72813,image,clusters_marked_free,partial,0.4
file_b8a8cf26,ext4,HDD,86400,0.8,212964,audio,clusters_marked_free,none,0.0
file_c065a5b6,ext4,HDD,86400,0.8,218029,database,clusters_marked_free,partial,0.33
file_386d2ebb,ext4,HDD,86400,0.8,216745,database,clusters_marked_free,partial,0.77
file_d9a7f9ec,ext4,HDD,86400,0.8,197504,image,clusters_marked_free,none,0.0
file_890260fb,ext4,HDD,86400,0.8,295424,document,clusters_marked_free,partial,0.61
file_1975518c,ext4,HDD,86400,0.8,223635,database,clusters_marked_free,partial,0.59
file_88f66d0a,ext4,HDD,604800,0.2,240666,audio,clusters_marked_free,partial,0.73
file_a401424f,ext4,HDD,604800,0.2,125842,document,clusters_marked_free,partial,0.26
file_3dd23a79,ext4,HDD,604800,0.2,243026,document,clusters_marked_free,partial,0.52
file_e0c4e19e,ext4,HDD,604800,0.2,109757,image,clusters_marked_free,partial,0.7
file_b3384a81,ext4,HDD,604800,0.2,298508,document,clusters_marked_free,partial,0.3
file_ebfb99a8,ext4,HDD,604800,0.2,421659,audio,clusters_marked_free,partial,0.53
file_38faca10,ext4,HDD,604800,0.2,109468,document,clusters_marked_free,partial,0.34
file_0e972293,ext4,HDD,604800,0.2,345706,document,clusters_marked_free,partial,0.56
file_773ccb56,ext4,HDD,604800,0.2,201063,document,clusters_marked_free,partial,0.36
file_77d81529,ext4,HDD,604800,0.2,115402,image,clusters_marked_free,partial,0.36
file_499c4d01,ext4,HDD,604800,0.2,323384,document,clusters_marked_free,partial,0.6
file_d404de52,ext4,HDD,604800,0.2,228565,image,clusters_marked_free,partial,0.35
file_5145b26b,ext4,HDD,604800,0.2,815388,audio,clusters_marked_free,partial,0.44
file_4f2627c0,ext4,HDD,604800,0.2,127391,document,clusters_marked_free,partial,0.56
file_957bf925,ext4,HDD,604800,0.2,216051,document,clusters_marked_free,partial,0.62
file_10c84188,ext4,HDD,604800,0.5,294699,document,overwritten,none,0.0
file_589ff334,ext4,HDD,604800,0.5,174281,image,overwritten,none,0.0
file_5ce9cb2f,ext4,HDD,604800,0.5,415171,document,overwritten,none,0.0
file_675f292d,ext4,HDD,604800,0.5,224377,document,overwritten,none,0.0
file_51e68438,ext4,HDD,604800,0.5,565648,audio,overwritten,none,0.0
file_7b91f461,ext4,HDD,604800,0.5,280088,database,overwritten,none,0.0
file_2b81c642,ext4,HDD,604800,0.5,90820,database,overwritten,none,0.0
file_1318be7d,ext4,HDD,604800,0.5,374365,document,overwritten,none,0.0
file_b8bcefd5,ext4,HDD,604800,0.5,138102,database,overwritten,partial,0.79
file_6587658b,ext4,HDD,604800,0.5,225167,document,overwritten,none,0.0
file_00d69305,ext4,HDD,604800,0.5,178754,document,overwritten,none,0.0
file_d8d57bee,ext4,HDD,604800,0.5,169931,database,overwritten,none,0.0
file_59c6a353,ext4,HDD,604800,0.5,478160,document,overwritten,none,0.0
file_3032bbb3,ext4,HDD,604800,0.5,624252,audio,overwritten,none,0.0
file_90944d45,ext4,HDD,604800,0.5,202836,image,overwritten,none,0.0
file_267c46c5,ext4,HDD,604800,0.8,459828,document,overwritten,none,0.0
file_cf2ce901,ext4,HDD,604800,0.8,904505,audio,overwritten,none,0.0
file_49ca96e1,ext4,HDD,604800,0.8,111483,database,overwritten,none,0.0
file_a46dc520,ext4,HDD,604800,0.8,334159,audio,overwritten,none,0.0
file_87f29807,ext4,HDD,604800,0.8,456365,document,overwritten,none,0.0
file_2fba78d9,ext4,HDD,604800,0.8,108262,image,overwritten,none,0.0
file_1e1e6e07,ext4,HDD,604800,0.8,274868,document,overwritten,none,0.0
file_f25c227b,ext4,HDD,604800,0.8,323144,document,overwritten,none,0.0
file_b20d578b,ext4,HDD,604800,0.8,216125,database,overwritten,none,0.0
file_a563b9b0,ext4,HDD,604800,0.8,173789,image,overwritten,none,0.0
file_9e926e62,ext4,HDD,604800,0.8,755575,audio,overwritten,none,0.0
file_86d88cdd,ext4,HDD,604800,0.8,89525,image,overwritten,none,0.0
file_a0d63aeb,ext4,HDD,604800,0.8,298053,database,overwritten,none,0.0
file_7c159b1f,ext4,HDD,604800,0.8,350181,audio,overwritten,none,0.0
file_5af82f3b,ext4,HDD,604800,0.8,548787,audio,overwritten,none,0.0
file_a2066848,ext4,SSD_TRIM_ON,0,0.2,264319,document,entry_present,full,1.0
file_9eebcb33,ext4,SSD_TRIM_ON,0,0.2,402136,document,entry_present,full,1.0
file_4a0bc1c3,ext4,SSD_TRIM_ON,0,0.2,292318,audio,entry_present,full,1.0
file_b50bc625,ext4,SSD_TRIM_ON,0,0.2,700590,audio,entry_present,full,1.0
file_93e39082,ext4,SSD_TRIM_ON,0,0.2,189927,image,entry_present,full,1.0
file_aa25c1ef,ext4,SSD_TRIM_ON,0,0.2,358414,document,entry_present,full,1.0
file_b5c0c1c3,ext4,SSD_TRIM_ON,0,0.2,214282,image,entry_present,full,1.0
file_fbbfd6e4,ext4,SSD_TRIM_ON,0,0.2,147596,document,entry_present,full,1.0
file_2336c46d,ext4,SSD_TRIM_ON,0,0.2,218316,database,entry_present,full,1.0
file_2159dec1,ext4,SSD_TRIM_ON,0,0.2,319036,document,entry_present,full,1.0
file_8a249758,ext4,SSD_TRIM_ON,0,0.2,201394,database,entry_present,none,0.0
file_1a903a71,ext4,SSD_TRIM_ON,0,0.2,336994,document,entry_present,full,1.0
file_b0688494,ext4,SSD_TRIM_ON,0,0.2,186446,document,entry_present,full,1.0
file_4e51242d,ext4,SSD_TRIM_ON,0,0.2,217608,document,entry_present,full,1.0
file_a184a06d,ext4,SSD_TRIM_ON,0,0.2,210724,document,entry_present,full,1.0
file_51a6ae14,ext4,SSD_TRIM_ON,0,0.5,99589,document,entry_present,full,1.0
file_7fd0e500,ext4,SSD_TRIM_ON,0,0.5,360354,document,entry_present,full,1.0
file_1612cd9e,ext4,SSD_TRIM_ON,0,0.5,221328,image,entry_present,full,1.0
file_51ae87ca,ext4,SSD_TRIM_ON,0,0.5,230813,image,entry_present,full,1.0
file_f2284107,ext4,SSD_TRIM_ON,0,0.5,328720,document,entry_present,full,1.0
file_67db47fe,ext4,SSD_TRIM_ON,0,0.5,464480,document,entry_present,full,1.0
file_daf62d29,ext4,SSD_TRIM_ON,0,0.5,223665,image,entry_present,full,1.0
file_083bd793,ext4,SSD_TRIM_ON,0,0.5,222763,database,entry_present,full,1.0
file_e954f3f1,ext4,SSD_TRIM_ON,0,0.5,252420,database,entry_present,full,1.0
file_4cd3eb71,ext4,SSD_TRIM_ON,0,0.5,139775,document,entry_present,full,1.0
file_3a1b0061,ext4,SSD_TRIM_ON,0,0.5,354279,document,entry_present,none,0.0
file_7b236512,ext4,SSD_TRIM_ON,0,0.5,294830,document,entry_present,full,1.0
file_effda343,ext4,SSD_TRIM_ON,0,0.5,460817,document,entry_present,full,1.0
file_595066cc,ext4,SSD_TRIM_ON,0,0.5,202948,document,entry_present,full,1.0
file_fdf92c85,ext4,SSD_TRIM_ON,0,0.5,239380,database,entry_present,full,1.0
file_3caefa76,ext4,SSD_TRIM_ON,0,0.8,184140,image,entry_present,full,1.0
file_7290b588,ext4,SSD_TRIM_ON,0,0.8,339469,document,entry_present,partial,0.41
file_ed32a2da,ext4,SSD_TRIM_ON,0,0.8,252512,audio,entry_present,full,1.0
file_1edabef1,ext4,SSD_TRIM_ON,0,0.8,268856,document,entry_present,full,1.0
file_22593718,ext4,SSD_TRIM_ON,0,0.8,303344,document,entry_present,full,1.0
file_1292f8dc,ext4,SSD_TRIM_ON,0,0.8,52535,image,entry_present,full,1.0
file_ea5c6128,ext4,SSD_TRIM_ON,0,0.8,272312,document,entry_present,full,1.0
file_a9a56555,ext4,SSD_TRIM_ON,0,0.8,147680,image,entry_present,full,1.0
file_b1b7b747,ext4,SSD_TRIM_ON,0,0.8,159680,document,entry_present,full,1.0
file_4d206182,ext4,SSD_TRIM_ON,0,0.8,923415,audio,entry_present,full,1.0
file_a47bb42e,ext4,SSD_TRIM_ON,0,0.8,880364,audio,entry_present,full,1.0
file_8133a56a,ext4,SSD_TRIM_ON,0,0.8,91784,image,entry_present,full,1.0
file_774fa72c,ext4,SSD_TRIM_ON,0,0.8,190530,database,entry_present,full,1.0
file_d173ce7c,ext4,SSD_TRIM_ON,0,0.8,576018,audio,entry_present,full,1.0
file_a6233022,ext4,SSD_TRIM_ON,0,0.8,353272,document,entry_present,full,1.0
file_466adeb9,ext4,SSD_TRIM_ON,600,0.2,66603,image,clusters_marked_free,none,0.0
file_b1882771,ext4,SSD_TRIM_ON,600,0.2,86480,document,clusters_marked_free,none,0.0
file_622e3c4c,ext4,SSD_TRIM_ON,600,0.2,253732,database,clusters_marked_free,none,0.0
file_5d1ea647,ext4,SSD_TRIM_ON,600,0.2,352157,document,clusters_marked_free,partial,0.61
file_ec54f03e,ext4,SSD_TRIM_ON,600,0.2,352669,document,clusters_marked_free,none,0.0
file_29d8cc9d,ext4,SSD_TRIM_ON,600,0.2,355875,audio,clusters_marked_free,none,0.0
file_c05b866b,ext4,SSD_TRIM_ON,600,0.2,53052,image,clusters_marked_free,none,0.0
file_8ff4ec85,ext4,SSD_TRIM_ON,600,0.2,365063,document,clusters_marked_free,none,0.0
file_26a87fdb,ext4,SSD_TRIM_ON,600,0.2,246982,image,clusters_marked_free,none,0.0
file_9352d2ec,ext4,SSD_TRIM_ON,600,0.2,273484,document,clusters_marked_free,none,0.0
file_6e1c6058,ext4,SSD_TRIM_ON,600,0.2,622866,audio,clusters_marked_free,none,0.0
file_c3e54a94,ext4,SSD_TRIM_ON,600,0.2,170348,image,clusters_marked_free,partial,0.52
file_8a565186,ext4,SSD_TRIM_ON,600,0.2,142236,document,clusters_marked_free,none,0.0
file_ab0a7476,ext4,SSD_TRIM_ON,600,0.2,76907,image,clusters_marked_free,none,0.0
file_d6f397f1,ext4,SSD_TRIM_ON,600,0.2,208388,image,clusters_marked_free,none,0.0
file_396b2aad,ext4,SSD_TRIM_ON,600,0.5,346515,document,clusters_marked_free,none,0.0
file_c27d4de4,ext4,SSD_TRIM_ON,600,0.5,270496,document,clusters_marked_free,none,0.0
file_f7f4db89,ext4,SSD_TRIM_ON,600,0.5,338267,document,clusters_marked_free,none,0.0
file_526bfadf,ext4,SSD_TRIM_ON,600,0.5,317257,document,clusters_marked_free,partial,0.67
file_4bb11708,ext4,SSD_TRIM_ON,600,0.5,101151,document,clusters_marked_free,none,0.0
file_7749a726,ext4,SSD_TRIM_ON,600,0.5,367147,document,clusters_marked_free,none,0.0
file_26d50999,ext4,SSD_TRIM_ON,600,0.5,62000,image,clusters_marked_free,none,0.0
file_1351ffaf,ext4,SSD_TRIM_ON,600,0.5,312157,audio,clusters_marked_free,none,0.0
file_9a0a716b,ext4,SSD_TRIM_ON,600,0.5,198326,document,clusters_marked_free,none,0.0
file_5e4c26f0,ext4,SSD_TRIM_ON,600,0.5,475803,document,clusters_marked_free,none,0.0
file_c255ad0b,ext4,SSD_TRIM_ON,600,0.5,248759,audio,clusters_marked_free,none,0.0
file_5162c924,ext4,SSD_TRIM_ON,600,0.5,679605,audio,clusters_marked_free,none,0.0
file_0c6d855b,ext4,SSD_TRIM_ON,600,0.5,99294,database,clusters_marked_free,none,0.0
file_5c56c0d3,ext4,SSD_TRIM_ON,600,0.5,177458,database,clusters_marked_free,none,0.0
file_d280234c,ext4,SSD_TRIM_ON,600,0.5,733025,audio,clusters_marked_free,none,0.0
file_69b6ac39,ext4,SSD_TRIM_ON,600,0.8,482989,document,clusters_marked_free,none,0.0
file_52690ecb,ext4,SSD_TRIM_ON,600,0.8,151556,image,clusters_marked_free,none,0.0
file_aef84f4f,ext4,SSD_TRIM_ON,600,0.8,639001,audio,clusters_marked_free,none,0.0
file_904b477c,ext4,SSD_TRIM_ON,600,0.8,243443,document,clusters_marked_free,none,0.0
file_dd2c5f5b,ext4,SSD_TRIM_ON,600,0.8,172446,document,clusters_marked_free,none,0.0
file_8bb9645f,ext4,SSD_TRIM_ON,600,0.8,142358,database,clusters_marked_free,none,0.0
file_408a1ad1,ext4,SSD_TRIM_ON,600,0.8,229827,database,clusters_marked_free,none,0.0
file_ac859b35,ext4,SSD_TRIM_ON,600,0.8,427243,document,clusters_marked_free,none,0.0
file_3c062644,ext4,SSD_TRIM_ON,600,0.8,472452,document,clusters_marked_free,none,0.0
file_8e9a2bef,ext4,SSD_TRIM_ON,600,0.8,364185,document,clusters_marked_free,none,0.0
file_75da7c39,ext4,SSD_TRIM_ON,600,0.8,374796,document,clusters_marked_free,none,0.0
file_e093614b,ext4,SSD_TRIM_ON,600,0.8,238891,database,clusters_marked_free,none,0.0
file_873fcefa,ext4,SSD_TRIM_ON,600,0.8,138954,database,clusters_marked_free,none,0.0
file_bb6a13fd,ext4,SSD_TRIM_ON,600,0.8,213390,audio,clusters_marked_free,none,0.0
file_f242cd7b,ext4,SSD_TRIM_ON,600,0.8,102403,image,clusters_marked_free,none,0.0
file_e3e6775f,ext4,SSD_TRIM_ON,3600,0.2,250269,document,clusters_marked_free,none,0.0
file_98d1c457,ext4,SSD_TRIM_ON,3600,0.2,186955,document,clusters_marked_free,none,0.0
file_ebd7bc89,ext4,SSD_TRIM_ON,3600,0.2,144026,image,clusters_marked_free,none,0.0
file_f85826e8,ext4,SSD_TRIM_ON,3600,0.2,290713,database,clusters_marked_free,none,0.0
file_87e20e4d,ext4,SSD_TRIM_ON,3600,0.2,165944,database,clusters_marked_free,none,0.0
file_0f09d7a6,ext4,SSD_TRIM_ON,3600,0.2,104630,document,clusters_marked_free,none,0.0
file_f7821b31,ext4,SSD_TRIM_ON,3600,0.2,636801,audio,clusters_marked_free,none,0.0
file_13492120,ext4,SSD_TRIM_ON,3600,0.2,78103,database,clusters_marked_free,partial,0.39
file_64ec3cec,ext4,SSD_TRIM_ON,3600,0.2,291763,database,clusters_marked_free,none,0.0
file_1ce6e686,ext4,SSD_TRIM_ON,3600,0.2,388483,document,clusters_marked_free,none,0.0
file_ee1b5836,ext4,SSD_TRIM_ON,3600,0.2,115503,database,clusters_marked_free,none,0.0
file_da9ef358,ext4,SSD_TRIM_ON,3600,0.2,457909,document,clusters_marked_free,partial,0.78
file_b17c924e,ext4,SSD_TRIM_ON,3600,0.2,95287,database,clusters_marked_free,none,0.0
file_935dc0c0,ext4,SSD_TRIM_ON,3600,0.2,184373,document,clusters_marked_free,none,0.0
file_77137d86,ext4,SSD_TRIM_ON,3600,0.2,82959,document,clusters_marked_free,none,0.0
file_f2aba6bc,ext4,SSD_TRIM_ON,3600,0.5,269151,document,clusters_marked_free,none,0.0
file_d353ca48,ext4,SSD_TRIM_ON,3600,0.5,285024,database,clusters_marked_free,none,0.0
file_df8a1605,ext4,SSD_TRIM_ON,3600,0.5,118210,document,clusters_marked_free,none,0.0
file_46c7433d,ext4,SSD_TRIM_ON,3600,0.5,355458,document,clusters_marked_free,none,0.0
file_06c4bb2d,ext4,SSD_TRIM_ON,3600,0.5,105778,database,clusters_marked_free,none,0.0
file_35de6455,ext4,SSD_TRIM_ON,3600,0.5,169753,database,clusters_marked_free,none,0.0
file_57bbdfde,ext4,SSD_TRIM_ON,3600,0.5,253574,document,clusters_marked_free,none,0.0
file_4766c336,ext4,SSD_TRIM_ON,3600,0.5,494608,document,clusters_marked_free,none,0.0
file_6a906431,ext4,SSD_TRIM_ON,3600,0.5,80073,image,clusters_marked_free,none,0.0
file_fd92a6ca,ext4,SSD_TRIM_ON,3600,0.5,452023,audio,clusters_marked_free,none,0.0
file_774116f6,ext4,SSD_TRIM_ON,3600,0.5,228926,image,clusters_marked_free,none,0.0
file_b6c59be7,ext4,SSD_TRIM_ON,3600,0.5,318881,audio,clusters_marked_free,none,0.0
file_a082c59c,ext4,SSD_TRIM_ON,3600,0.5,279510,database,clusters_marked_free,none,0.0
file_e75e481e,ext4,SSD_TRIM_ON,3600,0.5,274453,database,clusters_marked_free,none,0.0
file_1df4c07c,ext4,SSD_TRIM_ON,3600,0.5,267936,document,clusters_marked_free,none,0.0
file_ad70e556,ext4,SSD_TRIM_ON,3600,0.8,93881,image,clusters_marked_free,none,0.0
file_53cb10f0,ext4,SSD_TRIM_ON,3600,0.8,105255,image,clusters_marked_free,none,0.0
file_bbd0de13,ext4,SSD_TRIM_ON,3600,0.8,459349,document,clusters_marked_free,none,0.0
file_ba6b1c84,ext4,SSD_TRIM_ON,3600,0.8,877968,audio,clusters_marked_free,none,0.0
file_aba990ec,ext4,SSD_TRIM_ON,3600,0.8,245792,image,clusters_marked_free,none,0.0
file_630b9cce,ext4,SSD_TRIM_ON,3600,0.8,72943,image,clusters_marked_free,none,0.0
file_b376d7ef,ext4,SSD_TRIM_ON,3600,0.8,232072,document,clusters_marked_free,none,0.0
file_8381dd32,ext4,SSD_TRIM_ON,3600,0.8,293716,document,clusters_marked_free,none,0.0
file_d938131f,ext4,SSD_TRIM_ON,3600,0.8,654059,audio,clusters_marked_free,none,0.0
file_bb083e64,ext4,SSD_TRIM_ON,3600,0.8,218145,image,clusters_marked_free,none,0.0
file_c3a12be7,ext4,SSD_TRIM_ON,3600,0.8,248170,image,clusters_marked_free,none,0.0
file_e60234ee,ext4,SSD_TRIM_ON,3600,0.8,343631,document,clusters_marked_free,none,0.0
file_b337b29c,ext4,SSD_TRIM_ON,3600,0.8,398015,document,clusters_marked_free,none,0.0
file_22cc2d79,ext4,SSD_TRIM_ON,3600,0.8,892818,audio,clusters_marked_free,partial,0.34
file_7da27558,ext4,SSD_TRIM_ON,3600,0.8,171503,document,clusters_marked_free,none,0.0
file_37f76a46,ext4,SSD_TRIM_ON,86400,0.2,155537,document,clusters_marked_free,none,0.0
file_767f8264,ext4,SSD_TRIM_ON,86400,0.2,85845,document,clusters_marked_free,none,0.0
file_84d4abd7,ext4,SSD_TRIM_ON,86400,0.2,200134,image,clusters_marked_free,none,0.0
file_0b1bf3e3,ext4,SSD_TRIM_ON,86400,0.2,207530,database,clusters_marked_free,none,0.0
file_35d6e611,ext4,SSD_TRIM_ON,86400,0.2,191011,document,clusters_marked_free,none,0.0
file_8711808d,ext4,SSD_TRIM_ON,86400,0.2,101343,database,clusters_marked_free,none,0.0
file_da029bee,ext4,SSD_TRIM_ON,86400,0.2,160095,document,clusters_marked_free,none,0.0
file_66aad97f,ext4,SSD_TRIM_ON,86400,0.2,287412,database,clusters_marked_free,none,0.0
file_8d13075a,ext4,SSD_TRIM_ON,86400,0.2,184917,database,clusters_marked_free,none,0.0
file_d4e1c891,ext4,SSD_TRIM_ON,86400,0.2,126192,image,clusters_marked_free,none,0.0
file_87b0bac0,ext4,SSD_TRIM_ON,86400,0.2,191714,database,clusters_marked_free,none,0.0
file_33cea2f6,ext4,SSD_TRIM_ON,86400,0.2,147221,document,clusters_marked_free,none,0.0
file_1b1aecee,ext4,SSD_TRIM_ON,86400,0.2,100724,image,clusters_marked_free,none,0.0
file_fd3cb7a1,ext4,SSD_TRIM_ON,86400,0.2,544295,audio,clusters_marked_free,none,0.0
file_d310894b,ext4,SSD_TRIM_ON,86400,0.2,212599,database,clusters_marked_free,none,0.0
file_a9033a05,ext4,SSD_TRIM_ON,86400,0.5,304556,document,clusters_marked_free,none,0.0
file_2b69c78e,ext4,SSD_TRIM_ON,86400,0.5,490119,audio,clusters_marked_free,none,0.0
file_898e298a,ext4,SSD_TRIM_ON,86400,0.5,456295,document,clusters_marked_free,none,0.0
file_3acc1c66,ext4,SSD_TRIM_ON,86400,0.5,240155,document,clusters_marked_free,none,0.0
file_e1d4fdf4,ext4,SSD_TRIM_ON,86400,0.5,96077,image,clusters_marked_free,none,0.0
file_665d29a3,ext4,SSD_TRIM_ON,86400,0.5,382390,document,clusters_marked_free,none,0.0
file_077840e5,ext4,SSD_TRIM_ON,86400,0.5,240690,image,clusters_marked_free,none,0.0
file_9d4775f1,ext4,SSD_TRIM_ON,86400,0.5,202539,image,clusters_marked_free,none,0.0
file_11aaba26,ext4,SSD_TRIM_ON,86400,0.5,119773,database,clusters_marked_free,none,0.0
file_646df646,ext4,SSD_TRIM_ON,86400,0.5,187759,database,clusters_marked_free,none,0.0
file_3a3fd3dd,ext4,SSD_TRIM_ON,86400,0.5,291794,document,clusters_marked_free,none,0.0
file_e9c108d3,ext4,SSD_TRIM_ON,86400,0.5,150192,document,clusters_marked_free,none,0.0
file_3494af73,ext4,SSD_TRIM_ON,86400,0.5,87738,database,clusters_marked_free,none,0.0
file_8215ed0d,ext4,SSD_TRIM_ON,86400,0.5,243348,database,clusters_marked_free,none,0.0
file_5e0bb6ab,ext4,SSD_TRIM_ON,86400,0.5,100797,database,clusters_marked_free,none,0.0
file_a69164a1,ext4,SSD_TRIM_ON,86400,0.8,485833,document,clusters_marked_free,none,0.0
file_a1f87ab4,ext4,SSD_TRIM_ON,86400,0.8,101191,document,clusters_marked_free,none,0.0
file_863bec41,ext4,SSD_TRIM_ON,86400,0.8,202693,document,clusters_marked_free,partial,0.36
file_493bb31f,ext4,SSD_TRIM_ON,86400,0.8,283472,document,clusters_marked_free,partial,0.79
file_4fc45051,ext4,SSD_TRIM_ON,86400,0.8,134119,document,clusters_marked_free,none,0.0
file_4190c4ce,ext4,SSD_TRIM_ON,86400,0.8,230085,database,clusters_marked_free,none,0.0
file_d11f4ceb,ext4,SSD_TRIM_ON,86400,0.8,213464,database,clusters_marked_free,none,0.0
file_7f7e47b4,ext4,SSD_TRIM_ON,86400,0.8,583041,audio,clusters_marked_free,partial,0.39
file_290f8ba1,ext4,SSD_TRIM_ON,86400,0.8,370727,document,clusters_marked_free,none,0.0
file_138eaad0,ext4,SSD_TRIM_ON,86400,0.8,335255,document,clusters_marked_free,full,1.0
file_e18482e5,ext4,SSD_TRIM_ON,86400,0.8,330633,document,clusters_marked_free,none,0.0
file_f7703371,ext4,SSD_TRIM_ON,86400,0.8,184883,image,clusters_marked_free,none,0.0
file_1f3d88fd,ext4,SSD_TRIM_ON,86400,0.8,395632,document,clusters_marked_free,none,0.0
file_7cc466be,ext4,SSD_TRIM_ON,86400,0.8,223305,image,clusters_marked_free,none,0.0
file_54d28f6b,ext4,SSD_TRIM_ON,86400,0.8,908029,audio,clusters_marked_free,none,0.0
file_4518b4ce,ext4,SSD_TRIM_ON,604800,0.2,409744,document,clusters_marked_free,partial,0.27
file_b75eb96e,ext4,SSD_TRIM_ON,604800,0.2,219280,database,clusters_marked_free,none,0.0
file_9cf0fb4b,ext4,SSD_TRIM_ON,604800,0.2,74273,database,clusters_marked_free,none,0.0
file_827d009d,ext4,SSD_TRIM_ON,604800,0.2,370868,document,clusters_marked_free,none,0.0
file_f4f374cd,ext4,SSD_TRIM_ON,604800,0.2,211745,database,clusters_marked_free,none,0.0
file_3b365899,ext4,SSD_TRIM_ON,604800,0.2,124956,document,clusters_marked_free,none,0.0
file_2b106830,ext4,SSD_TRIM_ON,604800,0.2,187578,database,clusters_marked_free,none,0.0
file_91c53643,ext4,SSD_TRIM_ON,604800,0.2,101411,database,clusters_marked_free,none,0.0
file_f38277a1,ext4,SSD_TRIM_ON,604800,0.2,426742,document,clusters_marked_free,none,0.0
file_e5628e40,ext4,SSD_TRIM_ON,604800,0.2,317748,document,clusters_marked_free,none,0.0
file_16c6b66d,ext4,SSD_TRIM_ON,604800,0.2,110244,image,clusters_marked_free,partial,0.54
file_9c8894cf,ext4,SSD_TRIM_ON,604800,0.2,243402,database,clusters_marked_free,none,0.0
file_a85f10a6,ext4,SSD_TRIM_ON,604800,0.2,417462,document,clusters_marked_free,none,0.0
file_1d19696a,ext4,SSD_TRIM_ON,604800,0.2,189311,image,clusters_marked_free,none,0.0
file_8e4888cf,ext4,SSD_TRIM_ON,604800,0.2,74429,image,clusters_marked_free,none,0.0
file_4c9b6ac8,ext4,SSD_TRIM_ON,604800,0.5,227880,image,overwritten,none,0.0
file_5fb8d5f4,ext4,SSD_TRIM_ON,604800,0.5,174279,database,overwritten,none,0.0
file_15fbdb09,ext4,SSD_TRIM_ON,604800,0.5,352771,document,overwritten,none,0.0
file_029dbae7,ext4,SSD_TRIM_ON,604800,0.5,567544,audio,overwritten,none,0.0
file_e95861d7,ext4,SSD_TRIM_ON,604800,0.5,89615,database,overwritten,none,0.0
file_bd23c054,ext4,SSD_TRIM_ON,604800,0.5,330159,document,overwritten,none,0.0
file_71871016,ext4,SSD_TRIM_ON,604800,0.5,293839,database,overwritten,none,0.0
file_f0a0ff6f,ext4,SSD_TRIM_ON,604800,0.5,179101,document,overwritten,full,1.0
file_099278f8,ext4,SSD_TRIM_ON,604800,0.5,94888,database,overwritten,none,0.0
file_b6516262,ext4,SSD_TRIM_ON,604800,0.5,886341,audio,overwritten,none,0.0
file_44176d28,ext4,SSD_TRIM_ON,604800,0.5,90574,image,overwritten,none,0.0
file_2785bb07,ext4,SSD_TRIM_ON,604800,0.5,130488,database,overwritten,none,0.0
file_8783cea4,ext4,SSD_TRIM_ON,604800,0.5,136236,database,overwritten,none,0.0
file_a0a8c365,ext4,SSD_TRIM_ON,604800,0.5,991645,audio,overwritten,none,0.0
file_1cd0f02e,ext4,SSD_TRIM_ON,604800,0.5,294098,document,overwritten,none,0.0
file_c3625a8c,ext4,SSD_TRIM_ON,604800,0.8,466105,audio,overwritten,none,0.0
file_315b0c66,ext4,SSD_TRIM_ON,604800,0.8,971523,audio,overwritten,none,0.0
file_745d5686,ext4,SSD_TRIM_ON,604800,0.8,246035,image,overwritten,none,0.0
file_31741169,ext4,SSD_TRIM_ON,604800,0.8,106218,image,overwritten,none,0.0
file_0e9633bf,ext4,SSD_TRIM_ON,604800,0.8,368660,document,overwritten,partial,0.46
file_04da7d13,ext4,SSD_TRIM_ON,604800,0.8,73878,image,overwritten,none,0.0
file_43e3a3c5,ext4,SSD_TRIM_ON,604800,0.8,829402,audio,overwritten,none,0.0
file_c825515c,ext4,SSD_TRIM_ON,604800,0.8,209653,image,overwritten,partial,0.46
file_0e51e3d5,ext4,SSD_TRIM_ON,604800,0.8,843789,audio,overwritten,none,0.0
file_6e42dfe8,ext4,SSD_TRIM_ON,604800,0.8,95946,image,overwritten,none,0.0
file_42a689cb,ext4,SSD_TRIM_ON,604800,0.8,211230,audio,overwritten,none,0.0
file_5ddba307,ext4,SSD_TRIM_ON,604800,0.8,182103,document,overwritten,partial,0.58
file_2c12180b,ext4,SSD_TRIM_ON,604800,0.8,247094,database,overwritten,partial,0.38
file_555f9cdf,ext4,SSD_TRIM_ON,604800,0.8,91273,image,overwritten,none,0.0
file_d456accf,ext4,SSD_TRIM_ON,604800,0.8,289418,document,overwritten,none,0.0
file_91764b64,ext4,SSD_TRIM_OFF,0,0.2,68028,database,entry_present,full,1.0
file_2d7aac0f,ext4,SSD_TRIM_OFF,0,0.2,73636,image,entry_present,full,1.0
file_ffc887b9,ext4,SSD_TRIM_OFF,0,0.2,155251,database,entry_present,full,1.0
file_5dc38e90,ext4,SSD_TRIM_OFF,0,0.2,198644,document,entry_present,full,1.0
file_8c2a50a1,ext4,SSD_TRIM_OFF,0,0.2,65219,database,entry_present,full,1.0
file_3368c408,ext4,SSD_TRIM_OFF,0,0.2,730829,audio,entry_present,full,1.0
file_91f5e0e7,ext4,SSD_TRIM_OFF,0,0.2,184555,image,entry_present,partial,0.73
file_89ba6200,ext4,SSD_TRIM_OFF,0,0.2,129573,database,entry_present,full,1.0
file_4dd0f996,ext4,SSD_TRIM_OFF,0,0.2,497134,document,entry_present,full,1.0
file_24e38094,ext4,SSD_TRIM_OFF,0,0.2,914703,audio,entry_present,full,1.0
file_d89aa554,ext4,SSD_TRIM_OFF,0,0.2,117585,image,entry_present,full,1.0
file_3063afaf,ext4,SSD_TRIM_OFF,0,0.2,454897,document,entry_present,full,1.0
file_ab3e5af1,ext4,SSD_TRIM_OFF,0,0.2,350796,document,entry_present,full,1.0
file_02e3aeba,ext4,SSD_TRIM_OFF,0,0.2,210158,document,entry_present,full,1.0
file_a45592e1,ext4,SSD_TRIM_OFF,0,0.2,119860,document,entry_present,full,1.0
file_d07814ec,ext4,SSD_TRIM_OFF,0,0.5,349852,document,entry_present,full,1.0
file_fe81cc79,ext4,SSD_TRIM_OFF,0,0.5,491200,document,entry_present,full,1.0
file_0f98a8a3,ext4,SSD_TRIM_OFF,0,0.5,361619,document,entry_present,full,1.0
file_a9dbf684,ext4,SSD_TRIM_OFF,0,0.5,188411,document,entry_present,full,1.0
file_890beeb7,ext4,SSD_TRIM_OFF,0,0.5,424322,document,entry_present,full,1.0
file_cf578d57,ext4,SSD_TRIM_OFF,0,0.5,227160,image,entry_present,partial,0.52
file_68afd5af,ext4,SSD_TRIM_OFF,0,0.5,191944,image,entry_present,full,1.0
file_46202517,ext4,SSD_TRIM_OFF,0,0.5,338128,document,entry_present,full,1.0
file_52e84e20,ext4,SSD_TRIM_OFF,0,0.5,291742,database,entry_present,full,1.0
file_b25b87c7,ext4,SSD_TRIM_OFF,0,0.5,137470,database,entry_present,full,1.0
file_75185a92,ext4,SSD_TRIM_OFF,0,0.5,97618,database,entry_present,full,1.0
file_baf0e64c,ext4,SSD_TRIM_OFF,0,0.5,72536,database,entry_present,full,1.0
file_12c9aec2,ext4,SSD_TRIM_OFF,0,0.5,919678,audio,entry_present,full,1.0
file_782eaf82,ext4,SSD_TRIM_OFF,0,0.5,184604,database,entry_present,full,1.0
file_5038b580,ext4,SSD_TRIM_OFF,0,0.5,53098,image,entry_present,full,1.0
file_32114165,ext4,SSD_TRIM_OFF,0,0.8,216157,document,entry_present,full,1.0
file_155a14f0,ext4,SSD_TRIM_OFF,0,0.8,204329,document,entry_present,full,1.0
file_3d6f865e,ext4,SSD_TRIM_OFF,0,0.8,361499,document,entry_present,partial,0.48
file_bf097bc7,ext4,SSD_TRIM_OFF,0,0.8,271406,document,entry_present,full,1.0
file_8a4d75e4,ext4,SSD_TRIM_OFF,0,0.8,401933,document,entry_present,full,1.0
file_91393f61,ext4,SSD_TRIM_OFF,0,0.8,238957,image,entry_present,full,1.0
file_5a987847,ext4,SSD_TRIM_OFF,0,0.8,405587,audio,entry_present,full,1.0
file_a2fd9914,ext4,SSD_TRIM_OFF,0,0.8,347981,document,entry_present,full,1.0
file_58faf0d4,ext4,SSD_TRIM_OFF,0,0.8,203980,database,entry_present,full,1.0
file_de315bbb,ext4,SSD_TRIM_OFF,0,0.8,514608,audio,entry_present,full,1.0
file_717f8291,ext4,SSD_TRIM_OFF,0,0.8,231021,image,entry_present,full,1.0
file_87ddc8eb,ext4,SSD_TRIM_OFF,0,0.8,233321,document,entry_present,full,1.0
file_641b909c,ext4,SSD_TRIM_OFF,0,0.8,216193,document,entry_present,full,1.0
file_83432c11,ext4,SSD_TRIM_OFF,0,0.8,210143,database,entry_present,full,1.0
file_eaa21614,ext4,SSD_TRIM_OFF,0,0.8,142036,image,entry_present,full,1.0
file_8862ad79,ext4,SSD_TRIM_OFF,600,0.2,116155,database,clusters_marked_free,full,1.0
file_90d6d38f,ext4,SSD_TRIM_OFF,600,0.2,266179,document,clusters_marked_free,full,1.0
file_b7d3afbc,ext4,SSD_TRIM_OFF,600,0.2,191793,database,clusters_marked_free,full,1.0
file_abd0e398,ext4,SSD_TRIM_OFF,600,0.2,139110,database,clusters_marked_free,full,1.0
file_dffdabb5,ext4,SSD_TRIM_OFF,600,0.2,187857,document,clusters_marked_free,full,1.0
file_b98dadd5,ext4,SSD_TRIM_OFF,600,0.2,213851,database,clusters_marked_free,full,1.0
file_ba536514,ext4,SSD_TRIM_OFF,600,0.2,70738,image,clusters_marked_free,full,1.0
file_06828553,ext4,SSD_TRIM_OFF,600,0.2,220232,document,clusters_marked_free,full,1.0
file_0f876d11,ext4,SSD_TRIM_OFF,600,0.2,484424,audio,clusters_marked_free,full,1.0
file_0f4eb885,ext4,SSD_TRIM_OFF,600,0.2,200560,database,clusters_marked_free,partial,0.48
file_1b09d253,ext4,SSD_TRIM_OFF,600,0.2,112111,document,clusters_marked_free,full,1.0
file_ee13c0a4,ext4,SSD_TRIM_OFF,600,0.2,105200,image,clusters_marked_free,full,1.0
file_e6649ad1,ext4,SSD_TRIM_OFF,600,0.2,75048,image,clusters_marked_free,full,1.0
file_3faae6cc,ext4,SSD_TRIM_OFF,600,0.2,154074,image,clusters_marked_free,full,1.0
file_99aac53a,ext4,SSD_TRIM_OFF,600,0.2,77244,image,clusters_marked_free,full,1.0
file_ed12cf09,ext4,SSD_TRIM_OFF,600,0.5,524398,audio,clusters_marked_free,full,1.0
file_1b1c5bf4,ext4,SSD_TRIM_OFF,600,0.5,312343,document,clusters_marked_free,full,1.0
file_791e4c17,ext4,SSD_TRIM_OFF,600,0.5,59215,image,clusters_marked_free,full,1.0
file_65d113a1,ext4,SSD_TRIM_OFF,600,0.5,329642,document,clusters_marked_free,full,1.0
file_1d32257e,ext4,SSD_TRIM_OFF,600,0.5,180613,database,clusters_marked_free,full,1.0
file_c34d2f66,ext4,SSD_TRIM_OFF,600,0.5,110409,database,clusters_marked_free,full,1.0
file_7021bab0,ext4,SSD_TRIM_OFF,600,0.5,178026,database,clusters_marked_free,full,1.0
file_4e7b607e,ext4,SSD_TRIM_OFF,600,0.5,145175,database,clusters_marked_free,full,1.0
file_8b8a7fbf,ext4,SSD_TRIM_OFF,600,0.5,165831,image,clusters_marked_free,full,1.0
file_49964750,ext4,SSD_TRIM_OFF,600,0.5,472427,audio,clusters_marked_free,full,1.0
file_c98570fd,ext4,SSD_TRIM_OFF,600,0.5,280294,document,clusters_marked_free,full,1.0
file_8341085e,ext4,SSD_TRIM_OFF,600,0.5,66180,database,clusters_marked_free,full,1.0
file_d75ce872,ext4,SSD_TRIM_OFF,600,0.5,84788,document,clusters_marked_free,full,1.0
file_17b46339,ext4,SSD_TRIM_OFF,600,0.5,393001,document,clusters_marked_free,full,1.0
file_d5781364,ext4,SSD_TRIM_OFF,600,0.5,787783,audio,clusters_marked_free,full,1.0
file_2701c2cb,ext4,SSD_TRIM_OFF,600,0.8,185600,document,clusters_marked_free,full,1.0
file_292eef3e,ext4,SSD_TRIM_OFF,600,0.8,237877,document,clusters_marked_free,full,1.0
file_d0a684fe,ext4,SSD_TRIM_OFF,600,0.8,370852,document,clusters_marked_free,full,1.0
file_871c811a,ext4,SSD_TRIM_OFF,600,0.8,229252,document,clusters_marked_free,full,1.0
file_fb7edb66,ext4,SSD_TRIM_OFF,600,0.8,276024,database,clusters_marked_free,full,1.0
file_b079817b,ext4,SSD_TRIM_OFF,600,0.8,251831,document,clusters_marked_free,full,1.0
file_0a8b91d5,ext4,SSD_TRIM_OFF,600,0.8,847736,audio,clusters_marked_free,full,1.0
file_05008838,ext4,SSD_TRIM_OFF,600,0.8,90168,document,clusters_marked_free,full,1.0
file_5f29183a,ext4,SSD_TRIM_OFF,600,0.8,69801,database,clusters_marked_free,full,1.0
file_2d0bd47e,ext4,SSD_TRIM_OFF,600,0.8,962427,audio,clusters_marked_free,full,1.0
file_9a7625a7,ext4,SSD_TRIM_OFF,600,0.8,89500,image,clusters_marked_free,full,1.0
file_6d7b75f1,ext4,SSD_TRIM_OFF,600,0.8,589438,audio,clusters_marked_free,full,1.0
file_8022ca46,ext4,SSD_TRIM_OFF,600,0.8,136572,image,clusters_marked_free,full,1.0
file_e5dfdb74,ext4,SSD_TRIM_OFF,600,0.8,285742,document,clusters_marked_free,full,1.0
file_8fca6ccb,ext4,SSD_TRIM_OFF,600,0.8,390425,audio,clusters_marked_free,full,1.0
file_192ce406,ext4,SSD_TRIM_OFF,3600,0.2,81971,image,clusters_marked_free,partial,0.64
file_0bd2cdb2,ext4,SSD_TRIM_OFF,3600,0.2,664478,audio,clusters_marked_free,full,1.0
file_80841515,ext4,SSD_TRIM_OFF,3600,0.2,186613,image,clusters_marked_free,partial,0.36
file_0fdd6ba6,ext4,SSD_TRIM_OFF,3600,0.2,914544,audio,clusters_marked_free,full,1.0
file_ce47a90a,ext4,SSD_TRIM_OFF,3600,0.2,245225,image,clusters_marked_free,full,1.0
file_43a62b5c,ext4,SSD_TRIM_OFF,3600,0.2,96018,database,clusters_marked_free,full,1.0
file_527a1b8c,ext4,SSD_TRIM_OFF,3600,0.2,224770,image,clusters_marked_free,full,1.0
file_d84c95d5,ext4,SSD_TRIM_OFF,3600,0.2,111857,image,clusters_marked_free,full,1.0
file_ce156d3c,ext4,SSD_TRIM_OFF,3600,0.2,386549,document,clusters_marked_free,full,1.0
file_0a1be21a,ext4,SSD_TRIM_OFF,3600,0.2,104681,document,clusters_marked_free,full,1.0
file_aa124525,ext4,SSD_TRIM_OFF,3600,0.2,104630,database,clusters_marked_free,full,1.0
file_f0537cc6,ext4,SSD_TRIM_OFF,3600,0.2,115201,image,clusters_marked_free,full,1.0
file_a5735850,ext4,SSD_TRIM_OFF,3600,0.2,65669,image,clusters_marked_free,full,1.0
file_c323ffc6,ext4,SSD_TRIM_OFF,3600,0.2,467697,document,clusters_marked_free,full,1.0
file_3b5bac8c,ext4,SSD_TRIM_OFF,3600,0.2,372736,document,clusters_marked_free,full,1.0
file_66806cf0,ext4,SSD_TRIM_OFF,3600,0.5,310015,document,clusters_marked_free,full,1.0
file_a7e6a4a7,ext4,SSD_TRIM_OFF,3600,0.5,231437,document,clusters_marked_free,full,1.0
file_35d988be,ext4,SSD_TRIM_OFF,3600,0.5,940951,audio,clusters_marked_free,full,1.0
file_3825c73f,ext4,SSD_TRIM_OFF,3600,0.5,397114,document,clusters_marked_free,full,1.0
file_ece44f9d,ext4,SSD_TRIM_OFF,3600,0.5,249701,document,clusters_marked_free,full,1.0
file_f19b3e1a,ext4,SSD_TRIM_OFF,3600,0.5,106033,database,clusters_marked_free,full,1.0
file_1687a867,ext4,SSD_TRIM_OFF,3600,0.5,335606,document,clusters_marked_free,full,1.0
file_612992c3,ext4,SSD_TRIM_OFF,3600,0.5,217254,image,clusters_marked_free,full,1.0
file_4823fb0f,ext4,SSD_TRIM_OFF,3600,0.5,109814,document,clusters_marked_free,full,1.0
file_1bf9a7c0,ext4,SSD_TRIM_OFF,3600,0.5,113209,document,clusters_marked_free,full,1.0
file_d3005e9e,ext4,SSD_TRIM_OFF,3600,0.5,278708,database,clusters_marked_free,full,1.0
file_56930c6a,ext4,SSD_TRIM_OFF,3600,0.5,104404,database,clusters_marked_free,full,1.0
file_6d2549da,ext4,SSD_TRIM_OFF,3600,0.5,294855,document,clusters_marked_free,full,1.0
file_bf5679cb,ext4,SSD_TRIM_OFF,3600,0.5,61475,image,clusters_marked_free,full,1.0
file_fc9739a0,ext4,SSD_TRIM_OFF,3600,0.5,193658,document,clusters_marked_free,full,1.0
file_226dc13d,ext4,SSD_TRIM_OFF,3600,0.8,58340,image,clusters_marked_free,full,1.0
file_333a0a33,ext4,SSD_TRIM_OFF,3600,0.8,889880,audio,clusters_marked_free,full,1.0
file_d6726dc4,ext4,SSD_TRIM_OFF,3600,0.8,146037,image,clusters_marked_free,full,1.0
file_d72093d6,ext4,SSD_TRIM_OFF,3600,0.8,53430,image,clusters_marked_free,full,1.0
file_e4257548,ext4,SSD_TRIM_OFF,3600,0.8,172698,image,clusters_marked_free,full,1.0
file_5b0bad30,ext4,SSD_TRIM_OFF,3600,0.8,144614,image,clusters_marked_free,full,1.0
file_9d348144,ext4,SSD_TRIM_OFF,3600,0.8,110566,document,clusters_marked_free,full,1.0
file_cd455e51,ext4,SSD_TRIM_OFF,3600,0.8,357359,document,clusters_marked_free,full,1.0
file_be76b029,ext4,SSD_TRIM_OFF,3600,0.8,372359,document,clusters_marked_free,full,1.0
file_8a33abcf,ext4,SSD_TRIM_OFF,3600,0.8,378743,document,clusters_marked_free,full,1.0
file_59825390,ext4,SSD_TRIM_OFF,3600,0.8,227925,database,clusters_marked_free,full,1.0
file_9c20561c,ext4,SSD_TRIM_OFF,3600,0.8,260396,database,clusters_marked_free,full,1.0
file_d9712d91,ext4,SSD_TRIM_OFF,3600,0.8,157837,database,clusters_marked_free,full,1.0
file_82fd32ce,ext4,SSD_TRIM_OFF,3600,0.8,309159,audio,clusters_marked_free,full,1.0
file_f20787ba,ext4,SSD_TRIM_OFF,3600,0.8,162930,document,clusters_marked_free,full,1.0
file_b16f8c43,ext4,SSD_TRIM_OFF,86400,0.2,180132,database,clusters_marked_free,partial,0.8
file_66845ac3,ext4,SSD_TRIM_OFF,86400,0.2,296186,document,clusters_marked_free,full,1.0
file_20ecc9ff,ext4,SSD_TRIM_OFF,86400,0.2,961127,audio,clusters_marked_free,full,1.0
file_2790cbe4,ext4,SSD_TRIM_OFF,86400,0.2,776967,audio,clusters_marked_free,full,1.0
file_fbbe59a0,ext4,SSD_TRIM_OFF,86400,0.2,268748,document,clusters_marked_free,partial,0.65
file_c91038b0,ext4,SSD_TRIM_OFF,86400,0.2,392351,document,clusters_marked_free,full,1.0
file_c96c1109,ext4,SSD_TRIM_OFF,86400,0.2,258251,document,clusters_marked_free,partial,0.42
file_3c398081,ext4,SSD_TRIM_OFF,86400,0.2,370278,document,clusters_marked_free,full,1.0
file_d207932f,ext4,SSD_TRIM_OFF,86400,0.2,213844,database,clusters_marked_free,full,1.0
file_ef3e4292,ext4,SSD_TRIM_OFF,86400,0.2,238930,document,clusters_marked_free,full,1.0
file_405445b4,ext4,SSD_TRIM_OFF,86400,0.2,129498,database,clusters_marked_free,full,1.0
file_7ec88420,ext4,SSD_TRIM_OFF,86400,0.2,796707,audio,clusters_marked_free,partial,0.65
file_3c0638bd,ext4,SSD_TRIM_OFF,86400,0.2,332986,document,clusters_marked_free,full,1.0
file_23af8811,ext4,SSD_TRIM_OFF,86400,0.2,278831,database,clusters_marked_free,partial,0.58
file_981deb12,ext4,SSD_TRIM_OFF,86400,0.2,99593,document,clusters_marked_free,full,1.0
file_40791bdb,ext4,SSD_TRIM_OFF,86400,0.5,137658,image,clusters_marked_free,partial,0.7
file_8ac5313e,ext4,SSD_TRIM_OFF,86400,0.5,326395,audio,clusters_marked_free,partial,0.58
file_a610f5a3,ext4,SSD_TRIM_OFF,86400,0.5,216169,image,clusters_marked_free,partial,0.46
file_42189bf1,ext4,SSD_TRIM_OFF,86400,0.5,354927,document,clusters_marked_free,partial,0.53
file_d7b39089,ext4,SSD_TRIM_OFF,86400,0.5,180319,document,clusters_marked_free,full,1.0
file_a582e386,ext4,SSD_TRIM_OFF,86400,0.5,667262,audio,clusters_marked_free,full,1.0
file_a685b8fb,ext4,SSD_TRIM_OFF,86400,0.5,503859,audio,clusters_marked_free,partial,0.33
file_420a3a7f,ext4,SSD_TRIM_OFF,86400,0.5,123277,document,clusters_marked_free,partial,0.39
file_0ada3c0d,ext4,SSD_TRIM_OFF,86400,0.5,726199,audio,clusters_marked_free,partial,0.63
file_b6b5fe4f,ext4,SSD_TRIM_OFF,86400,0.5,352141,document,clusters_marked_free,partial,0.36
file_5de5d21d,ext4,SSD_TRIM_OFF,86400,0.5,256850,database,clusters_marked_free,partial,0.38
file_c281506f,ext4,SSD_TRIM_OFF,86400,0.5,305478,document,clusters_marked_free,full,1.0
file_49745ddf,ext4,SSD_TRIM_OFF,86400,0.5,644114,audio,clusters_marked_free,partial,0.35
file_a89a233a,ext4,SSD_TRIM_OFF,86400,0.5,391362,document,clusters_marked_free,partial,0.44
file_5712a4bf,ext4,SSD_TRIM_OFF,86400,0.5,853453,audio,clusters_marked_free,partial,0.27
file_8b88da50,ext4,SSD_TRIM_OFF,86400,0.8,204692,document,clusters_marked_free,partial,0.3
file_10813971,ext4,SSD_TRIM_OFF,86400,0.8,113713,image,clusters_marked_free,partial,0.76
file_db64a7f3,ext4,SSD_TRIM_OFF,86400,0.8,87200,document,clusters_marked_free,partial,0.51
file_583633fe,ext4,SSD_TRIM_OFF,86400,0.8,189581,document,clusters_marked_free,none,0.0
file_cbefd833,ext4,SSD_TRIM_OFF,86400,0.8,206850,document,clusters_marked_free,partial,0.59
file_e2de5adb,ext4,SSD_TRIM_OFF,86400,0.8,464417,document,clusters_marked_free,partial,0.26
file_56627479,ext4,SSD_TRIM_OFF,86400,0.8,237939,database,clusters_marked_free,full,1.0
file_31e7e069,ext4,SSD_TRIM_OFF,86400,0.8,465180,document,clusters_marked_free,partial,0.28
file_108d2008,ext4,SSD_TRIM_OFF,86400,0.8,67458,image,clusters_marked_free,partial,0.61
file_98201653,ext4,SSD_TRIM_OFF,86400,0.8,55001,image,clusters_marked_free,none,0.0
file_de59c08c,ext4,SSD_TRIM_OFF,86400,0.8,442397,audio,clusters_marked_free,none,0.0
file_c1fb9558,ext4,SSD_TRIM_OFF,86400,0.8,334102,document,clusters_marked_free,partial,0.54
file_f0b0501f,ext4,SSD_TRIM_OFF,86400,0.8,204267,document,clusters_marked_free,partial,0.26
file_f3587456,ext4,SSD_TRIM_OFF,86400,0.8,377566,document,clusters_marked_free,partial,0.52
file_ce555989,ext4,SSD_TRIM_OFF,86400,0.8,109632,document,clusters_marked_free,partial,0.38
file_3fc1b3a4,ext4,SSD_TRIM_OFF,604800,0.2,136319,database,clusters_marked_free,partial,0.59
file_aee67d48,ext4,SSD_TRIM_OFF,604800,0.2,230897,audio,clusters_marked_free,partial,0.44
file_ecf12838,ext4,SSD_TRIM_OFF,604800,0.2,888842,audio,clusters_marked_free,partial,0.65
file_5ea88182,ext4,SSD_TRIM_OFF,604800,0.2,241732,database,clusters_marked_free,partial,0.38
file_7488e101,ext4,SSD_TRIM_OFF,604800,0.2,323590,document,clusters_marked_free,none,0.0
file_fd4b49cf,ext4,SSD_TRIM_OFF,604800,0.2,150320,database,clusters_marked_free,partial,0.57
file_a81f6caf,ext4,SSD_TRIM_OFF,604800,0.2,172409,document,clusters_marked_free,partial,0.64
file_212ee223,ext4,SSD_TRIM_OFF,604800,0.2,99455,database,clusters_marked_free,partial,0.61
file_29c4654b,ext4,SSD_TRIM_OFF,604800,0.2,105431,database,clusters_marked_free,partial,0.56
file_143ef31b,ext4,SSD_TRIM_OFF,604800,0.2,98269,image,clusters_marked_free,partial,0.67
file_c1ce12d0,ext4,SSD_TRIM_OFF,604800,0.2,631228,audio,clusters_marked_free,partial,0.66
file_4550a48e,ext4,SSD_TRIM_OFF,604800,0.2,159669,document,clusters_marked_free,partial,0.67
file_042b6c9f,ext4,SSD_TRIM_OFF,604800,0.2,225728,database,clusters_marked_free,partial,0.56
file_99894b93,ext4,SSD_TRIM_OFF,604800,0.2,412664,document,clusters_marked_free,partial,0.63
file_20f8e5de,ext4,SSD_TRIM_OFF,604800,0.2,340600,audio,clusters_marked_free,partial,0.58
file_10c6e9b4,ext4,SSD_TRIM_OFF,604800,0.5,176456,document,overwritten,none,0.0
file_18dd8c0c,ext4,SSD_TRIM_OFF,604800,0.5,218632,document,overwritten,partial,0.67
file_c478dab9,ext4,SSD_TRIM_OFF,604800,0.5,120741,image,overwritten,none,0.0
file_44eb77f5,ext4,SSD_TRIM_OFF,604800,0.5,497293,document,overwritten,none,0.0
file_a673742c,ext4,SSD_TRIM_OFF,604800,0.5,330311,document,overwritten,none,0.0
file_cd2bdb61,ext4,SSD_TRIM_OFF,604800,0.5,458771,audio,overwritten,none,0.0
file_cfbaf785,ext4,SSD_TRIM_OFF,604800,0.5,209365,image,overwritten,none,0.0
file_0e43ef84,ext4,SSD_TRIM_OFF,604800,0.5,258633,database,overwritten,none,0.0
file_671195e3,ext4,SSD_TRIM_OFF,604800,0.5,201686,database,overwritten,partial,0.31
file_118b1020,ext4,SSD_TRIM_OFF,604800,0.5,244476,audio,overwritten,none,0.0
file_602dd2be,ext4,SSD_TRIM_OFF,604800,0.5,371949,document,overwritten,partial,0.46
file_8f6f077e,ext4,SSD_TRIM_OFF,604800,0.5,99768,image,overwritten,none,0.0
file_8d219b1c,ext4,SSD_TRIM_OFF,604800,0.5,519348,audio,overwritten,none,0.0
file_82c8030e,ext4,SSD_TRIM_OFF,604800,0.5,108598,document,overwritten,none,0.0
file_ca8d1df2,ext4,SSD_TRIM_OFF,604800,0.5,343048,document,overwritten,none,0.0
file_7d7c69e5,ext4,SSD_TRIM_OFF,604800,0.8,97125,image,overwritten,none,0.0
file_7e82ca77,ext4,SSD_TRIM_OFF,604800,0.8,99469,database,overwritten,partial,0.5
file_ae64a42f,ext4,SSD_TRIM_OFF,604800,0.8,338384,document,overwritten,partial,0.43
file_cc35edbb,ext4,SSD_TRIM_OFF,604800,0.8,476635,document,overwritten,none,0.0
file_a8ab8dbb,ext4,SSD_TRIM_OFF,604800,0.8,124725,document,overwritten,none,0.0
file_c9cc9413,ext4,SSD_TRIM_OFF,604800,0.8,962182,audio,overwritten,none,0.0
file_fe2b9111,ext4,SSD_TRIM_OFF,604800,0.8,777079,audio,overwritten,none,0.0
file_e01fbe7d,ext4,SSD_TRIM_OFF,604800,0.8,275737,document,overwritten,none,0.0
file_b8eea3c0,ext4,SSD_TRIM_OFF,604800,0.8,193777,document,overwritten,none,0.0
file_c8765403,ext4,SSD_TRIM_OFF,604800,0.8,159990,image,overwritten,none,0.0
file_41487104,ext4,SSD_TRIM_OFF,604800,0.8,174736,document,overwritten,none,0.0
file_8224d56b,ext4,SSD_TRIM_OFF,604800,0.8,206352,document,overwritten,full,1.0
file_cc89181d,ext4,SSD_TRIM_OFF,604800,0.8,722864,audio,overwritten,none,0.0
file_6471d75c,ext4,SSD_TRIM_OFF,604800,0.8,209379,image,overwritten,none,0.0
file_5ca719ba,ext4,SSD_TRIM_OFF,604800,0.8,675779,audio,overwritten,none,0.0
file_7a1d11fa,NTFS,HDD,0,0.2,207605,image,entry_present,full,1.0
file_bb8b8595,NTFS,HDD,0,0.2,228793,database,entry_present,full,1.0
file_62fefb32,NTFS,HDD,0,0.2,125647,document,entry_present,full,1.0
file_a60407b0,NTFS,HDD,0,0.2,117003,document,entry_present,full,1.0
file_8d521af2,NTFS,HDD,0,0.2,142234,database,entry_present,full,1.0
file_9d54529b,NTFS,HDD,0,0.2,184586,document,entry_present,full,1.0
file_03d3a3b4,NTFS,HDD,0,0.2,237257,database,entry_present,full,1.0
file_f388cd86,NTFS,HDD,0,0.2,338728,document,entry_present,full,1.0
file_46de388c,NTFS,HDD,0,0.2,98790,document,entry_present,full,1.0
file_53222d58,NTFS,HDD,0,0.2,270953,audio,entry_present,full,1.0
file_29a4512a,NTFS,HDD,0,0.2,81019,database,entry_present,full,1.0
file_f7500205,NTFS,HDD,0,0.2,252600,document,entry_present,full,1.0
file_d33b56cd,NTFS,HDD,0,0.2,119009,database,entry_present,full,1.0
file_a73b0730,NTFS,HDD,0,0.2,86982,database,entry_present,full,1.0
file_ee614dc2,NTFS,HDD,0,0.2,270617,database,entry_present,full,1.0
file_ddee8644,NTFS,HDD,0,0.5,216136,document,entry_present,full,1.0
file_58f6690b,NTFS,HDD,0,0.5,156760,database,entry_present,full,1.0
file_64a4b87d,NTFS,HDD,0,0.5,716428,audio,entry_present,full,1.0
file_eb5d7b41,NTFS,HDD,0,0.5,125006,database,entry_present,full,1.0
file_2630e9ce,NTFS,HDD,0,0.5,171866,image,entry_present,full,1.0
file_565b9433,NTFS,HDD,0,0.5,243322,image,entry_present,none,0.0
file_01357158,NTFS,HDD,0,0.5,247702,audio,entry_present,full,1.0
file_a4fda1de,NTFS,HDD,0,0.5,275299,database,entry_present,full,1.0
file_160607fe,NTFS,HDD,0,0.5,213388,document,entry_present,full,1.0
file_b328ec73,NTFS,HDD,0,0.5,237435,document,entry_present,full,1.0
file_e4869ba2,NTFS,HDD,0,0.5,258971,document,entry_present,full,1.0
file_058a8641,NTFS,HDD,0,0.5,225478,database,entry_present,full,1.0
file_f6daccac,NTFS,HDD,0,0.5,331190,document,entry_present,full,1.0
file_250d61ec,NTFS,HDD,0,0.5,219253,image,entry_present,full,1.0
file_b3e6f80d,NTFS,HDD,0,0.5,298862,database,entry_present,full,1.0
file_0a04c6c8,NTFS,HDD,0,0.8,978656,audio,entry_present,full,1.0
file_0daf716f,NTFS,HDD,0,0.8,371072,document,entry_present,full,1.0
file_675d52cd,NTFS,HDD,0,0.8,402722,document,entry_present,full,1.0
file_3f271b97,NTFS,HDD,0,0.8,114714,document,entry_present,partial,0.4
file_7a1b04c3,NTFS,HDD,0,0.8,138906,image,entry_present,full,1.0
file_71392ac4,NTFS,HDD,0,0.8,222777,database,entry_present,full,1.0
file_7eabc7ba,NTFS,HDD,0,0.8,94630,database,entry_present,full,1.0
file_4af5d2e9,NTFS,HDD,0,0.8,96582,document,entry_present,full,1.0
file_ed0cddea,NTFS,HDD,0,0.8,180299,image,entry_present,full,1.0
file_c2fdde47,NTFS,HDD,0,0.8,193319,document,entry_present,full,1.0
file_47e95c9e,NTFS,HDD,0,0.8,158841,document,entry_present,full,1.0
file_11212bfe,NTFS,HDD,0,0.8,166332,image,entry_present,full,1.0
file_9d561153,NTFS,HDD,0,0.8,724344,audio,entry_present,full,1.0
file_888c3a8a,NTFS,HDD,0,0.8,145358,database,entry_present,full,1.0
file_ebe01448,NTFS,HDD,0,0.8,151512,document,entry_present,full,1.0
file_2b2dcabd,NTFS,HDD,600,0.2,207577,document,clusters_marked_free,full,1.0
file_7adc5808,NTFS,HDD,600,0.2,606415,audio,clusters_marked_free,full,1.0
file_355d345f,NTFS,HDD,600,0.2,230106,image,clusters_marked_free,full,1.0
file_be927204,NTFS,HDD,600,0.2,137369,image,clusters_marked_free,full,1.0
file_30d23b0d,NTFS,HDD,600,0.2,91786,document,clusters_marked_free,full,1.0
file_86acfa96,NTFS,HDD,600,0.2,190019,document,clusters_marked_free,full,1.0
file_85d029fc,NTFS,HDD,600,0.2,311271,document,clusters_marked_free,full,1.0
file_e6265134,NTFS,HDD,600,0.2,158287,document,clusters_marked_free,partial,0.56
file_1a52944a,NTFS,HDD,600,0.2,104153,image,clusters_marked_free,full,1.0
file_82f6a76d,NTFS,HDD,600,0.2,147488,database,clusters_marked_free,full,1.0
file_abaf11b0,NTFS,HDD,600,0.2,128179,database,clusters_marked_free,full,1.0
file_c78e8d0b,NTFS,HDD,600,0.2,257596,document,clusters_marked_free,full,1.0
file_bb24d6b7,NTFS,HDD,600,0.2,77768,image,clusters_marked_free,full,1.0
file_4c277ece,NTFS,HDD,600,0.2,161795,image,clusters_marked_free,full,1.0
file_9ffc2d7a,NTFS,HDD,600,0.2,846253,audio,clusters_marked_free,full,1.0
file_2d7ba30a,NTFS,HDD,600,0.5,183886,document,clusters_marked_free,full,1.0
file_8a6c06a2,NTFS,HDD,600,0.5,795370,audio,clusters_marked_free,full,1.0
file_d0eb6fee,NTFS,HDD,600,0.5,301987,audio,clusters_marked_free,full,1.0
file_63dc9a8d,NTFS,HDD,600,0.5,693403,audio,clusters_marked_free,full,1.0
file_42df368e,NTFS,HDD,600,0.5,175351,document,clusters_marked_free,full,1.0
file_b8702202,NTFS,HDD,600,0.5,392259,audio,clusters_marked_free,full,1.0
file_7d0467ac,NTFS,HDD,600,0.5,250268,document,clusters_marked_free,full,1.0
file_e19a432a,NTFS,HDD,600,0.5,330951,document,clusters_marked_free,full,1.0
file_334b991a,NTFS,HDD,600,0.5,247984,document,clusters_marked_free,full,1.0
file_ff53eca2,NTFS,HDD,600,0.5,156348,image,clusters_marked_free,full,1.0
file_358f5346,NTFS,HDD,600,0.5,135424,image,clusters_marked_free,full,1.0
file_fbe33c9c,NTFS,HDD,600,0.5,620286,audio,clusters_marked_free,full,1.0
file_1d7d7025,NTFS,HDD,600,0.5,425517,document,clusters_marked_free,full,1.0
file_2f4512db,NTFS,HDD,600,0.5,139316,image,clusters_marked_free,full,1.0
file_f8e1ced9,NTFS,HDD,600,0.5,177022,database,clusters_marked_free,full,1.0
file_fe04ab32,NTFS,HDD,600,0.8,245962,database,clusters_marked_free,full,1.0
file_ef3dcf55,NTFS,HDD,600,0.8,243820,image,clusters_marked_free,full,1.0
file_af35dcb3,NTFS,HDD,600,0.8,220257,database,clusters_marked_free,full,1.0
file_62c4153e,NTFS,HDD,600,0.8,89599,database,clusters_marked_free,partial,0.29
file_1f18f547,NTFS,HDD,600,0.8,229701,image,clusters_marked_free,full,1.0
file_00bfa892,NTFS,HDD,600,0.8,543312,audio,clusters_marked_free,full,1.0
file_983011e8,NTFS,HDD,600,0.8,404489,document,clusters_marked_free,full,1.0
file_2aa4ba8a,NTFS,HDD,600,0.8,248463,image,clusters_marked_free,full,1.0
file_7cdedd32,NTFS,HDD,600,0.8,845474,audio,clusters_marked_free,full,1.0
file_cec3329d,NTFS,HDD,600,0.8,207825,document,clusters_marked_free,full,1.0
file_78d2c15c,NTFS,HDD,600,0.8,307922,document,clusters_marked_free,full,1.0
file_081c321b,NTFS,HDD,600,0.8,126812,document,clusters_marked_free,full,1.0
file_509b7591,NTFS,HDD,600,0.8,254237,document,clusters_marked_free,full,1.0
file_69f30017,NTFS,HDD,600,0.8,77927,database,clusters_marked_free,partial,0.31
file_b098e48c,NTFS,HDD,600,0.8,96349,document,clusters_marked_free,full,1.0
file_144dc2a2,NTFS,HDD,3600,0.2,167355,database,clusters_marked_free,full,1.0
file_410244eb,NTFS,HDD,3600,0.2,771598,audio,clusters_marked_free,full,1.0
file_2b7dc326,NTFS,HDD,3600,0.2,348969,document,clusters_marked_free,full,1.0
file_5f9a0d0f,NTFS,HDD,3600,0.2,298751,document,clusters_marked_free,full,1.0
file_80efbea9,NTFS,HDD,3600,0.2,170400,document,clusters_marked_free,full,1.0
file_add9521a,NTFS,HDD,3600,0.2,889886,audio,clusters_marked_free,full,1.0
file_96abe3f8,NTFS,HDD,3600,0.2,144388,document,clusters_marked_free,full,1.0
file_6a2ce029,NTFS,HDD,3600,0.2,175595,database,clusters_marked_free,full,1.0
file_03419f42,NTFS,HDD,3600,0.2,734160,audio,clusters_marked_free,full,1.0
file_4640585d,NTFS,HDD,3600,0.2,197408,document,clusters_marked_free,full,1.0
file_6fc3b06b,NTFS,HDD,3600,0.2,201503,image,clusters_marked_free,full,1.0
file_d2dc7085,NTFS,HDD,3600,0.2,295397,document,clusters_marked_free,full,1.0
file_237d3c98,NTFS,HDD,3600,0.2,160198,database,clusters_marked_free,full,1.0
file_6c9b32a9,NTFS,HDD,3600,0.2,139330,document,clusters_marked_free,full,1.0
file_8aaddfc6,NTFS,HDD,3600,0.2,87247,image,clusters_marked_free,full,1.0
file_80571ae0,NTFS,HDD,3600,0.5,323760,document,clusters_marked_free,full,1.0
file_4905f18a,NTFS,HDD,3600,0.5,297286,database,clusters_marked_free,full,1.0
file_b5dc1f85,NTFS,HDD,3600,0.5,229325,image,clusters_marked_free,full,1.0
file_722e085b,NTFS,HDD,3600,0.5,145919,database,clusters_marked_free,full,1.0
file_c5a5ef74,NTFS,HDD,3600,0.5,172911,image,clusters_marked_free,full,1.0
file_96da6d04,NTFS,HDD,3600,0.5,801846,audio,clusters_marked_free,partial,0.69
file_5e3f5db1,NTFS,HDD,3600,0.5,167822,document,clusters_marked_free,full,1.0
file_9b7fa125,NTFS,HDD,3600,0.5,260457,database,clusters_marked_free,full,1.0
file_72139fa3,NTFS,HDD,3600,0.5,806224,audio,clusters_marked_free,full,1.0
file_f6962206,NTFS,HDD,3600,0.5,222050,image,clusters_marked_free,full,1.0
file_e055771b,NTFS,HDD,3600,0.5,334153,document,clusters_marked_free,full,1.0
file_96330015,NTFS,HDD,3600,0.5,84148,database,clusters_marked_free,full,1.0
file_9d67aa25,NTFS,HDD,3600,0.5,224293,document,clusters_marked_free,full,1.0
file_ae6555fc,NTFS,HDD,3600,0.5,244361,image,clusters_marked_free,full,1.0
file_a4395006,NTFS,HDD,3600,0.5,445587,document,clusters_marked_free,full,1.0
file_3079b382,NTFS,HDD,3600,0.8,236971,document,clusters_marked_free,full,1.0
file_284fbb18,NTFS,HDD,3600,0.8,289971,database,clusters_marked_free,full,1.0
file_0db33f66,NTFS,HDD,3600,0.8,88029,image,clusters_marked_free,full,1.0
file_29b33a5c,NTFS,HDD,3600,0.8,601779,audio,clusters_marked_free,full,1.0
file_74afeb90,NTFS,HDD,3600,0.8,961265,audio,clusters_marked_free,full,1.0
file_3103841c,NTFS,HDD,3600,0.8,108482,document,clusters_marked_free,full,1.0
file_a6d2f887,NTFS,HDD,3600,0.8,63768,image,clusters_marked_free,full,1.0
file_250b3030,NTFS,HDD,3600,0.8,125252,database,clusters_marked_free,full,1.0
file_4b3f4263,NTFS,HDD,3600,0.8,697643,audio,clusters_marked_free,full,1.0
file_e626be87,NTFS,HDD,3600,0.8,315311,document,clusters_marked_free,full,1.0
file_31cee25e,NTFS,HDD,3600,0.8,358005,document,clusters_marked_free,full,1.0
file_cfe28907,NTFS,HDD,3600,0.8,306380,document,clusters_marked_free,full,1.0
file_eed5968d,NTFS,HDD,3600,0.8,255619,document,clusters_marked_free,full,1.0
file_36501624,NTFS,HDD,3600,0.8,166538,database,clusters_marked_free,full,1.0
file_72e9bd16,NTFS,HDD,3600,0.8,484991,document,clusters_marked_free,full,1.0
file_85f1d82b,NTFS,HDD,86400,0.2,264243,document,clusters_marked_free,full,1.0
file_1ae0cb2b,NTFS,HDD,86400,0.2,67813,image,clusters_marked_free,full,1.0
file_91061d35,NTFS,HDD,86400,0.2,568591,audio,clusters_marked_free,full,1.0
file_2d7d86b4,NTFS,HDD,86400,0.2,212066,document,clusters_marked_free,full,1.0
file_7b99ee88,NTFS,HDD,86400,0.2,236125,database,clusters_marked_free,full,1.0
file_51c0ecac,NTFS,HDD,86400,0.2,414250,document,clusters_marked_free,full,1.0
file_2dfeb8fc,NTFS,HDD,86400,0.2,98054,database,clusters_marked_free,full,1.0
file_1c15276a,NTFS,HDD,86400,0.2,274554,database,clusters_marked_free,partial,0.39
file_4ed5a4c4,NTFS,HDD,86400,0.2,892561,audio,clusters_marked_free,full,1.0
file_713cd321,NTFS,HDD,86400,0.2,489809,audio,clusters_marked_free,full,1.0
file_8e30dc02,NTFS,HDD,86400,0.2,214918,document,clusters_marked_free,full,1.0
file_3f4643bc,NTFS,HDD,86400,0.2,122689,image,clusters_marked_free,full,1.0
file_694a5f8b,NTFS,HDD,86400,0.2,117695,image,clusters_marked_free,partial,0.4
file_2afeb0f9,NTFS,HDD,86400,0.2,272769,audio,clusters_marked_free,full,1.0
file_bd4193b8,NTFS,HDD,86400,0.2,438419,document,clusters_marked_free,full,1.0
file_acaa562b,NTFS,HDD,86400,0.5,383446,document,clusters_marked_free,partial,0.75
file_e21356d9,NTFS,HDD,86400,0.5,134152,document,clusters_marked_free,full,1.0
file_2a059f08,NTFS,HDD,86400,0.5,199774,image,clusters_marked_free,full,1.0
file_404de795,NTFS,HDD,86400,0.5,356085,audio,clusters_marked_free,partial,0.25
file_f6000d2e,NTFS,HDD,86400,0.5,224222,image,clusters_marked_free,partial,0.47
file_ef562864,NTFS,HDD,86400,0.5,185104,image,clusters_marked_free,partial,0.67
file_505802ac,NTFS,HDD,86400,0.5,657239,audio,clusters_marked_free,partial,0.29
file_5b603a09,NTFS,HDD,86400,0.5,101734,document,clusters_marked_free,partial,0.63
file_8312c477,NTFS,HDD,86400,0.5,327091,audio,clusters_marked_free,partial,0.63
file_360305af,NTFS,HDD,86400,0.5,257875,audio,clusters_marked_free,partial,0.78
file_1b41b447,NTFS,HDD,86400,0.5,145775,image,clusters_marked_free,full,1.0
file_f97afb28,NTFS,HDD,86400,0.5,997392,audio,clusters_marked_free,partial,0.61
file_0f3a9756,NTFS,HDD,86400,0.5,390704,document,clusters_marked_free,partial,0.63
file_9fb1d704,NTFS,HDD,86400,0.5,215312,image,clusters_marked_free,partial,0.52
file_c7fda98e,NTFS,HDD,86400,0.5,971043,audio,clusters_marked_free,full,1.0
file_6b438f32,NTFS,HDD,86400,0.8,126517,database,clusters_marked_free,none,0.0
file_743afa54,NTFS,HDD,86400,0.8,191702,image,clusters_marked_free,none,0.0
file_186f7dc2,NTFS,HDD,86400,0.8,217215,audio,clusters_marked_free,full,1.0
file_fbf16d55,NTFS,HDD,86400,0.8,138530,image,clusters_marked_free,none,0.0
file_6ecd7278,NTFS,HDD,86400,0.8,184159,database,clusters_marked_free,partial,0.73
file_1125e743,NTFS,HDD,86400,0.8,103047,database,clusters_marked_free,full,1.0
file_b46a9cdb,NTFS,HDD,86400,0.8,356321,document,clusters_marked_free,partial,0.51
file_d41eada3,NTFS,HDD,86400,0.8,76006,database,clusters_marked_free,full,1.0
file_6468a3b8,NTFS,HDD,86400,0.8,130566,image,clusters_marked_free,none,0.0
file_eb743452,NTFS,HDD,86400,0.8,169586,image,clusters_marked_free,full,1.0
file_d15366f3,NTFS,HDD,86400,0.8,79931,image,clusters_marked_free,partial,0.69
file_f9b573e1,NTFS,HDD,86400,0.8,133087,document,clusters_marked_free,none,0.0
file_6a55ffd1,NTFS,HDD,86400,0.8,539984,audio,clusters_marked_free,partial,0.63
file_bc7c91a3,NTFS,HDD,86400,0.8,100000,database,clusters_marked_free,partial,0.28
file_1c2a28d6,NTFS,HDD,86400,0.8,275900,document,clusters_marked_free,partial,0.4
file_5a30b2df,NTFS,HDD,604800,0.2,376214,audio,clusters_marked_free,partial,0.76
file_09c0d3cd,NTFS,HDD,604800,0.2,84962,image,clusters_marked_free,full,1.0
file_c3d4f48e,NTFS,HDD,604800,0.2,162600,database,clusters_marked_free,partial,0.25
file_b2b27621,NTFS,HDD,604800,0.2,146735,document,clusters_marked_free,partial,0.58
file_45f99b4f,NTFS,HDD,604800,0.2,298220,document,clusters_marked_free,partial,0.32
file_ad2f7ca6,NTFS,HDD,604800,0.2,435452,document,clusters_marked_free,partial,0.5
file_85fe00d5,NTFS,HDD,604800,0.2,191513,document,clusters_marked_free,partial,0.52
file_c9b5f795,NTFS,HDD,604800,0.2,214414,image,clusters_marked_free,partial,0.42
file_a0a8076a,NTFS,HDD,604800,0.2,204792,audio,clusters_marked_free,none,0.0
file_161be1e7,NTFS,HDD,604800,0.2,212246,image,clusters_marked_free,partial,0.67
file_71788c2a,NTFS,HDD,604800,0.2,197048,database,clusters_marked_free,partial,0.4
file_5b98af28,NTFS,HDD,604800,0.2,159076,document,clusters_marked_free,partial,0.63
file_d32188ab,NTFS,HDD,604800,0.2,721682,audio,clusters_marked_free,full,1.0
file_1ce84786,NTFS,HDD,604800,0.2,229455,document,clusters_marked_free,partial,0.39
file_c052a4a1,NTFS,HDD,604800,0.2,275066,database,clusters_marked_free,partial,0.28
file_a42824e8,NTFS,HDD,604800,0.5,110107,database,overwritten,none,0.0
file_87257c47,NTFS,HDD,604800,0.5,177155,image,overwritten,none,0.0
file_68d47e1d,NTFS,HDD,604800,0.5,821497,audio,overwritten,none,0.0
file_4075d863,NTFS,HDD,604800,0.5,408405,audio,overwritten,none,0.0
file_207dfe49,NTFS,HDD,604800,0.5,135493,image,overwritten,none,0.0
file_905d9864,NTFS,HDD,604800,0.5,486792,document,overwritten,none,0.0
file_86043ef7,NTFS,HDD,604800,0.5,173467,image,overwritten,none,0.0
file_7b5e1055,NTFS,HDD,604800,0.5,164259,image,overwritten,none,0.0
file_3f4d6ba5,NTFS,HDD,604800,0.5,591627,audio,overwritten,none,0.0
file_33568d4b,NTFS,HDD,604800,0.5,431361,document,overwritten,none,0.0
file_9eed5a46,NTFS,HDD,604800,0.5,231458,image,overwritten,none,0.0
file_b967b110,NTFS,HDD,604800,0.5,151566,document,overwritten,none,0.0
file_2ca166f6,NTFS,HDD,604800,0.5,195266,document,overwritten,none,0.0
file_087c8b61,NTFS,HDD,604800,0.5,105101,database,overwritten,none,0.0
file_a854e46c,NTFS,HDD,604800,0.5,403102,document,overwritten,none,0.0
file_32bb39e7,NTFS,HDD,604800,0.8,145337,document,overwritten,none,0.0
file_24bcf8e0,NTFS,HDD,604800,0.8,410158,document,overwritten,none,0.0
file_e947e47e,NTFS,HDD,604800,0.8,492731,audio,overwritten,none,0.0
file_bce5d017,NTFS,HDD,604800,0.8,271597,document,overwritten,none,0.0
file_92182f75,NTFS,HDD,604800,0.8,410258,document,overwritten,none,0.0
file_d664dc37,NTFS,HDD,604800,0.8,246372,audio,overwritten,partial,0.51
file_ae9de269,NTFS,HDD,604800,0.8,72813,database,overwritten,none,0.0
file_df59fb5a,NTFS,HDD,604800,0.8,168604,image,overwritten,none,0.0
file_825d9afa,NTFS,HDD,604800,0.8,196404,image,overwritten,none,0.0
file_07027bac,NTFS,HDD,604800,0.8,169579,document,overwritten,none,0.0
file_2ddc66c2,NTFS,HDD,604800,0.8,439549,document,overwritten,none,0.0
file_7c9b469a,NTFS,HDD,604800,0.8,468734,document,overwritten,none,0.0
file_92262a99,NTFS,HDD,604800,0.8,259896,database,overwritten,none,0.0
file_fb797c2b,NTFS,HDD,604800,0.8,468645,document,overwritten,none,0.0
file_f3567c3a,NTFS,HDD,604800,0.8,323424,document,overwritten,none,0.0
file_1e2c62a8,NTFS,SSD_TRIM_ON,0,0.2,924304,audio,entry_present,full,1.0
file_750b1e9a,NTFS,SSD_TRIM_ON,0,0.2,127749,image,entry_present,partial,0.55
file_b5f8aa1c,NTFS,SSD_TRIM_ON,0,0.2,458961,document,entry_present,full,1.0
file_36e2aaea,NTFS,SSD_TRIM_ON,0,0.2,108737,document,entry_present,full,1.0
file_123a389d,NTFS,SSD_TRIM_ON,0,0.2,79089,image,entry_present,full,1.0
file_2333db0a,NTFS,SSD_TRIM_ON,0,0.2,849208,audio,entry_present,full,1.0
file_9d0a5adf,NTFS,SSD_TRIM_ON,0,0.2,196999,image,entry_present,full,1.0
file_f88b1b4b,NTFS,SSD_TRIM_ON,0,0.2,172564,document,entry_present,full,1.0
file_fdeebd9e,NTFS,SSD_TRIM_ON,0,0.2,973199,audio,entry_present,full,1.0
file_20084412,NTFS,SSD_TRIM_ON,0,0.2,292361,database,entry_present,full,1.0
file_9fb84cea,NTFS,SSD_TRIM_ON,0,0.2,268015,document,entry_present,full,1.0
file_96bd8642,NTFS,SSD_TRIM_ON,0,0.2,344013,document,entry_present,full,1.0
file_9ca294ab,NTFS,SSD_TRIM_ON,0,0.2,317193,document,entry_present,full,1.0
file_30aac6c1,NTFS,SSD_TRIM_ON,0,0.2,281464,database,entry_present,full,1.0
file_48f15402,NTFS,SSD_TRIM_ON,0,0.2,299785,database,entry_present,full,1.0
file_38781cd1,NTFS,SSD_TRIM_ON,0,0.5,160507,database,entry_present,full,1.0
file_be4b7107,NTFS,SSD_TRIM_ON,0,0.5,99375,image,entry_present,none,0.0
file_19193767,NTFS,SSD_TRIM_ON,0,0.5,291549,audio,entry_present,full,1.0
file_d7c1886d,NTFS,SSD_TRIM_ON,0,0.5,78669,image,entry_present,full,1.0
file_41dc58c9,NTFS,SSD_TRIM_ON,0,0.5,232735,image,entry_present,full,1.0
file_50397528,NTFS,SSD_TRIM_ON,0,0.5,126852,image,entry_present,full,1.0
file_d5d12e04,NTFS,SSD_TRIM_ON,0,0.5,98610,database,entry_present,full,1.0
file_1aa2814c,NTFS,SSD_TRIM_ON,0,0.5,126419,image,entry_present,full,1.0
file_53a4f65a,NTFS,SSD_TRIM_ON,0,0.5,110903,image,entry_present,full,1.0
file_3fc64be3,NTFS,SSD_TRIM_ON,0,0.5,153860,database,entry_present,full,1.0
file_b17442b4,NTFS,SSD_TRIM_ON,0,0.5,334881,document,entry_present,full,1.0
file_33b45774,NTFS,SSD_TRIM_ON,0,0.5,680255,audio,entry_present,full,1.0
file_37d74a6b,NTFS,SSD_TRIM_ON,0,0.5,260691,document,entry_present,full,1.0
file_d2bd7ddc,NTFS,SSD_TRIM_ON,0,0.5,104808,document,entry_present,full,1.0
file_e2a5f272,NTFS,SSD_TRIM_ON,0,0.5,319036,document,entry_present,full,1.0
file_226b4bf2,NTFS,SSD_TRIM_ON,0,0.8,138775,database,entry_present,full,1.0
file_4aa9c701,NTFS,SSD_TRIM_ON,0,0.8,471254,document,entry_present,full,1.0
file_cb48dd1d,NTFS,SSD_TRIM_ON,0,0.8,161298,document,entry_present,full,1.0
file_b2f006d1,NTFS,SSD_TRIM_ON,0,0.8,381216,document,entry_present,full,1.0
file_800c0d64,NTFS,SSD_TRIM_ON,0,0.8,249371,database,entry_present,full,1.0
file_fc6a5cd7,NTFS,SSD_TRIM_ON,0,0.8,260274,document,entry_present,full,1.0
file_3a21204f,NTFS,SSD_TRIM_ON,0,0.8,143052,database,entry_present,full,1.0
file_572b1e4c,NTFS,SSD_TRIM_ON,0,0.8,156053,image,entry_present,full,1.0
file_cea5b81b,NTFS,SSD_TRIM_ON,0,0.8,161816,document,entry_present,full,1.0
file_967c7833,NTFS,SSD_TRIM_ON,0,0.8,197014,database,entry_present,full,1.0
file_004f531c,NTFS,SSD_TRIM_ON,0,0.8,380798,document,entry_present,full,1.0
file_9657e398,NTFS,SSD_TRIM_ON,0,0.8,254983,database,entry_present,full,1.0
file_f4ac794f,NTFS,SSD_TRIM_ON,0,0.8,242027,audio,entry_present,full,1.0
file_5ce7da07,NTFS,SSD_TRIM_ON,0,0.8,94638,database,entry_present,full,1.0
file_6d0487c0,NTFS,SSD_TRIM_ON,0,0.8,574754,audio,entry_present,full,1.0
file_4982eda1,NTFS,SSD_TRIM_ON,600,0.2,209423,image,clusters_marked_free,none,0.0
file_56f4db44,NTFS,SSD_TRIM_ON,600,0.2,182611,document,clusters_marked_free,partial,0.55
file_53cd8090,NTFS,SSD_TRIM_ON,600,0.2,909952,audio,clusters_marked_free,none,0.0
file_6348e80e,NTFS,SSD_TRIM_ON,600,0.2,357145,document,clusters_marked_free,none,0.0
file_2fb91796,NTFS,SSD_TRIM_ON,600,0.2,198101,database,clusters_marked_free,none,0.0
file_623a3f04,NTFS,SSD_TRIM_ON,600,0.2,475371,document,clusters_marked_free,none,0.0
file_30b30503,NTFS,SSD_TRIM_ON,600,0.2,282434,document,clusters_marked_free,none,0.0
file_887a5de0,NTFS,SSD_TRIM_ON,600,0.2,788285,audio,clusters_marked_free,none,0.0
file_752820b5,NTFS,SSD_TRIM_ON,600,0.2,977548,audio,clusters_marked_free,none,0.0
file_1fedd6e9,NTFS,SSD_TRIM_ON,600,0.2,963998,audio,clusters_marked_free,none,0.0
file_b272da72,NTFS,SSD_TRIM_ON,600,0.2,407851,document,clusters_marked_free,none,0.0
file_50b99cb0,NTFS,SSD_TRIM_ON,600,0.2,151927,database,clusters_marked_free,none,0.0
file_46440dab,NTFS,SSD_TRIM_ON,600,0.2,262210,database,clusters_marked_free,none,0.0
file_ff2b2983,NTFS,SSD_TRIM_ON,600,0.2,297324,document,clusters_marked_free,none,0.0
file_ecd1c94b,NTFS,SSD_TRIM_ON,600,0.2,944747,audio,clusters_marked_free,none,0.0
file_64130eae,NTFS,SSD_TRIM_ON,600,0.5,503524,audio,clusters_marked_free,none,0.0
file_3399197a,NTFS,SSD_TRIM_ON,600,0.5,129165,image,clusters_marked_free,none,0.0
file_1f3c530d,NTFS,SSD_TRIM_ON,600,0.5,435426,audio,clusters_marked_free,partial,0.25
file_38d1d10c,NTFS,SSD_TRIM_ON,600,0.5,237375,document,clusters_marked_free,none,0.0
file_73b8b708,NTFS,SSD_TRIM_ON,600,0.5,298710,document,clusters_marked_free,none,0.0
file_b65b2e5d,NTFS,SSD_TRIM_ON,600,0.5,114912,document,clusters_marked_free,none,0.0
file_d17eae63,NTFS,SSD_TRIM_ON,600,0.5,206995,image,clusters_marked_free,none,0.0
file_5676229d,NTFS,SSD_TRIM_ON,600,0.5,189956,database,clusters_marked_free,none,0.0
file_16c440c3,NTFS,SSD_TRIM_ON,600,0.5,927968,audio,clusters_marked_free,none,0.0
file_f755ecea,NTFS,SSD_TRIM_ON,600,0.5,348711,document,clusters_marked_free,none,0.0
file_6fb0415c,NTFS,SSD_TRIM_ON,600,0.5,79338,database,clusters_marked_free,none,0.0
file_71296cb3,NTFS,SSD_TRIM_ON,600,0.5,926959,audio,clusters_marked_free,none,0.0
file_d2958ee8,NTFS,SSD_TRIM_ON,600,0.5,867153,audio,clusters_marked_free,none,0.0
file_eb046dbe,NTFS,SSD_TRIM_ON,600,0.5,105540,document,clusters_marked_free,none,0.0
file_0a07e12c,NTFS,SSD_TRIM_ON,600,0.5,114807,database,clusters_marked_free,none,0.0
file_7a65fc20,NTFS,SSD_TRIM_ON,600,0.8,149549,document,clusters_marked_free,none,0.0
file_4f8229dd,NTFS,SSD_TRIM_ON,600,0.8,237848,document,clusters_marked_free,none,0.0
file_504580fa,NTFS,SSD_TRIM_ON,600,0.8,130244,document,clusters_marked_free,none,0.0
file_ceafb849,NTFS,SSD_TRIM_ON,600,0.8,371670,document,clusters_marked_free,none,0.0
file_4da0ab24,NTFS,SSD_TRIM_ON,600,0.8,632007,audio,clusters_marked_free,none,0.0
file_f44c3167,NTFS,SSD_TRIM_ON,600,0.8,363917,document,clusters_marked_free,none,0.0
file_37d68f99,NTFS,SSD_TRIM_ON,600,0.8,392896,document,clusters_marked_free,none,0.0
file_ddb293fb,NTFS,SSD_TRIM_ON,600,0.8,250789,database,clusters_marked_free,none,0.0
file_450b91ce,NTFS,SSD_TRIM_ON,600,0.8,159404,image,clusters_marked_free,none,0.0
file_da82b3c4,NTFS,SSD_TRIM_ON,600,0.8,175702,image,clusters_marked_free,none,0.0
file_635e0082,NTFS,SSD_TRIM_ON,600,0.8,152883,document,clusters_marked_free,none,0.0
file_e21e0cb0,NTFS,SSD_TRIM_ON,600,0.8,170286,document,clusters_marked_free,none,0.0
file_c5dba07c,NTFS,SSD_TRIM_ON,600,0.8,245155,image,clusters_marked_free,none,0.0
file_d8acda7a,NTFS,SSD_TRIM_ON,600,0.8,460734,document,clusters_marked_free,none,0.0
file_652018dd,NTFS,SSD_TRIM_ON,600,0.8,210017,document,clusters_marked_free,none,0.0
file_95bdabcc,NTFS,SSD_TRIM_ON,3600,0.2,70377,image,clusters_marked_free,partial,0.52
file_a7173d65,NTFS,SSD_TRIM_ON,3600,0.2,244582,audio,clusters_marked_free,none,0.0
file_c43784c9,NTFS,SSD_TRIM_ON,3600,0.2,79536,database,clusters_marked_free,none,0.0
file_412178fe,NTFS,SSD_TRIM_ON,3600,0.2,102691,document,clusters_marked_free,none,0.0
file_08382fbd,NTFS,SSD_TRIM_ON,3600,0.2,207756,image,clusters_marked_free,none,0.0
file_a10b7c5d,NTFS,SSD_TRIM_ON,3600,0.2,196878,document,clusters_marked_free,none,0.0
file_300114a3,NTFS,SSD_TRIM_ON,3600,0.2,383956,document,clusters_marked_free,none,0.0
file_1c3c2265,NTFS,SSD_TRIM_ON,3600,0.2,362476,document,clusters_marked_free,none,0.0
file_a4e81167,NTFS,SSD_TRIM_ON,3600,0.2,75979,image,clusters_marked_free,none,0.0
file_7fefae4b,NTFS,SSD_TRIM_ON,3600,0.2,188631,image,clusters_marked_free,none,0.0
file_dea78e51,NTFS,SSD_TRIM_ON,3600,0.2,65134,database,clusters_marked_free,none,0.0
file_3fa01cfb,NTFS,SSD_TRIM_ON,3600,0.2,106102,image,clusters_marked_free,none,0.0
file_3838d4f4,NTFS,SSD_TRIM_ON,3600,0.2,112529,database,clusters_marked_free,none,0.0
file_35e73e69,NTFS,SSD_TRIM_ON,3600,0.2,97408,image,clusters_marked_free,none,0.0
file_39fa8c8a,NTFS,SSD_TRIM_ON,3600,0.2,123651,database,clusters_marked_free,none,0.0
file_8901fbdf,NTFS,SSD_TRIM_ON,3600,0.5,144810,document,clusters_marked_free,none,0.0
file_0afdc99e,NTFS,SSD_TRIM_ON,3600,0.5,231137,document,clusters_marked_free,none,0.0
file_2eec72bf,NTFS,SSD_TRIM_ON,3600,0.5,71560,image,clusters_marked_free,none,0.0
file_8835e689,NTFS,SSD_TRIM_ON,3600,0.5,256983,database,clusters_marked_free,none,0.0
file_f397a82c,NTFS,SSD_TRIM_ON,3600,0.5,436845,audio,clusters_marked_free,none,0.0
file_d3fa7e0c,NTFS,SSD_TRIM_ON,3600,0.5,136495,document,clusters_marked_free,none,0.0
file_07f03d26,NTFS,SSD_TRIM_ON,3600,0.5,912120,audio,clusters_marked_free,none,0.0
file_22e12ed7,NTFS,SSD_TRIM_ON,3600,0.5,153905,image,clusters_marked_free,none,0.0
file_0c8f1e9a,NTFS,SSD_TRIM_ON,3600,0.5,81252,image,clusters_marked_free,none,0.0
file_3dbebe5a,NTFS,SSD_TRIM_ON,3600,0.5,244361,image,clusters_marked_free,none,0.0
file_ffc4a115,NTFS,SSD_TRIM_ON,3600,0.5,133926,document,clusters_marked_free,none,0.0
file_23d46fc3,NTFS,SSD_TRIM_ON,3600,0.5,328725,audio,clusters_marked_free,none,0.0
file_71d97ba2,NTFS,SSD_TRIM_ON,3600,0.5,960427,audio,clusters_marked_free,none,0.0
file_9366bc99,NTFS,SSD_TRIM_ON,3600,0.5,135558,database,clusters_marked_free,none,0.0
file_88243128,NTFS,SSD_TRIM_ON,3600,0.5,573395,audio,clusters_marked_free,none,0.0
file_a7c5793d,NTFS,SSD_TRIM_ON,3600,0.8,736256,audio,clusters_marked_free,none,0.0
file_ca1177f7,NTFS,SSD_TRIM_ON,3600,0.8,313284,audio,clusters_marked_free,none,0.0
file_8b0a4bca,NTFS,SSD_TRIM_ON,3600,0.8,115583,document,clusters_marked_free,none,0.0
file_2d14dade,NTFS,SSD_TRIM_ON,3600,0.8,67885,image,clusters_marked_free,none,0.0
file_ab05e327,NTFS,SSD_TRIM_ON,3600,0.8,242049,database,clusters_marked_free,none,0.0
file_0cd7cf2f,NTFS,SSD_TRIM_ON,3600,0.8,130506,document,clusters_marked_free,none,0.0
file_ca1e7940,NTFS,SSD_TRIM_ON,3600,0.8,688659,audio,clusters_marked_free,none,0.0
file_d98986f1,NTFS,SSD_TRIM_ON,3600,0.8,714064,audio,clusters_marked_free,none,0.0
file_e858a8d8,NTFS,SSD_TRIM_ON,3600,0.8,207293,database,clusters_marked_free,partial,0.67
file_ab170be6,NTFS,SSD_TRIM_ON,3600,0.8,324921,audio,clusters_marked_free,none,0.0
file_51f9c6cf,NTFS,SSD_TRIM_ON,3600,0.8,237728,audio,clusters_marked_free,partial,0.56
file_1951940d,NTFS,SSD_TRIM_ON,3600,0.8,166058,document,clusters_marked_free,none,0.0
file_e08d7b5f,NTFS,SSD_TRIM_ON,3600,0.8,314695,audio,clusters_marked_free,none,0.0
file_bd9c6c4c,NTFS,SSD_TRIM_ON,3600,0.8,892142,audio,clusters_marked_free,none,0.0
file_a44c668c,NTFS,SSD_TRIM_ON,3600,0.8,287963,database,clusters_marked_free,none,0.0
file_0afbd39b,NTFS,SSD_TRIM_ON,86400,0.2,152599,image,clusters_marked_free,none,0.0
file_fd7cad80,NTFS,SSD_TRIM_ON,86400,0.2,229127,document,clusters_marked_free,none,0.0
file_58034688,NTFS,SSD_TRIM_ON,86400,0.2,204786,image,clusters_marked_free,none,0.0
file_b062d599,NTFS,SSD_TRIM_ON,86400,0.2,71051,database,clusters_marked_free,none,0.0
file_5c05d371,NTFS,SSD_TRIM_ON,86400,0.2,279530,document,clusters_marked_free,none,0.0
file_7d795573,NTFS,SSD_TRIM_ON,86400,0.2,109595,document,clusters_marked_free,none,0.0
file_23c177bb,NTFS,SSD_TRIM_ON,86400,0.2,223009,document,clusters_marked_free,none,0.0
file_fa35cd79,NTFS,SSD_TRIM_ON,86400,0.2,129930,image,clusters_marked_free,none,0.0
file_2d151648,NTFS,SSD_TRIM_ON,86400,0.2,110334,document,clusters_marked_free,none,0.0
file_3382d45c,NTFS,SSD_TRIM_ON,86400,0.2,795642,audio,clusters_marked_free,none,0.0
file_51d2a760,NTFS,SSD_TRIM_ON,86400,0.2,479570,audio,clusters_marked_free,partial,0.42
file_0026f325,NTFS,SSD_TRIM_ON,86400,0.2,166315,database,clusters_marked_free,none,0.0
file_8d4e05cb,NTFS,SSD_TRIM_ON,86400,0.2,178020,image,clusters_marked_free,none,0.0
file_151d48d9,NTFS,SSD_TRIM_ON,86400,0.2,276718,database,clusters_marked_free,none,0.0
file_1ccf889f,NTFS,SSD_TRIM_ON,86400,0.2,167360,document,clusters_marked_free,none,0.0
file_94f2dcce,NTFS,SSD_TRIM_ON,86400,0.5,866311,audio,clusters_marked_free,none,0.0
file_c869c564,NTFS,SSD_TRIM_ON,86400,0.5,190465,image,clusters_marked_free,none,0.0
file_0c16e898,NTFS,SSD_TRIM_ON,86400,0.5,169389,database,clusters_marked_free,none,0.0
file_b058962c,NTFS,SSD_TRIM_ON,86400,0.5,258743,database,clusters_marked_free,none,0.0
file_4ce27f03,NTFS,SSD_TRIM_ON,86400,0.5,152300,database,clusters_marked_free,none,0.0
file_ad6cccfa,NTFS,SSD_TRIM_ON,86400,0.5,274026,database,clusters_marked_free,none,0.0
file_4dc48549,NTFS,SSD_TRIM_ON,86400,0.5,220796,image,clusters_marked_free,none,0.0
file_618d8701,NTFS,SSD_TRIM_ON,86400,0.5,274796,database,clusters_marked_free,none,0.0
file_2dc363db,NTFS,SSD_TRIM_ON,86400,0.5,621843,audio,clusters_marked_free,none,0.0
file_7d01ce3b,NTFS,SSD_TRIM_ON,86400,0.5,182811,database,clusters_marked_free,none,0.0
file_80ae6a7e,NTFS,SSD_TRIM_ON,86400,0.5,290154,database,clusters_marked_free,none,0.0
file_12032d34,NTFS,SSD_TRIM_ON,86400,0.5,423297,audio,clusters_marked_free,none,0.0
file_46e6dc95,NTFS,SSD_TRIM_ON,86400,0.5,359298,document,clusters_marked_free,none,0.0
file_4ebc3237,NTFS,SSD_TRIM_ON,86400,0.5,793616,audio,clusters_marked_free,none,0.0
file_4ac1441f,NTFS,SSD_TRIM_ON,86400,0.5,354920,audio,clusters_marked_free,none,0.0
file_3e631048,NTFS,SSD_TRIM_ON,86400,0.8,308269,document,clusters_marked_free,none,0.0
file_21ca06d8,NTFS,SSD_TRIM_ON,86400,0.8,316236,document,clusters_marked_free,none,0.0
file_a6edb6e0,NTFS,SSD_TRIM_ON,86400,0.8,164192,document,clusters_marked_free,none,0.0
file_6e0a7f5a,NTFS,SSD_TRIM_ON,86400,0.8,89311,image,clusters_marked_free,none,0.0
file_cd1a86a4,NTFS,SSD_TRIM_ON,86400,0.8,262812,document,clusters_marked_free,none,0.0
file_15cf249d,NTFS,SSD_TRIM_ON,86400,0.8,102950,image,clusters_marked_free,none,0.0
file_bcee648f,NTFS,SSD_TRIM_ON,86400,0.8,115278,document,clusters_marked_free,none,0.0
file_264440d5,NTFS,SSD_TRIM_ON,86400,0.8,437795,document,clusters_marked_free,none,0.0
file_46de0a5e,NTFS,SSD_TRIM_ON,86400,0.8,220875,audio,clusters_marked_free,none,0.0
file_852a672c,NTFS,SSD_TRIM_ON,86400,0.8,113335,document,clusters_marked_free,none,0.0
file_d1990b6c,NTFS,SSD_TRIM_ON,86400,0.8,581088,audio,clusters_marked_free,none,0.0
file_aa86ec8d,NTFS,SSD_TRIM_ON,86400,0.8,223753,document,clusters_marked_free,partial,0.65
file_b70c843d,NTFS,SSD_TRIM_ON,86400,0.8,186828,image,clusters_marked_free,none,0.0
file_ab6151a8,NTFS,SSD_TRIM_ON,86400,0.8,130009,database,clusters_marked_free,none,0.0
file_d6b6f19d,NTFS,SSD_TRIM_ON,86400,0.8,112410,image,clusters_marked_free,none,0.0
file_7f92fa59,NTFS,SSD_TRIM_ON,604800,0.2,257262,database,clusters_marked_free,none,0.0
file_845e93ec,NTFS,SSD_TRIM_ON,604800,0.2,321705,document,clusters_marked_free,none,0.0
file_9845e3c5,NTFS,SSD_TRIM_ON,604800,0.2,310411,document,clusters_marked_free,none,0.0
file_522c27fb,NTFS,SSD_TRIM_ON,604800,0.2,78660,database,clusters_marked_free,none,0.0
file_64bc5e4a,NTFS,SSD_TRIM_ON,604800,0.2,366127,document,clusters_marked_free,none,0.0
file_c533af77,NTFS,SSD_TRIM_ON,604800,0.2,245612,document,clusters_marked_free,none,0.0
file_1b5e86b9,NTFS,SSD_TRIM_ON,604800,0.2,241570,document,clusters_marked_free,partial,0.78
file_ac1b34fc,NTFS,SSD_TRIM_ON,604800,0.2,73125,database,clusters_marked_free,none,0.0
file_61a9808c,NTFS,SSD_TRIM_ON,604800,0.2,232635,document,clusters_marked_free,none,0.0
file_230b7f5b,NTFS,SSD_TRIM_ON,604800,0.2,270240,document,clusters_marked_free,none,0.0
file_31f482e3,NTFS,SSD_TRIM_ON,604800,0.2,331946,document,clusters_marked_free,none,0.0
file_d35ae2e3,NTFS,SSD_TRIM_ON,604800,0.2,467946,audio,clusters_marked_free,none,0.0
file_1daf720f,NTFS,SSD_TRIM_ON,604800,0.2,190303,document,clusters_marked_free,none,0.0
file_3cdb5531,NTFS,SSD_TRIM_ON,604800,0.2,330081,document,clusters_marked_free,none,0.0
file_bb732a4b,NTFS,SSD_TRIM_ON,604800,0.2,235527,audio,clusters_marked_free,none,0.0
file_a3409fe4,NTFS,SSD_TRIM_ON,604800,0.5,178894,image,overwritten,none,0.0
file_ad054c60,NTFS,SSD_TRIM_ON,604800,0.5,305272,audio,overwritten,none,0.0
file_2ef7ef46,NTFS,SSD_TRIM_ON,604800,0.5,345465,document,overwritten,none,0.0
file_5dac3662,NTFS,SSD_TRIM_ON,604800,0.5,257406,database,overwritten,none,0.0
file_9a552631,NTFS,SSD_TRIM_ON,604800,0.5,249747,image,overwritten,none,0.0
file_53ee5bf8,NTFS,SSD_TRIM_ON,604800,0.5,101612,document,overwritten,none,0.0
file_a294692f,NTFS,SSD_TRIM_ON,604800,0.5,244480,document,overwritten,none,0.0
file_6749c937,NTFS,SSD_TRIM_ON,604800,0.5,411435,document,overwritten,none,0.0
file_e60655b2,NTFS,SSD_TRIM_ON,604800,0.5,316710,document,overwritten,none,0.0
file_b75ecc36,NTFS,SSD_TRIM_ON,604800,0.5,280732,database,overwritten,none,0.0
file_afb73a2b,NTFS,SSD_TRIM_ON,604800,0.5,184157,document,overwritten,none,0.0
file_5fdb300e,NTFS,SSD_TRIM_ON,604800,0.5,798097,audio,overwritten,none,0.0
file_414dbffc,NTFS,SSD_TRIM_ON,604800,0.5,196415,image,overwritten,none,0.0
file_6d30abe5,NTFS,SSD_TRIM_ON,604800,0.5,407897,audio,overwritten,none,0.0
file_8c166e54,NTFS,SSD_TRIM_ON,604800,0.5,126100,document,overwritten,none,0.0
file_d388d175,NTFS,SSD_TRIM_ON,604800,0.8,146448,image,overwritten,none,0.0
file_d5f76020,NTFS,SSD_TRIM_ON,604800,0.8,94762,database,overwritten,none,0.0
file_70d4c68e,NTFS,SSD_TRIM_ON,604800,0.8,906331,audio,overwritten,none,0.0
file_c14503a0,NTFS,SSD_TRIM_ON,604800,0.8,474112,document,overwritten,none,0.0
file_8fd6eb6c,NTFS,SSD_TRIM_ON,604800,0.8,230975,document,overwritten,none,0.0
file_27275650,NTFS,SSD_TRIM_ON,604800,0.8,336523,audio,overwritten,none,0.0
file_d67e1e35,NTFS,SSD_TRIM_ON,604800,0.8,179280,document,overwritten,none,0.0
file_49ade9f4,NTFS,SSD_TRIM_ON,604800,0.8,353032,audio,overwritten,none,0.0
file_baa7ffcb,NTFS,SSD_TRIM_ON,604800,0.8,460380,audio,overwritten,none,0.0
file_0d04162c,NTFS,SSD_TRIM_ON,604800,0.8,289903,audio,overwritten,none,0.0
file_c72b708a,NTFS,SSD_TRIM_ON,604800,0.8,920216,audio,overwritten,none,0.0
file_a9513a4a,NTFS,SSD_TRIM_ON,604800,0.8,942866,audio,overwritten,partial,0.56
file_332b9493,NTFS,SSD_TRIM_ON,604800,0.8,137257,image,overwritten,none,0.0
file_ab4551a7,NTFS,SSD_TRIM_ON,604800,0.8,571512,audio,overwritten,none,0.0
file_8482ff61,NTFS,SSD_TRIM_ON,604800,0.8,250008,database,overwritten,none,0.0
file_887a5ce2,NTFS,SSD_TRIM_OFF,0,0.2,51405,image,entry_present,full,1.0
file_42a1b67b,NTFS,SSD_TRIM_OFF,0,0.2,903869,audio,entry_present,full,1.0
file_a7debe19,NTFS,SSD_TRIM_OFF,0,0.2,74780,database,entry_present,full,1.0
file_c3a172a0,NTFS,SSD_TRIM_OFF,0,0.2,325411,document,entry_present,full,1.0
file_8975a799,NTFS,SSD_TRIM_OFF,0,0.2,358094,document,entry_present,full,1.0
file_22fa6c72,NTFS,SSD_TRIM_OFF,0,0.2,361730,document,entry_present,full,1.0
file_123cc2b9,NTFS,SSD_TRIM_OFF,0,0.2,269054,document,entry_present,full,1.0
file_9c2d221d,NTFS,SSD_TRIM_OFF,0,0.2,281471,database,entry_present,full,1.0
file_5eed58ea,NTFS,SSD_TRIM_OFF,0,0.2,351042,document,entry_present,full,1.0
file_4a3648a0,NTFS,SSD_TRIM_OFF,0,0.2,358612,audio,entry_present,full,1.0
file_e2447c04,NTFS,SSD_TRIM_OFF,0,0.2,255807,audio,entry_present,full,1.0
file_6692f865,NTFS,SSD_TRIM_OFF,0,0.2,472864,audio,entry_present,full,1.0
file_076b1dfe,NTFS,SSD_TRIM_OFF,0,0.2,657629,audio,entry_present,full,1.0
file_bef29410,NTFS,SSD_TRIM_OFF,0,0.2,573838,audio,entry_present,partial,0.56
file_966fbfc3,NTFS,SSD_TRIM_OFF,0,0.2,716935,audio,entry_present,full,1.0
file_fb4881eb,NTFS,SSD_TRIM_OFF,0,0.5,129061,document,entry_present,full,1.0
file_86d4a32a,NTFS,SSD_TRIM_OFF,0,0.5,174715,document,entry_present,full,1.0
file_fc613ee8,NTFS,SSD_TRIM_OFF,0,0.5,297542,database,entry_present,full,1.0
file_775a96cd,NTFS,SSD_TRIM_OFF,0,0.5,405946,document,entry_present,full,1.0
file_2efb8cec,NTFS,SSD_TRIM_OFF,0,0.5,318323,document,entry_present,full,1.0
file_bb49fde8,NTFS,SSD_TRIM_OFF,0,0.5,361153,document,entry_present,full,1.0
file_3c717356,NTFS,SSD_TRIM_OFF,0,0.5,153329,image,entry_present,full,1.0
file_2af4b45d,NTFS,SSD_TRIM_OFF,0,0.5,134813,image,entry_present,full,1.0
file_3bac645a,NTFS,SSD_TRIM_OFF,0,0.5,676111,audio,entry_present,full,1.0
file_4ef89cc9,NTFS,SSD_TRIM_OFF,0,0.5,391534,document,entry_present,full,1.0
file_29d740f3,NTFS,SSD_TRIM_OFF,0,0.5,182777,database,entry_present,full,1.0
file_68a5b171,NTFS,SSD_TRIM_OFF,0,0.5,97900,database,entry_present,full,1.0
file_3de87275,NTFS,SSD_TRIM_OFF,0,0.5,109116,document,entry_present,full,1.0
file_7f9e80ce,NTFS,SSD_TRIM_OFF,0,0.5,221887,database,entry_present,full,1.0
file_60b272df,NTFS,SSD_TRIM_OFF,0,0.5,293520,audio,entry_present,full,1.0
file_07a77155,NTFS,SSD_TRIM_OFF,0,0.8,185427,document,entry_present,full,1.0
file_3cdb2297,NTFS,SSD_TRIM_OFF,0,0.8,163230,document,entry_present,full,1.0
file_aaf4811b,NTFS,SSD_TRIM_OFF,0,0.8,971635,audio,entry_present,full,1.0
file_3c8b7974,NTFS,SSD_TRIM_OFF,0,0.8,288242,document,entry_present,full,1.0
file_73ce7224,NTFS,SSD_TRIM_OFF,0,0.8,348777,document,entry_present,full,1.0
file_eefc06c2,NTFS,SSD_TRIM_OFF,0,0.8,375204,document,entry_present,full,1.0
file_611c3b43,NTFS,SSD_TRIM_OFF,0,0.8,248309,image,entry_present,full,1.0
file_568a0f41,NTFS,SSD_TRIM_OFF,0,0.8,297462,audio,entry_present,full,1.0
file_a70bb11f,NTFS,SSD_TRIM_OFF,0,0.8,323020,document,entry_present,full,1.0
file_3a4c9f2f,NTFS,SSD_TRIM_OFF,0,0.8,752891,audio,entry_present,full,1.0
file_70b80985,NTFS,SSD_TRIM_OFF,0,0.8,86012,database,entry_present,full,1.0
file_4b9bdc4d,NTFS,SSD_TRIM_OFF,0,0.8,514985,audio,entry_present,full,1.0
file_3fc62eb5,NTFS,SSD_TRIM_OFF,0,0.8,458777,document,entry_present,full,1.0
file_1a497169,NTFS,SSD_TRIM_OFF,0,0.8,378076,document,entry_present,full,1.0
file_4a143e23,NTFS,SSD_TRIM_OFF,0,0.8,61821,image,entry_present,full,1.0
file_e5c0c45c,NTFS,SSD_TRIM_OFF,600,0.2,892956,audio,clusters_marked_free,full,1.0
file_75f617e3,NTFS,SSD_TRIM_OFF,600,0.2,266362,document,clusters_marked_free,full,1.0
file_a3bcd16e,NTFS,SSD_TRIM_OFF,600,0.2,244121,image,clusters_marked_free,full,1.0
file_23607d40,NTFS,SSD_TRIM_OFF,600,0.2,195529,document,clusters_marked_free,full,1.0
file_7f4c0ba7,NTFS,SSD_TRIM_OFF,600,0.2,244598,document,clusters_marked_free,full,1.0
file_5398b35a,NTFS,SSD_TRIM_OFF,600,0.2,994143,audio,clusters_marked_free,full,1.0
file_440f5f86,NTFS,SSD_TRIM_OFF,600,0.2,210660,document,clusters_marked_free,full,1.0
file_e2a4cc5b,NTFS,SSD_TRIM_OFF,600,0.2,131978,database,clusters_marked_free,full,1.0
file_0556cb68,NTFS,SSD_TRIM_OFF,600,0.2,153529,image,clusters_marked_free,full,1.0
file_e6ddcaa9,NTFS,SSD_TRIM_OFF,600,0.2,443828,document,clusters_marked_free,full,1.0
file_1a692019,NTFS,SSD_TRIM_OFF,600,0.2,254293,database,clusters_marked_free,full,1.0
file_6fec545e,NTFS,SSD_TRIM_OFF,600,0.2,277157,database,clusters_marked_free,full,1.0
file_d8d2bf81,NTFS,SSD_TRIM_OFF,600,0.2,517358,audio,clusters_marked_free,full,1.0
file_af303863,NTFS,SSD_TRIM_OFF,600,0.2,107274,document,clusters_marked_free,full,1.0
file_1f2c1bf2,NTFS,SSD_TRIM_OFF,600,0.2,114058,document,clusters_marked_free,full,1.0
file_6218b4bc,NTFS,SSD_TRIM_OFF,600,0.5,440650,document,clusters_marked_free,full,1.0
file_5d3dc312,NTFS,SSD_TRIM_OFF,600,0.5,114047,database,clusters_marked_free,full,1.0
file_1300a542,NTFS,SSD_TRIM_OFF,600,0.5,355362,audio,clusters_marked_free,full,1.0
file_2b4fcf4c,NTFS,SSD_TRIM_OFF,600,0.5,487334,document,clusters_marked_free,full,1.0
file_0c55919d,NTFS,SSD_TRIM_OFF,600,0.5,694392,audio,clusters_marked_free,full,1.0
file_8dc6900e,NTFS,SSD_TRIM_OFF,600,0.5,378545,document,clusters_marked_free,full,1.0
file_bd671ef3,NTFS,SSD_TRIM_OFF,600,0.5,253395,audio,clusters_marked_free,full,1.0
file_27e45b67,NTFS,SSD_TRIM_OFF,600,0.5,635878,audio,clusters_marked_free,full,1.0
file_c7654e2d,NTFS,SSD_TRIM_OFF,600,0.5,220195,database,clusters_marked_free,full,1.0
file_18a52b70,NTFS,SSD_TRIM_OFF,600,0.5,709713,audio,clusters_marked_free,full,1.0
file_7570827f,NTFS,SSD_TRIM_OFF,600,0.5,241908,database,clusters_marked_free,full,1.0
file_862241dd,NTFS,SSD_TRIM_OFF,600,0.5,188492,image,clusters_marked_free,full,1.0
file_5147e1f5,NTFS,SSD_TRIM_OFF,600,0.5,146798,database,clusters_marked_free,full,1.0
file_d366e63b,NTFS,SSD_TRIM_OFF,600,0.5,322621,audio,clusters_marked_free,full,1.0
file_c70b3532,NTFS,SSD_TRIM_OFF,600,0.5,315051,document,clusters_marked_free,full,1.0
file_4f80dd85,NTFS,SSD_TRIM_OFF,600,0.8,346017,document,clusters_marked_free,full,1.0
file_5cc46638,NTFS,SSD_TRIM_OFF,600,0.8,366147,document,clusters_marked_free,full,1.0
file_518048d7,NTFS,SSD_TRIM_OFF,600,0.8,287727,database,clusters_marked_free,full,1.0
file_32daa0f2,NTFS,SSD_TRIM_OFF,600,0.8,337529,audio,clusters_marked_free,full,1.0
file_3c752e04,NTFS,SSD_TRIM_OFF,600,0.8,905804,audio,clusters_marked_free,full,1.0
file_04c383e6,NTFS,SSD_TRIM_OFF,600,0.8,327634,document,clusters_marked_free,full,1.0
file_644d2a5e,NTFS,SSD_TRIM_OFF,600,0.8,125189,document,clusters_marked_free,full,1.0
file_fb882094,NTFS,SSD_TRIM_OFF,600,0.8,190854,document,clusters_marked_free,full,1.0
file_a84c758e,NTFS,SSD_TRIM_OFF,600,0.8,717708,audio,clusters_marked_free,full,1.0
file_245e3ec7,NTFS,SSD_TRIM_OFF,600,0.8,391939,document,clusters_marked_free,full,1.0
file_af9b80e3,NTFS,SSD_TRIM_OFF,600,0.8,163154,document,clusters_marked_free,full,1.0
file_f53d6879,NTFS,SSD_TRIM_OFF,600,0.8,72380,database,clusters_marked_free,full,1.0
file_d2e5311d,NTFS,SSD_TRIM_OFF,600,0.8,163275,document,clusters_marked_free,full,1.0
file_c2a3505d,NTFS,SSD_TRIM_OFF,600,0.8,470346,audio,clusters_marked_free,full,1.0
file_d5f701ad,NTFS,SSD_TRIM_OFF,600,0.8,134121,database,clusters_marked_free,full,1.0
file_69216d17,NTFS,SSD_TRIM_OFF,3600,0.2,222410,database,clusters_marked_free,full,1.0
file_6e6cdde4,NTFS,SSD_TRIM_OFF,3600,0.2,679341,audio,clusters_marked_free,partial,0.67
file_1cd85a74,NTFS,SSD_TRIM_OFF,3600,0.2,210057,image,clusters_marked_free,full,1.0
file_06a17cae,NTFS,SSD_TRIM_OFF,3600,0.2,75002,database,clusters_marked_free,full,1.0
file_df15ad2b,NTFS,SSD_TRIM_OFF,3600,0.2,430262,document,clusters_marked_free,full,1.0
file_fb42f111,NTFS,SSD_TRIM_OFF,3600,0.2,311482,document,clusters_marked_free,full,1.0
file_ad65ecb1,NTFS,SSD_TRIM_OFF,3600,0.2,968136,audio,clusters_marked_free,full,1.0
file_04376ce1,NTFS,SSD_TRIM_OFF,3600,0.2,164478,document,clusters_marked_free,full,1.0
file_86c23c54,NTFS,SSD_TRIM_OFF,3600,0.2,635945,audio,clusters_marked_free,full,1.0
file_00342414,NTFS,SSD_TRIM_OFF,3600,0.2,557900,audio,clusters_marked_free,full,1.0
file_34116e25,NTFS,SSD_TRIM_OFF,3600,0.2,144687,document,clusters_marked_free,full,1.0
file_2b2ca8c7,NTFS,SSD_TRIM_OFF,3600,0.2,179487,document,clusters_marked_free,full,1.0
file_f6e81892,NTFS,SSD_TRIM_OFF,3600,0.2,174551,database,clusters_marked_free,full,1.0
file_cc6980f8,NTFS,SSD_TRIM_OFF,3600,0.2,681037,audio,clusters_marked_free,partial,0.53
file_a6551cd3,NTFS,SSD_TRIM_OFF,3600,0.2,95604,document,clusters_marked_free,full,1.0
file_b2073951,NTFS,SSD_TRIM_OFF,3600,0.5,82240,database,clusters_marked_free,full,1.0
file_e2d4f56a,NTFS,SSD_TRIM_OFF,3600,0.5,290580,document,clusters_marked_free,full,1.0
file_d8c28ea6,NTFS,SSD_TRIM_OFF,3600,0.5,223061,image,clusters_marked_free,full,1.0
file_363acf62,NTFS,SSD_TRIM_OFF,3600,0.5,401233,document,clusters_marked_free,full,1.0
file_96016434,NTFS,SSD_TRIM_OFF,3600,0.5,141522,database,clusters_marked_free,full,1.0
file_34fa67d1,NTFS,SSD_TRIM_OFF,3600,0.5,292994,database,clusters_marked_free,full,1.0
file_ca9c2055,NTFS,SSD_TRIM_OFF,3600,0.5,123342,image,clusters_marked_free,full,1.0
file_5737ebe8,NTFS,SSD_TRIM_OFF,3600,0.5,102498,database,clusters_marked_free,full,1.0
file_5dc9bb50,NTFS,SSD_TRIM_OFF,3600,0.5,227672,database,clusters_marked_free,full,1.0
file_71519d74,NTFS,SSD_TRIM_OFF,3600,0.5,931351,audio,clusters_marked_free,full,1.0
file_751ebd7c,NTFS,SSD_TRIM_OFF,3600,0.5,258089,document,clusters_marked_free,full,1.0
file_98c7c465,NTFS,SSD_TRIM_OFF,3600,0.5,151685,database,clusters_marked_free,full,1.0
file_d6737574,NTFS,SSD_TRIM_OFF,3600,0.5,205764,database,clusters_marked_free,full,1.0
file_97615582,NTFS,SSD_TRIM_OFF,3600,0.5,184131,image,clusters_marked_free,full,1.0
file_272e8572,NTFS,SSD_TRIM_OFF,3600,0.5,112279,document,clusters_marked_free,full,1.0
file_3bc08271,NTFS,SSD_TRIM_OFF,3600,0.8,219321,database,clusters_marked_free,full,1.0
file_24f858e0,NTFS,SSD_TRIM_OFF,3600,0.8,729818,audio,clusters_marked_free,partial,0.28
file_46dfa5f3,NTFS,SSD_TRIM_OFF,3600,0.8,216187,document,clusters_marked_free,full,1.0
file_17ed4878,NTFS,SSD_TRIM_OFF,3600,0.8,167633,image,clusters_marked_free,full,1.0
file_43212114,NTFS,SSD_TRIM_OFF,3600,0.8,168789,image,clusters_marked_free,full,1.0
file_f5d31efb,NTFS,SSD_TRIM_OFF,3600,0.8,212267,database,clusters_marked_free,full,1.0
file_c1d2d98e,NTFS,SSD_TRIM_OFF,3600,0.8,285379,database,clusters_marked_free,full,1.0
file_52769d80,NTFS,SSD_TRIM_OFF,3600,0.8,240274,database,clusters_marked_free,full,1.0
file_96016598,NTFS,SSD_TRIM_OFF,3600,0.8,744909,audio,clusters_marked_free,full,1.0
file_aa861eed,NTFS,SSD_TRIM_OFF,3600,0.8,289408,document,clusters_marked_free,full,1.0
file_48e2a8c5,NTFS,SSD_TRIM_OFF,3600,0.8,473104,document,clusters_marked_free,full,1.0
file_92407e3b,NTFS,SSD_TRIM_OFF,3600,0.8,336381,audio,clusters_marked_free,full,1.0
file_e2eaadb5,NTFS,SSD_TRIM_OFF,3600,0.8,281865,audio,clusters_marked_free,full,1.0
file_96dfadf7,NTFS,SSD_TRIM_OFF,3600,0.8,268164,database,clusters_marked_free,full,1.0
file_af98e8ff,NTFS,SSD_TRIM_OFF,3600,0.8,386343,document,clusters_marked_free,full,1.0
file_3e3ec7f6,NTFS,SSD_TRIM_OFF,86400,0.2,967260,audio,clusters_marked_free,partial,0.7
file_6eca78f2,NTFS,SSD_TRIM_OFF,86400,0.2,365177,document,clusters_marked_free,partial,0.64
file_2512eaf5,NTFS,SSD_TRIM_OFF,86400,0.2,94948,database,clusters_marked_free,partial,0.5
file_3b99b145,NTFS,SSD_TRIM_OFF,86400,0.2,245689,image,clusters_marked_free,full,1.0
file_1be625e7,NTFS,SSD_TRIM_OFF,86400,0.2,207705,image,clusters_marked_free,partial,0.31
file_01ecc6fc,NTFS,SSD_TRIM_OFF,86400,0.2,379769,document,clusters_marked_free,full,1.0
file_1c630d24,NTFS,SSD_TRIM_OFF,86400,0.2,276324,document,clusters_marked_free,partial,0.52
file_9bebc8d9,NTFS,SSD_TRIM_OFF,86400,0.2,174522,document,clusters_marked_free,full,1.0
file_50599a56,NTFS,SSD_TRIM_OFF,86400,0.2,228626,document,clusters_marked_free,full,1.0
file_4dea4df0,NTFS,SSD_TRIM_OFF,86400,0.2,202187,audio,clusters_marked_free,full,1.0
file_90f245d7,NTFS,SSD_TRIM_OFF,86400,0.2,704550,audio,clusters_marked_free,full,1.0
file_7a33d566,NTFS,SSD_TRIM_OFF,86400,0.2,182587,database,clusters_marked_free,partial,0.65
file_4271ab19,NTFS,SSD_TRIM_OFF,86400,0.2,98815,database,clusters_marked_free,full,1.0
file_a13607d8,NTFS,SSD_TRIM_OFF,86400,0.2,230844,database,clusters_marked_free,full,1.0
file_b7bd77f1,NTFS,SSD_TRIM_OFF,86400,0.2,126826,document,clusters_marked_free,full,1.0
file_edf4233c,NTFS,SSD_TRIM_OFF,86400,0.5,171381,database,clusters_marked_free,partial,0.28
file_9c9950ee,NTFS,SSD_TRIM_OFF,86400,0.5,971660,audio,clusters_marked_free,partial,0.3
file_86b6b129,NTFS,SSD_TRIM_OFF,86400,0.5,470780,document,clusters_marked_free,partial,0.42
file_4c091f5a,NTFS,SSD_TRIM_OFF,86400,0.5,218798,image,clusters_marked_free,partial,0.36
file_563df51f,NTFS,SSD_TRIM_OFF,86400,0.5,206038,database,clusters_marked_free,partial,0.35
file_37a38189,NTFS,SSD_TRIM_OFF,86400,0.5,727054,audio,clusters_marked_free,partial,0.32
file_1ad68a94,NTFS,SSD_TRIM_OFF,86400,0.5,111118,database,clusters_marked_free,partial,0.71
file_62abb1a2,NTFS,SSD_TRIM_OFF,86400,0.5,180452,database,clusters_marked_free,full,1.0
file_555b608d,NTFS,SSD_TRIM_OFF,86400,0.5,223083,database,clusters_marked_free,partial,0.76
file_20245d52,NTFS,SSD_TRIM_OFF,86400,0.5,309122,document,clusters_marked_free,partial,0.26
file_65c37b19,NTFS,SSD_TRIM_OFF,86400,0.5,147199,database,clusters_marked_free,none,0.0
file_b0c5439d,NTFS,SSD_TRIM_OFF,86400,0.5,108081,database,clusters_marked_free,partial,0.35
file_743f2c49,NTFS,SSD_TRIM_OFF,86400,0.5,90429,image,clusters_marked_free,partial,0.59
file_1770ec0d,NTFS,SSD_TRIM_OFF,86400,0.5,175136,document,clusters_marked_free,full,1.0
file_6771ac31,NTFS,SSD_TRIM_OFF,86400,0.5,128125,image,clusters_marked_free,partial,0.43
file_c8f43f63,NTFS,SSD_TRIM_OFF,86400,0.8,326842,audio,clusters_marked_free,partial,0.38
file_991d8fe5,NTFS,SSD_TRIM_OFF,86400,0.8,217624,database,clusters_marked_free,none,0.0
file_dffc5f1d,NTFS,SSD_TRIM_OFF,86400,0.8,120592,image,clusters_marked_free,partial,0.51
file_6f6f6da7,NTFS,SSD_TRIM_OFF,86400,0.8,268637,audio,clusters_marked_free,partial,0.74
file_66dc6e5c,NTFS,SSD_TRIM_OFF,86400,0.8,370495,document,clusters_marked_free,none,0.0
file_7b78deea,NTFS,SSD_TRIM_OFF,86400,0.8,114570,image,clusters_marked_free,none,0.0
file_04ce1cf6,NTFS,SSD_TRIM_OFF,86400,0.8,170626,database,clusters_marked_free,partial,0.72
file_dbae7a2c,NTFS,SSD_TRIM_OFF,86400,0.8,117335,database,clusters_marked_free,none,0.0
file_069e8f2d,NTFS,SSD_TRIM_OFF,86400,0.8,228535,document,clusters_marked_free,partial,0.48
file_7a8b17a6,NTFS,SSD_TRIM_OFF,86400,0.8,182421,database,clusters_marked_free,none,0.0
file_be2a1a87,NTFS,SSD_TRIM_OFF,86400,0.8,139825,database,clusters_marked_free,none,0.0
file_617c1ac4,NTFS,SSD_TRIM_OFF,86400,0.8,100284,document,clusters_marked_free,none,0.0
file_41954213,NTFS,SSD_TRIM_OFF,86400,0.8,279309,document,clusters_marked_free,none,0.0
file_e16fff13,NTFS,SSD_TRIM_OFF,86400,0.8,406791,document,clusters_marked_free,none,0.0
file_131f6ce3,NTFS,SSD_TRIM_OFF,86400,0.8,211608,database,clusters_marked_free,full,1.0
file_0159b366,NTFS,SSD_TRIM_OFF,604800,0.2,153626,image,clusters_marked_free,partial,0.8
file_507dae7f,NTFS,SSD_TRIM_OFF,604800,0.2,421092,audio,clusters_marked_free,partial,0.78
file_26d0d558,NTFS,SSD_TRIM_OFF,604800,0.2,259639,document,clusters_marked_free,partial,0.4
file_4fdadeb2,NTFS,SSD_TRIM_OFF,604800,0.2,259112,document,clusters_marked_free,partial,0.78
file_f2eb086f,NTFS,SSD_TRIM_OFF,604800,0.2,88322,document,clusters_marked_free,partial,0.58
file_e0454773,NTFS,SSD_TRIM_OFF,604800,0.2,52510,image,clusters_marked_free,partial,0.48
file_2f70d3a2,NTFS,SSD_TRIM_OFF,604800,0.2,999502,audio,clusters_marked_free,partial,0.61
file_51b7ce41,NTFS,SSD_TRIM_OFF,604800,0.2,72112,database,clusters_marked_free,partial,0.7
file_921a71b6,NTFS,SSD_TRIM_OFF,604800,0.2,904900,audio,clusters_marked_free,partial,0.58
file_336da963,NTFS,SSD_TRIM_OFF,604800,0.2,385793,audio,clusters_marked_free,partial,0.7
file_ee4b03e0,NTFS,SSD_TRIM_OFF,604800,0.2,82706,image,clusters_marked_free,partial,0.37
file_bd84087a,NTFS,SSD_TRIM_OFF,604800,0.2,248815,image,clusters_marked_free,partial,0.76
file_883e7b00,NTFS,SSD_TRIM_OFF,604800,0.2,180407,document,clusters_marked_free,partial,0.64
file_a859a335,NTFS,SSD_TRIM_OFF,604800,0.2,358897,document,clusters_marked_free,none,0.0
file_a3f83829,NTFS,SSD_TRIM_OFF,604800,0.2,123598,image,clusters_marked_free,partial,0.25
file_b43a46d9,NTFS,SSD_TRIM_OFF,604800,0.5,316335,audio,overwritten,none,0.0
file_532c2b33,NTFS,SSD_TRIM_OFF,604800,0.5,195157,database,overwritten,none,0.0
file_f07cee1e,NTFS,SSD_TRIM_OFF,604800,0.5,240206,database,overwritten,none,0.0
file_ef786731,NTFS,SSD_TRIM_OFF,604800,0.5,110013,database,overwritten,partial,0.39
file_d7069190,NTFS,SSD_TRIM_OFF,604800,0.5,288258,database,overwritten,none,0.0
file_7181cb7a,NTFS,SSD_TRIM_OFF,604800,0.5,255076,database,overwritten,none,0.0
file_c1d1ee65,NTFS,SSD_TRIM_OFF,604800,0.5,225076,database,overwritten,none,0.0
file_08da5b97,NTFS,SSD_TRIM_OFF,604800,0.5,295499,database,overwritten,none,0.0
file_2fe36c14,NTFS,SSD_TRIM_OFF,604800,0.5,134672,image,overwritten,none,0.0
file_07edac22,NTFS,SSD_TRIM_OFF,604800,0.5,487347,audio,overwritten,none,0.0
file_3c74907e,NTFS,SSD_TRIM_OFF,604800,0.5,262972,database,overwritten,partial,0.65
file_d0c93014,NTFS,SSD_TRIM_OFF,604800,0.5,122858,image,overwritten,none,0.0
file_0b9593e4,NTFS,SSD_TRIM_OFF,604800,0.5,404061,audio,overwritten,none,0.0
file_b124f18a,NTFS,SSD_TRIM_OFF,604800,0.5,275726,database,overwritten,none,0.0
file_9991d9a6,NTFS,SSD_TRIM_OFF,604800,0.5,278056,audio,overwritten,none,0.0
file_b0257b0a,NTFS,SSD_TRIM_OFF,604800,0.8,186235,document,overwritten,none,0.0
file_384108f1,NTFS,SSD_TRIM_OFF,604800,0.8,175820,image,overwritten,none,0.0
file_563a14cf,NTFS,SSD_TRIM_OFF,604800,0.8,205328,image,overwritten,none,0.0
file_c2e8e74f,NTFS,SSD_TRIM_OFF,604800,0.8,156539,document,overwritten,none,0.0
file_1b9f2dcf,NTFS,SSD_TRIM_OFF,604800,0.8,108538,document,overwritten,none,0.0
file_7bb886eb,NTFS,SSD_TRIM_OFF,604800,0.8,207277,image,overwritten,none,0.0
file_42e4705c,NTFS,SSD_TRIM_OFF,604800,0.8,213931,image,overwritten,none,0.0
file_335149ef,NTFS,SSD_TRIM_OFF,604800,0.8,148931,image,overwritten,none,0.0
file_082ed6a0,NTFS,SSD_TRIM_OFF,604800,0.8,83432,image,overwritten,partial,0.59
file_274adcf2,NTFS,SSD_TRIM_OFF,604800,0.8,268986,audio,overwritten,none,0.0
file_78501b0d,NTFS,SSD_TRIM_OFF,604800,0.8,196606,image,overwritten,none,0.0
file_328515b2,NTFS,SSD_TRIM_OFF,604800,0.8,261122,database,overwritten,none,0.0
file_079116d1,NTFS,SSD_TRIM_OFF,604800,0.8,270431,database,overwritten,none,0.0
file_43708ccc,NTFS,SSD_TRIM_OFF,604800,0.8,850338,audio,overwritten,none,0.0
file_c73fc18a,NTFS,SSD_TRIM_OFF,604800,0.8,93616,document,overwritten,none,0.0
file_1a2f6cd4,F2FS,HDD,0,0.2,53221,image,entry_present,full,1.0
file_b19d0547,F2FS,HDD,0,0.2,205421,image,entry_present,full,1.0
file_f791eadb,F2FS,HDD,0,0.2,131183,database,entry_present,full,1.0
file_006bce32,F2FS,HDD,0,0.2,959822,audio,entry_present,full,1.0
file_e9ca64cc,F2FS,HDD,0,0.2,65857,image,entry_present,full,1.0
file_4518a63d,F2FS,HDD,0,0.2,178254,database,entry_present,full,1.0
file_b224467d,F2FS,HDD,0,0.2,296055,database,entry_present,full,1.0
file_96bae829,F2FS,HDD,0,0.2,177284,document,entry_present,full,1.0
file_d2b6d9e0,F2FS,HDD,0,0.2,185706,image,entry_present,full,1.0
file_1bb6f30e,F2FS,HDD,0,0.2,130050,document,entry_present,full,1.0
file_51405773,F2FS,HDD,0,0.2,160640,image,entry_present,full,1.0
file_3bd4ab0c,F2FS,HDD,0,0.2,435835,document,entry_present,full,1.0
file_e0c4cc1e,F2FS,HDD,0,0.2,928531,audio,entry_present,full,1.0
file_b5b629ad,F2FS,HDD,0,0.2,828896,audio,entry_present,full,1.0
file_e5a23e11,F2FS,HDD,0,0.2,237093,document,entry_present,full,1.0
file_9994c4d5,F2FS,HDD,0,0.5,154970,document,entry_present,full,1.0
file_355d8de0,F2FS,HDD,0,0.5,101938,document,entry_present,full,1.0
file_b6075524,F2FS,HDD,0,0.5,344599,document,entry_present,full,1.0
file_00ecadf8,F2FS,HDD,0,0.5,277086,document,entry_present,full,1.0
file_ea2cf830,F2FS,HDD,0,0.5,103526,document,entry_present,full,1.0
file_28926412,F2FS,HDD,0,0.5,87329,image,entry_present,full,1.0
file_e853dccd,F2FS,HDD,0,0.5,431001,document,entry_present,full,1.0
file_bf590982,F2FS,HDD,0,0.5,102198,image,entry_present,full,1.0
file_ed96c449,F2FS,HDD,0,0.5,214790,document,entry_present,full,1.0
file_53742305,F2FS,HDD,0,0.5,128478,database,entry_present,full,1.0
file_2f97df89,F2FS,HDD,0,0.5,96157,image,entry_present,full,1.0
file_8831429e,F2FS,HDD,0,0.5,298664,document,entry_present,full,1.0
file_a440786d,F2FS,HDD,0,0.5,138705,image,entry_present,full,1.0
file_96990b2a,F2FS,HDD,0,0.5,169841,document,entry_present,full,1.0
file_187241f8,F2FS,HDD,0,0.5,295122,database,entry_present,full,1.0
file_2ce53e37,F2FS,HDD,0,0.8,199426,document,entry_present,full,1.0
file_22551b2a,F2FS,HDD,0,0.8,928082,audio,entry_present,partial,0.38
file_7db01778,F2FS,HDD,0,0.8,211488,image,entry_present,full,1.0
file_aaf80229,F2FS,HDD,0,0.8,141118,database,entry_present,full,1.0
file_e79024d8,F2FS,HDD,0,0.8,146300,document,entry_present,full,1.0
file_dfa72dad,F2FS,HDD,0,0.8,296216,database,entry_present,full,1.0
file_6a9ff547,F2FS,HDD,0,0.8,81006,database,entry_present,full,1.0
file_8f58504c,F2FS,HDD,0,0.8,987803,audio,entry_present,full,1.0
file_8dc8ab52,F2FS,HDD,0,0.8,185704,database,entry_present,full,1.0
file_989cf349,F2FS,HDD,0,0.8,355500,document,entry_present,full,1.0
file_c593b332,F2FS,HDD,0,0.8,384709,document,entry_present,full,1.0
file_466d6576,F2FS,HDD,0,0.8,234324,database,entry_present,full,1.0
file_3c17e6ce,F2FS,HDD,0,0.8,307565,document,entry_present,full,1.0
file_0757a0e6,F2FS,HDD,0,0.8,595400,audio,entry_present,full,1.0
file_96870b1e,F2FS,HDD,0,0.8,86219,database,entry_present,full,1.0
file_260213f7,F2FS,HDD,600,0.2,127345,image,clusters_marked_free,full,1.0
file_7687fafb,F2FS,HDD,600,0.2,737145,audio,clusters_marked_free,full,1.0
file_fa78de2e,F2FS,HDD,600,0.2,673066,audio,clusters_marked_free,full,1.0
file_a3844f15,F2FS,HDD,600,0.2,223140,document,clusters_marked_free,full,1.0
file_8705c88f,F2FS,HDD,600,0.2,331571,document,clusters_marked_free,full,1.0
file_4ca63143,F2FS,HDD,600,0.2,127206,image,clusters_marked_free,full,1.0
file_dec3e50c,F2FS,HDD,600,0.2,207301,database,clusters_marked_free,full,1.0
file_b5b5d953,F2FS,HDD,600,0.2,81087,image,clusters_marked_free,full,1.0
file_c18d02b3,F2FS,HDD,600,0.2,193137,image,clusters_marked_free,full,1.0
file_ad3d695d,F2FS,HDD,600,0.2,223898,document,clusters_marked_free,full,1.0
file_0fafbd80,F2FS,HDD,600,0.2,100140,database,clusters_marked_free,full,1.0
file_48b3f50a,F2FS,HDD,600,0.2,84474,document,clusters_marked_free,full,1.0
file_7235394d,F2FS,HDD,600,0.2,261735,document,clusters_marked_free,full,1.0
file_7357d4df,F2FS,HDD,600,0.2,262654,database,clusters_marked_free,full,1.0
file_eb52279a,F2FS,HDD,600,0.2,885864,audio,clusters_marked_free,full,1.0
file_fda54a77,F2FS,HDD,600,0.5,438633,audio,clusters_marked_free,full,1.0
file_63dd5644,F2FS,HDD,600,0.5,348742,document,clusters_marked_free,full,1.0
file_c16967fe,F2FS,HDD,600,0.5,957607,audio,clusters_marked_free,full,1.0
file_aebdd166,F2FS,HDD,600,0.5,125023,document,clusters_marked_free,full,1.0
file_1574dbb4,F2FS,HDD,600,0.5,419765,audio,clusters_marked_free,full,1.0
file_8521df51,F2FS,HDD,600,0.5,71891,database,clusters_marked_free,full,1.0
file_e2470df2,F2FS,HDD,600,0.5,181019,image,clusters_marked_free,full,1.0
file_9fb7a769,F2FS,HDD,600,0.5,258164,document,clusters_marked_free,full,1.0
file_9f4a53bc,F2FS,HDD,600,0.5,142548,database,clusters_marked_free,full,1.0
file_332d7094,F2FS,HDD,600,0.5,198787,image,clusters_marked_free,full,1.0
file_3341f0a2,F2FS,HDD,600,0.5,377895,document,clusters_marked_free,full,1.0
file_40d3f3e5,F2FS,HDD,600,0.5,223340,database,clusters_marked_free,full,1.0
file_a4f90d83,F2FS,HDD,600,0.5,266803,audio,clusters_marked_free,full,1.0
file_4cd249b1,F2FS,HDD,600,0.5,348920,document,clusters_marked_free,full,1.0
file_c96e850d,F2FS,HDD,600,0.5,128885,document,clusters_marked_free,full,1.0
file_d61d6702,F2FS,HDD,600,0.8,110566,database,clusters_marked_free,full,1.0
file_7f81d43a,F2FS,HDD,600,0.8,204332,document,clusters_marked_free,full,1.0
file_d959305e,F2FS,HDD,600,0.8,497604,audio,clusters_marked_free,full,1.0
file_ef3af04f,F2FS,HDD,600,0.8,260244,audio,clusters_marked_free,full,1.0
file_5220925c,F2FS,HDD,600,0.8,95043,image,clusters_marked_free,full,1.0
file_898cc3e1,F2FS,HDD,600,0.8,83852,image,clusters_marked_free,full,1.0
file_d2fcf4be,F2FS,HDD,600,0.8,979241,audio,clusters_marked_free,full,1.0
file_bde9d945,F2FS,HDD,600,0.8,207833,document,clusters_marked_free,full,1.0
file_b0b631eb,F2FS,HDD,600,0.8,366494,audio,clusters_marked_free,full,1.0
file_91913e29,F2FS,HDD,600,0.8,251897,database,clusters_marked_free,full,1.0
file_c75280b4,F2FS,HDD,600,0.8,185750,document,clusters_marked_free,full,1.0
file_888032ea,F2FS,HDD,600,0.8,834229,audio,clusters_marked_free,full,1.0
file_a8378df4,F2FS,HDD,600,0.8,150216,database,clusters_marked_free,full,1.0
file_0653b3c0,F2FS,HDD,600,0.8,74245,database,clusters_marked_free,full,1.0
file_4facc6d7,F2FS,HDD,600,0.8,319236,document,clusters_marked_free,full,1.0
file_4904863c,F2FS,HDD,3600,0.2,842805,audio,clusters_marked_free,full,1.0
file_1531fa31,F2FS,HDD,3600,0.2,317607,document,clusters_marked_free,full,1.0
file_7d8dca90,F2FS,HDD,3600,0.2,603350,audio,clusters_marked_free,full,1.0
file_847ed4d6,F2FS,HDD,3600,0.2,466226,document,clusters_marked_free,full,1.0
file_07d68a97,F2FS,HDD,3600,0.2,182801,document,clusters_marked_free,full,1.0
file_2111ee6d,F2FS,HDD,3600,0.2,140517,database,clusters_marked_free,full,1.0
file_2cc6462b,F2FS,HDD,3600,0.2,358729,document,clusters_marked_free,full,1.0
file_c09c0313,F2FS,HDD,3600,0.2,95779,database,clusters_marked_free,full,1.0
file_4cfef7f6,F2FS,HDD,3600,0.2,295008,document,clusters_marked_free,full,1.0
file_95ee7bbf,F2FS,HDD,3600,0.2,188722,document,clusters_marked_free,full,1.0
file_cdc3ab58,F2FS,HDD,3600,0.2,599670,audio,clusters_marked_free,full,1.0
file_b2ab0b47,F2FS,HDD,3600,0.2,403846,audio,clusters_marked_free,full,1.0
file_3a980560,F2FS,HDD,3600,0.2,271500,document,clusters_marked_free,full,1.0
file_988db754,F2FS,HDD,3600,0.2,708306,audio,clusters_marked_free,full,1.0
file_fd79b5cc,F2FS,HDD,3600,0.2,347068,audio,clusters_marked_free,full,1.0
file_4be9b86d,F2FS,HDD,3600,0.5,164602,document,clusters_marked_free,full,1.0
file_d8569fa3,F2FS,HDD,3600,0.5,145091,document,clusters_marked_free,full,1.0
file_bb785013,F2FS,HDD,3600,0.5,376636,audio,clusters_marked_free,full,1.0
file_7424f75d,F2FS,HDD,3600,0.5,331031,document,clusters_marked_free,full,1.0
file_0217c594,F2FS,HDD,3600,0.5,474557,document,clusters_marked_free,full,1.0
file_1378f7a6,F2FS,HDD,3600,0.5,216406,image,clusters_marked_free,full,1.0
file_95c26bbb,F2FS,HDD,3600,0.5,152398,image,clusters_marked_free,full,1.0
file_57fa4ff4,F2FS,HDD,3600,0.5,148931,image,clusters_marked_free,full,1.0
file_8dcabb0e,F2FS,HDD,3600,0.5,296421,document,clusters_marked_free,full,1.0
file_efb9b1a2,F2FS,HDD,3600,0.5,53816,image,clusters_marked_free,full,1.0
file_078de2e4,F2FS,HDD,3600,0.5,456494,document,clusters_marked_free,full,1.0
file_73724b26,F2FS,HDD,3600,0.5,479590,document,clusters_marked_free,full,1.0
file_9856a075,F2FS,HDD,3600,0.5,737395,audio,clusters_marked_free,full,1.0
file_17558047,F2FS,HDD,3600,0.5,427508,document,clusters_marked_free,full,1.0
file_a133b41f,F2FS,HDD,3600,0.5,167563,database,clusters_marked_free,full,1.0
file_2698e55a,F2FS,HDD,3600,0.8,249537,document,clusters_marked_free,full,1.0
file_9df7c19c,F2FS,HDD,3600,0.8,885761,audio,clusters_marked_free,full,1.0
file_87e688fb,F2FS,HDD,3600,0.8,222480,image,clusters_marked_free,full,1.0
file_492881e3,F2FS,HDD,3600,0.8,160725,database,clusters_marked_free,partial,0.67
file_2397d9d9,F2FS,HDD,3600,0.8,306759,audio,clusters_marked_free,full,1.0
file_9ba97fa4,F2FS,HDD,3600,0.8,108946,database,clusters_marked_free,full,1.0
file_d2ae2072,F2FS,HDD,3600,0.8,910830,audio,clusters_marked_free,full,1.0
file_3445266a,F2FS,HDD,3600,0.8,274088,document,clusters_marked_free,full,1.0
file_79199a7b,F2FS,HDD,3600,0.8,270793,audio,clusters_marked_free,full,1.0
file_b95c3ee1,F2FS,HDD,3600,0.8,217363,database,clusters_marked_free,full,1.0
file_1ce25cbc,F2FS,HDD,3600,0.8,218001,database,clusters_marked_free,full,1.0
file_418d6b0c,F2FS,HDD,3600,0.8,110976,image,clusters_marked_free,full,1.0
file_9e474509,F2FS,HDD,3600,0.8,486879,document,clusters_marked_free,full,1.0
file_0f754f20,F2FS,HDD,3600,0.8,424935,document,clusters_marked_free,full,1.0
file_268b7e20,F2FS,HDD,3600,0.8,179519,document,clusters_marked_free,full,1.0
file_83947813,F2FS,HDD,86400,0.2,112407,image,clusters_marked_free,partial,0.66
file_1dc3e81e,F2FS,HDD,86400,0.2,150394,document,clusters_marked_free,full,1.0
file_51496f37,F2FS,HDD,86400,0.2,186543,image,clusters_marked_free,full,1.0
file_946456e4,F2FS,HDD,86400,0.2,110033,image,clusters_marked_free,full,1.0
file_adc30c8a,F2FS,HDD,86400,0.2,259688,document,clusters_marked_free,full,1.0
file_7b249d4f,F2FS,HDD,86400,0.2,460369,document,clusters_marked_free,partial,0.37
file_dcc61ac4,F2FS,HDD,86400,0.2,746802,audio,clusters_marked_free,full,1.0
file_34e116d7,F2FS,HDD,86400,0.2,273384,audio,clusters_marked_free,none,0.0
file_514cbaa8,F2FS,HDD,86400,0.2,216295,image,clusters_marked_free,partial,0.35
file_cf951fb2,F2FS,HDD,86400,0.2,281899,database,clusters_marked_free,full,1.0
file_35c35996,F2FS,HDD,86400,0.2,223894,document,clusters_marked_free,full,1.0
file_2d5579e1,F2FS,HDD,86400,0.2,478364,document,clusters_marked_free,full,1.0
file_b8547b30,F2FS,HDD,86400,0.2,385006,audio,clusters_marked_free,full,1.0
file_63aab2f9,F2FS,HDD,86400,0.2,242533,document,clusters_marked_free,full,1.0
file_a8b7a2cb,F2FS,HDD,86400,0.2,283902,audio,clusters_marked_free,partial,0.51
file_2ea8cd51,F2FS,HDD,86400,0.5,729837,audio,clusters_marked_free,partial,0.49
file_f79dd0cf,F2FS,HDD,86400,0.5,352707,document,clusters_marked_free,partial,0.67
file_0e69ff98,F2FS,HDD,86400,0.5,392047,document,clusters_marked_free,partial,0.55
file_03ac5ba5,F2FS,HDD,86400,0.5,234894,document,clusters_marked_free,partial,0.56
file_dd1a13a1,F2FS,HDD,86400,0.5,275434,audio,clusters_marked_free,partial,0.64
file_4cd5c57a,F2FS,HDD,86400,0.5,181120,document,clusters_marked_free,partial,0.65
file_24d1291b,F2FS,HDD,86400,0.5,337663,document,clusters_marked_free,partial,0.48
file_b078b103,F2FS,HDD,86400,0.5,978246,audio,clusters_marked_free,partial,0.57
file_457853b4,F2FS,HDD,86400,0.5,240712,audio,clusters_marked_free,none,0.0
file_ed724eaf,F2FS,HDD,86400,0.5,150879,image,clusters_marked_free,partial,0.78
file_e424dcee,F2FS,HDD,86400,0.5,347181,document,clusters_marked_free,partial,0.6
file_713742f8,F2FS,HDD,86400,0.5,110253,document,clusters_marked_free,partial,0.38
file_4c370a28,F2FS,HDD,86400,0.5,144742,image,clusters_marked_free,partial,0.62
file_9044948a,F2FS,HDD,86400,0.5,237012,document,clusters_marked_free,partial,0.39
file_391c4b29,F2FS,HDD,86400,0.5,237697,database,clusters_marked_free,partial,0.26
file_18ee378f,F2FS,HDD,86400,0.8,218924,image,clusters_marked_free,partial,0.79
file_3abba5a6,F2FS,HDD,86400,0.8,185931,image,clusters_marked_free,partial,0.73
file_3b19c996,F2FS,HDD,86400,0.8,323803,document,clusters_marked_free,none,0.0
file_20596c5e,F2FS,HDD,86400,0.8,814549,audio,clusters_marked_free,none,0.0
file_bc92c634,F2FS,HDD,86400,0.8,989013,audio,clusters_marked_free,partial,0.6
file_96254a36,F2FS,HDD,86400,0.8,154822,document,clusters_marked_free,partial,0.37
file_a3931d70,F2FS,HDD,86400,0.8,932964,audio,clusters_marked_free,partial,0.25
file_21fcf51b,F2FS,HDD,86400,0.8,232535,image,clusters_marked_free,none,0.0
file_b0fbed41,F2FS,HDD,86400,0.8,886315,audio,clusters_marked_free,partial,0.35
file_735b55f3,F2FS,HDD,86400,0.8,203819,document,clusters_marked_free,none,0.0
file_5ec60b33,F2FS,HDD,86400,0.8,92898,database,clusters_marked_free,partial,0.28
file_cd0d37bc,F2FS,HDD,86400,0.8,498020,document,clusters_marked_free,none,0.0
file_e0ac9f60,F2FS,HDD,86400,0.8,662139,audio,clusters_marked_free,partial,0.34
file_d16d3419,F2FS,HDD,86400,0.8,124935,document,clusters_marked_free,partial,0.4
file_2a0d84c0,F2FS,HDD,86400,0.8,95553,document,clusters_marked_free,partial,0.31
file_2405287c,F2FS,HDD,604800,0.2,119751,image,clusters_marked_free,partial,0.25
file_43473a8b,F2FS,HDD,604800,0.2,270885,database,clusters_marked_free,partial,0.25
file_c66640ff,F2FS,HDD,604800,0.2,200334,database,clusters_marked_free,none,0.0
file_acdfbab9,F2FS,HDD,604800,0.2,334765,document,clusters_marked_free,partial,0.45
file_8574f8e9,F2FS,HDD,604800,0.2,245268,document,clusters_marked_free,partial,0.77
file_e037d129,F2FS,HDD,604800,0.2,596818,audio,clusters_marked_free,partial,0.69
file_b3aba3b1,F2FS,HDD,604800,0.2,169778,image,clusters_marked_free,partial,0.47
file_003ef244,F2FS,HDD,604800,0.2,113463,document,clusters_marked_free,partial,0.63
file_c81cb129,F2FS,HDD,604800,0.2,293163,document,clusters_marked_free,partial,0.63
file_5af45989,F2FS,HDD,604800,0.2,739926,audio,clusters_marked_free,none,0.0
file_a3d36dfe,F2FS,HDD,604800,0.2,88719,document,clusters_marked_free,partial,0.73
file_88127326,F2FS,HDD,604800,0.2,312944,document,clusters_marked_free,partial,0.69
file_28984955,F2FS,HDD,604800,0.2,304351,document,clusters_marked_free,partial,0.77
file_43f056b2,F2FS,HDD,604800,0.2,890318,audio,clusters_marked_free,partial,0.41
file_92080370,F2FS,HDD,604800,0.2,473262,document,clusters_marked_free,partial,0.54
file_c85b69d6,F2FS,HDD,604800,0.5,269746,database,overwritten,none,0.0
file_58eff8cc,F2FS,HDD,604800,0.5,128996,image,overwritten,none,0.0
file_51501992,F2FS,HDD,604800,0.5,293319,database,overwritten,none,0.0
file_57b464b0,F2FS,HDD,604800,0.5,894830,audio,overwritten,none,0.0
file_ec09caf8,F2FS,HDD,604800,0.5,210960,document,overwritten,none,0.0
file_4660f73c,F2FS,HDD,604800,0.5,164004,image,overwritten,none,0.0
file_0ed928e3,F2FS,HDD,604800,0.5,92004,image,overwritten,none,0.0
file_e53d29c5,F2FS,HDD,604800,0.5,195540,document,overwritten,none,0.0
file_7b64b3e6,F2FS,HDD,604800,0.5,903176,audio,overwritten,none,0.0
file_134484ee,F2FS,HDD,604800,0.5,294835,audio,overwritten,none,0.0
file_459692ff,F2FS,HDD,604800,0.5,197338,document,overwritten,none,0.0
file_e9036985,F2FS,HDD,604800,0.5,277661,document,overwritten,none,0.0
file_6371e680,F2FS,HDD,604800,0.5,885684,audio,overwritten,none,0.0
file_a4ad2991,F2FS,HDD,604800,0.5,217205,document,overwritten,none,0.0
file_b4804436,F2FS,HDD,604800,0.5,125969,document,overwritten,none,0.0
file_25ff0243,F2FS,HDD,604800,0.8,490394,document,overwritten,none,0.0
file_4d1e6e61,F2FS,HDD,604800,0.8,160400,database,overwritten,none,0.0
file_5cb8a516,F2FS,HDD,604800,0.8,131474,image,overwritten,partial,0.54
file_4f997c0d,F2FS,HDD,604800,0.8,644280,audio,overwritten,none,0.0
file_863d6a48,F2FS,HDD,604800,0.8,372499,document,overwritten,none,0.0
file_033f3cc5,F2FS,HDD,604800,0.8,122233,database,overwritten,none,0.0
file_43d601fe,F2FS,HDD,604800,0.8,155864,document,overwritten,none,0.0
file_61bf5809,F2FS,HDD,604800,0.8,194768,document,overwritten,none,0.0
file_d38ae745,F2FS,HDD,604800,0.8,491674,document,overwritten,none,0.0
file_532ec1c4,F2FS,HDD,604800,0.8,206992,image,overwritten,none,0.0
file_f1bd6c0a,F2FS,HDD,604800,0.8,380926,document,overwritten,none,0.0
file_620d4ad0,F2FS,HDD,604800,0.8,359535,document,overwritten,partial,0.7
file_f44cb439,F2FS,HDD,604800,0.8,475791,document,overwritten,none,0.0
file_e421b115,F2FS,HDD,604800,0.8,467215,document,overwritten,none,0.0
file_c737c942,F2FS,HDD,604800,0.8,962729,audio,overwritten,none,0.0
file_a5bea993,F2FS,SSD_TRIM_ON,0,0.2,111306,document,entry_present,full,1.0
file_8a6a12ff,F2FS,SSD_TRIM_ON,0,0.2,285186,document,entry_present,full,1.0
file_08500fe6,F2FS,SSD_TRIM_ON,0,0.2,254514,database,entry_present,full,1.0
file_26663b37,F2FS,SSD_TRIM_ON,0,0.2,167225,database,entry_present,full,1.0
file_52026da6,F2FS,SSD_TRIM_ON,0,0.2,384288,document,entry_present,full,1.0
file_f57a91dc,F2FS,SSD_TRIM_ON,0,0.2,319878,document,entry_present,full,1.0
file_9cd38310,F2FS,SSD_TRIM_ON,0,0.2,100060,database,entry_present,full,1.0
file_04ea160a,F2FS,SSD_TRIM_ON,0,0.2,214366,document,entry_present,full,1.0
file_d6e5a524,F2FS,SSD_TRIM_ON,0,0.2,485518,document,entry_present,full,1.0
file_eb27cfbe,F2FS,SSD_TRIM_ON,0,0.2,227816,image,entry_present,full,1.0
file_5a703b58,F2FS,SSD_TRIM_ON,0,0.2,297423,document,entry_present,full,1.0
file_83ec7040,F2FS,SSD_TRIM_ON,0,0.2,75178,image,entry_present,full,1.0
file_2dac6c8f,F2FS,SSD_TRIM_ON,0,0.2,388358,audio,entry_present,full,1.0
file_1eb4e8e0,F2FS,SSD_TRIM_ON,0,0.2,391108,document,entry_present,full,1.0
file_12bef85a,F2FS,SSD_TRIM_ON,0,0.2,428714,document,entry_present,full,1.0
file_ad9d87e1,F2FS,SSD_TRIM_ON,0,0.5,712361,audio,entry_present,full,1.0
file_969d6d5b,F2FS,SSD_TRIM_ON,0,0.5,109216,database,entry_present,full,1.0
file_88adf020,F2FS,SSD_TRIM_ON,0,0.5,171549,image,entry_present,full,1.0
file_3e4dc2ee,F2FS,SSD_TRIM_ON,0,0.5,488584,audio,entry_present,full,1.0
file_bb0213dc,F2FS,SSD_TRIM_ON,0,0.5,71662,image,entry_present,full,1.0
file_b24bf2e4,F2FS,SSD_TRIM_ON,0,0.5,122965,database,entry_present,full,1.0
file_f5aecb7d,F2FS,SSD_TRIM_ON,0,0.5,129573,document,entry_present,full,1.0
file_6fb348c2,F2FS,SSD_TRIM_ON,0,0.5,301305,document,entry_present,full,1.0
file_26c1da3f,F2FS,SSD_TRIM_ON,0,0.5,96829,database,entry_present,full,1.0
file_03aaacaf,F2FS,SSD_TRIM_ON,0,0.5,237110,image,entry_present,full,1.0
file_8dab7972,F2FS,SSD_TRIM_ON,0,0.5,153231,image,entry_present,full,1.0
file_3c249af0,F2FS,SSD_TRIM_ON,0,0.5,269383,database,entry_present,full,1.0
file_727a5c0a,F2FS,SSD_TRIM_ON,0,0.5,205290,database,entry_present,full,1.0
file_cf0271e9,F2FS,SSD_TRIM_ON,0,0.5,247527,image,entry_present,full,1.0
file_4a9597f1,F2FS,SSD_TRIM_ON,0,0.5,414102,document,entry_present,full,1.0
file_3d7db633,F2FS,SSD_TRIM_ON,0,0.8,195416,image,entry_present,full,1.0
file_7900ef27,F2FS,SSD_TRIM_ON,0,0.8,118061,database,entry_present,full,1.0
file_697f67e3,F2FS,SSD_TRIM_ON,0,0.8,197455,image,entry_present,full,1.0
file_0fd135e8,F2FS,SSD_TRIM_ON,0,0.8,182683,image,entry_present,full,1.0
file_31a12e19,F2FS,SSD_TRIM_ON,0,0.8,108984,database,entry_present,full,1.0
file_65ca3168,F2FS,SSD_TRIM_ON,0,0.8,104204,document,entry_present,full,1.0
file_6ba8c7e0,F2FS,SSD_TRIM_ON,0,0.8,269206,database,entry_present,full,1.0
file_1e828fd5,F2FS,SSD_TRIM_ON,0,0.8,928866,audio,entry_present,full,1.0
file_9312f13f,F2FS,SSD_TRIM_ON,0,0.8,397808,document,entry_present,full,1.0
file_5222b146,F2FS,SSD_TRIM_ON,0,0.8,112154,image,entry_present,full,1.0
file_ffdeb52d,F2FS,SSD_TRIM_ON,0,0.8,257133,document,entry_present,full,1.0
file_3656131b,F2FS,SSD_TRIM_ON,0,0.8,120633,database,entry_present,full,1.0
file_96645fd6,F2FS,SSD_TRIM_ON,0,0.8,147366,document,entry_present,full,1.0
file_dfe5dfa6,F2FS,SSD_TRIM_ON,0,0.8,280163,document,entry_present,full,1.0
file_e6a57d21,F2FS,SSD_TRIM_ON,0,0.8,309746,document,entry_present,full,1.0
file_b91624f6,F2FS,SSD_TRIM_ON,600,0.2,380968,document,clusters_marked_free,none,0.0
file_17d608b2,F2FS,SSD_TRIM_ON,600,0.2,180992,document,clusters_marked_free,none,0.0
file_f698e18d,F2FS,SSD_TRIM_ON,600,0.2,222582,database,clusters_marked_free,none,0.0
file_3ad94155,F2FS,SSD_TRIM_ON,600,0.2,265863,document,clusters_marked_free,partial,0.58
file_278b2a02,F2FS,SSD_TRIM_ON,600,0.2,120811,image,clusters_marked_free,none,0.0
file_b8d3e4ac,F2FS,SSD_TRIM_ON,600,0.2,229301,image,clusters_marked_free,none,0.0
file_75fc70f6,F2FS,SSD_TRIM_ON,600,0.2,254859,document,clusters_marked_free,none,0.0
file_c7eb3ee7,F2FS,SSD_TRIM_ON,600,0.2,218366,document,clusters_marked_free,none,0.0
file_1af12084,F2FS,SSD_TRIM_ON,600,0.2,298512,document,clusters_marked_free,none,0.0
file_3d43e766,F2FS,SSD_TRIM_ON,600,0.2,96066,image,clusters_marked_free,none,0.0
file_f6deec14,F2FS,SSD_TRIM_ON,600,0.2,300181,audio,clusters_marked_free,none,0.0
file_9b0c7df3,F2FS,SSD_TRIM_ON,600,0.2,290858,database,clusters_marked_free,none,0.0
file_ace5d02b,F2FS,SSD_TRIM_ON,600,0.2,94760,image,clusters_marked_free,none,0.0
file_84e2e19c,F2FS,SSD_TRIM_ON,600,0.2,389448,audio,clusters_marked_free,none,0.0
file_47e38d27,F2FS,SSD_TRIM_ON,600,0.2,208617,database,clusters_marked_free,none,0.0
file_be41d41d,F2FS,SSD_TRIM_ON,600,0.5,700025,audio,clusters_marked_free,none,0.0
file_d2b342d9,F2FS,SSD_TRIM_ON,600,0.5,444752,document,clusters_marked_free,none,0.0
file_c6df0d80,F2FS,SSD_TRIM_ON,600,0.5,795130,audio,clusters_marked_free,none,0.0
file_4582ab22,F2FS,SSD_TRIM_ON,600,0.5,210606,document,clusters_marked_free,none,0.0
file_96ad02a2,F2FS,SSD_TRIM_ON,600,0.5,941119,audio,clusters_marked_free,none,0.0
file_4f6d2655,F2FS,SSD_TRIM_ON,600,0.5,726625,audio,clusters_marked_free,none,0.0
file_3f22f926,F2FS,SSD_TRIM_ON,600,0.5,745883,audio,clusters_marked_free,none,0.0
file_f80685c0,F2FS,SSD_TRIM_ON,600,0.5,125582,document,clusters_marked_free,none,0.0
file_b760a6fc,F2FS,SSD_TRIM_ON,600,0.5,527928,audio,clusters_marked_free,partial,0.38
file_a1ddb34f,F2FS,SSD_TRIM_ON,600,0.5,93283,image,clusters_marked_free,none,0.0
file_3befa81b,F2FS,SSD_TRIM_ON,600,0.5,244880,image,clusters_marked_free,none,0.0
file_7c64004b,F2FS,SSD_TRIM_ON,600,0.5,161144,image,clusters_marked_free,none,0.0
file_39ba7705,F2FS,SSD_TRIM_ON,600,0.5,351477,document,clusters_marked_free,none,0.0
file_6548887d,F2FS,SSD_TRIM_ON,600,0.5,246945,database,clusters_marked_free,none,0.0
file_efde5543,F2FS,SSD_TRIM_ON,600,0.5,211555,image,clusters_marked_free,full,1.0
file_351e46db,F2FS,SSD_TRIM_ON,600,0.8,936720,audio,clusters_marked_free,none,0.0
file_d865cc7a,F2FS,SSD_TRIM_ON,600,0.8,208044,document,clusters_marked_free,none,0.0
file_5dc26c93,F2FS,SSD_TRIM_ON,600,0.8,243326,database,clusters_marked_free,none,0.0
file_41f86fbc,F2FS,SSD_TRIM_ON,600,0.8,181611,database,clusters_marked_free,none,0.0
file_0b2d5f83,F2FS,SSD_TRIM_ON,600,0.8,123000,database,clusters_marked_free,none,0.0
file_c5e092ce,F2FS,SSD_TRIM_ON,600,0.8,149897,document,clusters_marked_free,none,0.0
file_4408de79,F2FS,SSD_TRIM_ON,600,0.8,378765,audio,clusters_marked_free,none,0.0
file_1da2332f,F2FS,SSD_TRIM_ON,600,0.8,138593,image,clusters_marked_free,none,0.0
file_7382eb09,F2FS,SSD_TRIM_ON,600,0.8,126038,image,clusters_marked_free,none,0.0
file_b240dc72,F2FS,SSD_TRIM_ON,600,0.8,218805,document,clusters_marked_free,none,0.0
file_90f0a821,F2FS,SSD_TRIM_ON,600,0.8,259813,document,clusters_marked_free,none,0.0
file_1ef8144e,F2FS,SSD_TRIM_ON,600,0.8,280459,database,clusters_marked_free,none,0.0
file_ada33de6,F2FS,SSD_TRIM_ON,600,0.8,260289,audio,clusters_marked_free,none,0.0
file_f8c975a6,F2FS,SSD_TRIM_ON,600,0.8,184679,database,clusters_marked_free,full,1.0
file_555802b0,F2FS,SSD_TRIM_ON,600,0.8,310799,document,clusters_marked_free,none,0.0
file_075d994f,F2FS,SSD_TRIM_ON,3600,0.2,162932,image,clusters_marked_free,none,0.0
file_a64b8d41,F2FS,SSD_TRIM_ON,3600,0.2,315335,document,clusters_marked_free,none,0.0
file_d4c9b455,F2FS,SSD_TRIM_ON,3600,0.2,207246,audio,clusters_marked_free,none,0.0
file_a52ff40f,F2FS,SSD_TRIM_ON,3600,0.2,592491,audio,clusters_marked_free,none,0.0
file_9bd0c3be,F2FS,SSD_TRIM_ON,3600,0.2,391031,audio,clusters_marked_free,none,0.0
file_322712ed,F2FS,SSD_TRIM_ON,3600,0.2,369695,audio,clusters_marked_free,none,0.0
file_dc9942b1,F2FS,SSD_TRIM_ON,3600,0.2,206092,audio,clusters_marked_free,none,0.0
file_bafa7a7b,F2FS,SSD_TRIM_ON,3600,0.2,249369,document,clusters_marked_free,partial,0.47
file_d1997750,F2FS,SSD_TRIM_ON,3600,0.2,96570,document,clusters_marked_free,none,0.0
file_90ebfafb,F2FS,SSD_TRIM_ON,3600,0.2,142281,document,clusters_marked_free,none,0.0
file_5269bec2,F2FS,SSD_TRIM_ON,3600,0.2,193910,database,clusters_marked_free,none,0.0
file_6b1dfd77,F2FS,SSD_TRIM_ON,3600,0.2,726236,audio,clusters_marked_free,none,0.0
file_7fea4810,F2FS,SSD_TRIM_ON,3600,0.2,337801,audio,clusters_marked_free,partial,0.34
file_73859a78,F2FS,SSD_TRIM_ON,3600,0.2,67577,database,clusters_marked_free,none,0.0
file_4930a3e8,F2FS,SSD_TRIM_ON,3600,0.2,127283,document,clusters_marked_free,none,0.0
file_dbf75170,F2FS,SSD_TRIM_ON,3600,0.5,163856,image,clusters_marked_free,none,0.0
file_d9fb559a,F2FS,SSD_TRIM_ON,3600,0.5,334766,document,clusters_marked_free,none,0.0
file_85513012,F2FS,SSD_TRIM_ON,3600,0.5,112984,database,clusters_marked_free,none,0.0
file_e653bd81,F2FS,SSD_TRIM_ON,3600,0.5,119082,image,clusters_marked_free,none,0.0
file_ba5261ed,F2FS,SSD_TRIM_ON,3600,0.5,348456,document,clusters_marked_free,none,0.0
file_297ef305,F2FS,SSD_TRIM_ON,3600,0.5,233800,image,clusters_marked_free,none,0.0
file_aa866ff9,F2FS,SSD_TRIM_ON,3600,0.5,228864,database,clusters_marked_free,none,0.0
file_7f822ee3,F2FS,SSD_TRIM_ON,3600,0.5,163156,document,clusters_marked_free,none,0.0
file_02f18d29,F2FS,SSD_TRIM_ON,3600,0.5,323505,document,clusters_marked_free,partial,0.36
file_7dfa3b11,F2FS,SSD_TRIM_ON,3600,0.5,149707,image,clusters_marked_free,none,0.0
file_1b2fdb7b,F2FS,SSD_TRIM_ON,3600,0.5,216274,document,clusters_marked_free,none,0.0
file_ad536ed0,F2FS,SSD_TRIM_ON,3600,0.5,264329,audio,clusters_marked_free,none,0.0
file_66127f77,F2FS,SSD_TRIM_ON,3600,0.5,270618,document,clusters_marked_free,none,0.0
file_a9e93d9a,F2FS,SSD_TRIM_ON,3600,0.5,299191,document,clusters_marked_free,none,0.0
file_2a8bbe86,F2FS,SSD_TRIM_ON,3600,0.5,63665,image,clusters_marked_free,none,0.0
file_69a7fdbf,F2FS,SSD_TRIM_ON,3600,0.8,191137,document,clusters_marked_free,none,0.0
file_50536e5f,F2FS,SSD_TRIM_ON,3600,0.8,393818,audio,clusters_marked_free,none,0.0
file_bdb6f99b,F2FS,SSD_TRIM_ON,3600,0.8,581242,audio,clusters_marked_free,none,0.0
file_94d9a036,F2FS,SSD_TRIM_ON,3600,0.8,265972,database,clusters_marked_free,none,0.0
file_d9d8cb81,F2FS,SSD_TRIM_ON,3600,0.8,269041,document,clusters_marked_free,none,0.0
file_6c457220,F2FS,SSD_TRIM_ON,3600,0.8,222522,database,clusters_marked_free,none,0.0
file_54181691,F2FS,SSD_TRIM_ON,3600,0.8,190117,document,clusters_marked_free,none,0.0
file_0516eb60,F2FS,SSD_TRIM_ON,3600,0.8,95550,database,clusters_marked_free,partial,0.78
file_5121a038,F2FS,SSD_TRIM_ON,3600,0.8,201149,document,clusters_marked_free,none,0.0
file_512b57ea,F2FS,SSD_TRIM_ON,3600,0.8,226269,database,clusters_marked_free,none,0.0
file_26f5305f,F2FS,SSD_TRIM_ON,3600,0.8,997953,audio,clusters_marked_free,partial,0.36
file_9c7615e5,F2FS,SSD_TRIM_ON,3600,0.8,250542,database,clusters_marked_free,none,0.0
file_59c62907,F2FS,SSD_TRIM_ON,3600,0.8,155052,database,clusters_marked_free,none,0.0
file_fe2a5456,F2FS,SSD_TRIM_ON,3600,0.8,270997,audio,clusters_marked_free,none,0.0
file_63f124c0,F2FS,SSD_TRIM_ON,3600,0.8,196086,database,clusters_marked_free,none,0.0
file_70f831d1,F2FS,SSD_TRIM_ON,86400,0.2,251863,document,clusters_marked_free,partial,0.56
file_61c97f46,F2FS,SSD_TRIM_ON,86400,0.2,488348,document,clusters_marked_free,none,0.0
file_6421aa8a,F2FS,SSD_TRIM_ON,86400,0.2,83657,database,clusters_marked_free,none,0.0
file_7c717e35,F2FS,SSD_TRIM_ON,86400,0.2,164702,database,clusters_marked_free,none,0.0
file_2e9f375c,F2FS,SSD_TRIM_ON,86400,0.2,196503,document,clusters_marked_free,full,1.0
file_075f50c2,F2FS,SSD_TRIM_ON,86400,0.2,121096,database,clusters_marked_free,none,0.0
file_ae81cf85,F2FS,SSD_TRIM_ON,86400,0.2,183391,database,clusters_marked_free,none,0.0
file_e87f0bb5,F2FS,SSD_TRIM_ON,86400,0.2,131851,database,clusters_marked_free,none,0.0
file_20929403,F2FS,SSD_TRIM_ON,86400,0.2,95222,database,clusters_marked_free,none,0.0
file_6cd11b74,F2FS,SSD_TRIM_ON,86400,0.2,189871,image,clusters_marked_free,none,0.0
file_84b1dbe1,F2FS,SSD_TRIM_ON,86400,0.2,149715,document,clusters_marked_free,none,0.0
file_0fbc3e96,F2FS,SSD_TRIM_ON,86400,0.2,218404,image,clusters_marked_free,none,0.0
file_73b31a80,F2FS,SSD_TRIM_ON,86400,0.2,50366,image,clusters_marked_free,none,0.0
file_0406f692,F2FS,SSD_TRIM_ON,86400,0.2,160760,database,clusters_marked_free,none,0.0
file_c44e9d13,F2FS,SSD_TRIM_ON,86400,0.2,150050,document,clusters_marked_free,none,0.0
file_0fe8e86f,F2FS,SSD_TRIM_ON,86400,0.5,141305,database,clusters_marked_free,none,0.0
file_8f230d9e,F2FS,SSD_TRIM_ON,86400,0.5,194965,document,clusters_marked_free,none,0.0
file_c2513b9a,F2FS,SSD_TRIM_ON,86400,0.5,172660,document,clusters_marked_free,none,0.0
file_78140f60,F2FS,SSD_TRIM_ON,86400,0.5,91903,database,clusters_marked_free,none,0.0
file_f5ff876e,F2FS,SSD_TRIM_ON,86400,0.5,885584,audio,clusters_marked_free,none,0.0
file_1233f41b,F2FS,SSD_TRIM_ON,86400,0.5,331832,document,clusters_marked_free,none,0.0
file_c2b7f36f,F2FS,SSD_TRIM_ON,86400,0.5,186912,document,clusters_marked_free,none,0.0
file_405df428,F2FS,SSD_TRIM_ON,86400,0.5,333861,document,clusters_marked_free,none,0.0
file_4f2a67fe,F2FS,SSD_TRIM_ON,86400,0.5,586547,audio,clusters_marked_free,none,0.0
file_3c7b4d3f,F2FS,SSD_TRIM_ON,86400,0.5,394015,audio,clusters_marked_free,none,0.0
file_6ed6550b,F2FS,SSD_TRIM_ON,86400,0.5,199016,document,clusters_marked_free,none,0.0
file_77a3757a,F2FS,SSD_TRIM_ON,86400,0.5,91034,document,clusters_marked_free,none,0.0
file_ce29fe67,F2FS,SSD_TRIM_ON,86400,0.5,306672,document,clusters_marked_free,none,0.0
file_122ae7ee,F2FS,SSD_TRIM_ON,86400,0.5,457167,audio,clusters_marked_free,none,0.0
file_f174116f,F2FS,SSD_TRIM_ON,86400,0.5,305102,audio,clusters_marked_free,none,0.0
file_4d4e0a47,F2FS,SSD_TRIM_ON,86400,0.8,208149,image,clusters_marked_free,none,0.0
file_148bed6a,F2FS,SSD_TRIM_ON,86400,0.8,221722,audio,clusters_marked_free,none,0.0
file_f072aa50,F2FS,SSD_TRIM_ON,86400,0.8,84649,image,clusters_marked_free,none,0.0
file_5973e668,F2FS,SSD_TRIM_ON,86400,0.8,120164,image,clusters_marked_free,partial,0.78
file_8c758f72,F2FS,SSD_TRIM_ON,86400,0.8,192179,image,clusters_marked_free,none,0.0
file_f452ea30,F2FS,SSD_TRIM_ON,86400,0.8,124546,document,clusters_marked_free,none,0.0
file_80746b8a,F2FS,SSD_TRIM_ON,86400,0.8,371069,audio,clusters_marked_free,none,0.0
file_647bb625,F2FS,SSD_TRIM_ON,86400,0.8,362018,audio,clusters_marked_free,none,0.0
file_4cd51638,F2FS,SSD_TRIM_ON,86400,0.8,96263,database,clusters_marked_free,partial,0.27
file_03a2094a,F2FS,SSD_TRIM_ON,86400,0.8,141788,database,clusters_marked_free,none,0.0
file_50458239,F2FS,SSD_TRIM_ON,86400,0.8,108802,image,clusters_marked_free,partial,0.48
file_6e045e08,F2FS,SSD_TRIM_ON,86400,0.8,285236,document,clusters_marked_free,none,0.0
file_e1aa7cb5,F2FS,SSD_TRIM_ON,86400,0.8,920126,audio,clusters_marked_free,none,0.0
file_549104fb,F2FS,SSD_TRIM_ON,86400,0.8,178927,image,clusters_marked_free,none,0.0
file_d1c8044e,F2FS,SSD_TRIM_ON,86400,0.8,267332,document,clusters_marked_free,none,0.0
file_e7aab96f,F2FS,SSD_TRIM_ON,604800,0.2,142049,document,clusters_marked_free,partial,0.27
file_e15f9e03,F2FS,SSD_TRIM_ON,604800,0.2,193358,document,clusters_marked_free,none,0.0
file_77d65ed4,F2FS,SSD_TRIM_ON,604800,0.2,394369,document,clusters_marked_free,none,0.0
file_ef701f6d,F2FS,SSD_TRIM_ON,604800,0.2,230473,document,clusters_marked_free,none,0.0
file_4d4b7420,F2FS,SSD_TRIM_ON,604800,0.2,121065,image,clusters_marked_free,none,0.0
file_b3a737d0,F2FS,SSD_TRIM_ON,604800,0.2,50571,image,clusters_marked_free,none,0.0
file_18dc2ea3,F2FS,SSD_TRIM_ON,604800,0.2,443856,document,clusters_marked_free,none,0.0
file_ac9690af,F2FS,SSD_TRIM_ON,604800,0.2,270583,audio,clusters_marked_free,none,0.0
file_71c62cb8,F2FS,SSD_TRIM_ON,604800,0.2,962008,audio,clusters_marked_free,none,0.0
file_4896f013,F2FS,SSD_TRIM_ON,604800,0.2,301860,document,clusters_marked_free,none,0.0
file_35f68827,F2FS,SSD_TRIM_ON,604800,0.2,644420,audio,clusters_marked_free,none,0.0
file_a5b22586,F2FS,SSD_TRIM_ON,604800,0.2,152467,document,clusters_marked_free,none,0.0
file_89249ba9,F2FS,SSD_TRIM_ON,604800,0.2,300899,document,clusters_marked_free,none,0.0
file_823e507f,F2FS,SSD_TRIM_ON,604800,0.2,204564,database,clusters_marked_free,none,0.0
file_6ce05ed6,F2FS,SSD_TRIM_ON,604800,0.2,287679,audio,clusters_marked_free,none,0.0
file_1df4626b,F2FS,SSD_TRIM_ON,604800,0.5,468623,document,overwritten,none,0.0
file_d49bcb6e,F2FS,SSD_TRIM_ON,604800,0.5,81502,document,overwritten,none,0.0
file_e1adad69,F2FS,SSD_TRIM_ON,604800,0.5,340082,audio,overwritten,none,0.0
file_47c9deb7,F2FS,SSD_TRIM_ON,604800,0.5,141579,image,overwritten,none,0.0
file_3ae80b42,F2FS,SSD_TRIM_ON,604800,0.5,254506,document,overwritten,none,0.0
file_89ce245a,F2FS,SSD_TRIM_ON,604800,0.5,174382,database,overwritten,none,0.0
file_6fb755e7,F2FS,SSD_TRIM_ON,604800,0.5,161465,document,overwritten,none,0.0
file_7c010bb8,F2FS,SSD_TRIM_ON,604800,0.5,297898,document,overwritten,none,0.0
file_4009a8eb,F2FS,SSD_TRIM_ON,604800,0.5,233868,image,overwritten,partial,0.57
file_51a6b3b0,F2FS,SSD_TRIM_ON,604800,0.5,822776,audio,overwritten,none,0.0
file_7a74e1ea,F2FS,SSD_TRIM_ON,604800,0.5,114237,image,overwritten,none,0.0
file_5c4c2216,F2FS,SSD_TRIM_ON,604800,0.5,281859,database,overwritten,none,0.0
file_ae940130,F2FS,SSD_TRIM_ON,604800,0.5,492223,document,overwritten,none,0.0
file_cf4a72f5,F2FS,SSD_TRIM_ON,604800,0.5,326512,document,overwritten,none,0.0
file_b205b448,F2FS,SSD_TRIM_ON,604800,0.5,125174,image,overwritten,none,0.0
file_fdd92fcc,F2FS,SSD_TRIM_ON,604800,0.8,218415,image,overwritten,none,0.0
file_b02c13e1,F2FS,SSD_TRIM_ON,604800,0.8,153911,image,overwritten,none,0.0
file_673833bb,F2FS,SSD_TRIM_ON,604800,0.8,781074,audio,overwritten,none,0.0
file_8433108f,F2FS,SSD_TRIM_ON,604800,0.8,199178,document,overwritten,none,0.0
file_cd196cae,F2FS,SSD_TRIM_ON,604800,0.8,242515,document,overwritten,none,0.0
file_d534c417,F2FS,SSD_TRIM_ON,604800,0.8,489616,document,overwritten,none,0.0
file_8f62a27b,F2FS,SSD_TRIM_ON,604800,0.8,78679,database,overwritten,none,0.0
file_c3c8990c,F2FS,SSD_TRIM_ON,604800,0.8,222618,database,overwritten,none,0.0
file_e09a5d7c,F2FS,SSD_TRIM_ON,604800,0.8,700607,audio,overwritten,none,0.0
file_895f2b4a,F2FS,SSD_TRIM_ON,604800,0.8,128663,document,overwritten,none,0.0
file_eb8d1795,F2FS,SSD_TRIM_ON,604800,0.8,404189,audio,overwritten,none,0.0
file_6b548502,F2FS,SSD_TRIM_ON,604800,0.8,94705,document,overwritten,none,0.0
file_7038dcb1,F2FS,SSD_TRIM_ON,604800,0.8,383937,document,overwritten,partial,0.75
file_e6ffc2b6,F2FS,SSD_TRIM_ON,604800,0.8,389245,document,overwritten,none,0.0
file_856aa32f,F2FS,SSD_TRIM_ON,604800,0.8,113002,image,overwritten,none,0.0
file_abea4711,F2FS,SSD_TRIM_OFF,0,0.2,271152,database,entry_present,partial,0.28
file_d120d831,F2FS,SSD_TRIM_OFF,0,0.2,130898,image,entry_present,full,1.0
file_01e032bb,F2FS,SSD_TRIM_OFF,0,0.2,724514,audio,entry_present,full,1.0
file_aa8e2c1e,F2FS,SSD_TRIM_OFF,0,0.2,960939,audio,entry_present,full,1.0
file_bbdbb2e0,F2FS,SSD_TRIM_OFF,0,0.2,293535,document,entry_present,full,1.0
file_b21d2e80,F2FS,SSD_TRIM_OFF,0,0.2,90477,database,entry_present,full,1.0
file_97218708,F2FS,SSD_TRIM_OFF,0,0.2,700121,audio,entry_present,full,1.0
file_cf617ba1,F2FS,SSD_TRIM_OFF,0,0.2,126053,image,entry_present,full,1.0
file_4be32838,F2FS,SSD_TRIM_OFF,0,0.2,238340,image,entry_present,full,1.0
file_dd8ba212,F2FS,SSD_TRIM_OFF,0,0.2,457281,document,entry_present,full,1.0
file_f689b70a,F2FS,SSD_TRIM_OFF,0,0.2,199345,database,entry_present,none,0.0
file_97571bce,F2FS,SSD_TRIM_OFF,0,0.2,234759,database,entry_present,full,1.0
file_39783853,F2FS,SSD_TRIM_OFF,0,0.2,277744,document,entry_present,full,1.0
file_696ca769,F2FS,SSD_TRIM_OFF,0,0.2,288382,database,entry_present,full,1.0
file_79f81fba,F2FS,SSD_TRIM_OFF,0,0.2,450725,audio,entry_present,full,1.0
file_39513d85,F2FS,SSD_TRIM_OFF,0,0.5,223089,database,entry_present,full,1.0
file_2ae4db3e,F2FS,SSD_TRIM_OFF,0,0.5,302137,audio,entry_present,full,1.0
file_38fdb15b,F2FS,SSD_TRIM_OFF,0,0.5,262289,document,entry_present,full,1.0
file_c5d69cff,F2FS,SSD_TRIM_OFF,0,0.5,180786,image,entry_present,full,1.0
file_e3624aaa,F2FS,SSD_TRIM_OFF,0,0.5,168980,document,entry_present,full,1.0
file_19d5e00b,F2FS,SSD_TRIM_OFF,0,0.5,265266,document,entry_present,full,1.0
file_391a31ec,F2FS,SSD_TRIM_OFF,0,0.5,472587,document,entry_present,full,1.0
file_5870ccbe,F2FS,SSD_TRIM_OFF,0,0.5,311759,document,entry_present,full,1.0
file_e4e4d8f4,F2FS,SSD_TRIM_OFF,0,0.5,164994,document,entry_present,full,1.0
file_3b0abd0f,F2FS,SSD_TRIM_OFF,0,0.5,290207,document,entry_present,full,1.0
file_91888d19,F2FS,SSD_TRIM_OFF,0,0.5,242411,database,entry_present,full,1.0
file_c4c1eff5,F2FS,SSD_TRIM_OFF,0,0.5,275917,document,entry_present,full,1.0
file_6ec9ba7a,F2FS,SSD_TRIM_OFF,0,0.5,730519,audio,entry_present,none,0.0
file_c736af77,F2FS,SSD_TRIM_OFF,0,0.5,212690,image,entry_present,partial,0.28
file_b0ed7bf2,F2FS,SSD_TRIM_OFF,0,0.5,466868,document,entry_present,full,1.0
file_229143a4,F2FS,SSD_TRIM_OFF,0,0.8,277038,document,entry_present,full,1.0
file_38103c74,F2FS,SSD_TRIM_OFF,0,0.8,276523,audio,entry_present,full,1.0
file_37eb63fe,F2FS,SSD_TRIM_OFF,0,0.8,324254,document,entry_present,full,1.0
file_20776661,F2FS,SSD_TRIM_OFF,0,0.8,299962,database,entry_present,full,1.0
file_c53d72f3,F2FS,SSD_TRIM_OFF,0,0.8,154056,image,entry_present,full,1.0
file_fecb03ea,F2FS,SSD_TRIM_OFF,0,0.8,310512,document,entry_present,none,0.0
file_9223eb0e,F2FS,SSD_TRIM_OFF,0,0.8,422964,audio,entry_present,full,1.0
file_e1776e12,F2FS,SSD_TRIM_OFF,0,0.8,319879,audio,entry_present,full,1.0
file_e19f64e0,F2FS,SSD_TRIM_OFF,0,0.8,352582,audio,entry_present,full,1.0
file_93e38732,F2FS,SSD_TRIM_OFF,0,0.8,377903,document,entry_present,full,1.0
file_392abbce,F2FS,SSD_TRIM_OFF,0,0.8,305501,document,entry_present,partial,0.37
file_13b93923,F2FS,SSD_TRIM_OFF,0,0.8,112028,document,entry_present,full,1.0
file_05389aa8,F2FS,SSD_TRIM_OFF,0,0.8,143825,document,entry_present,full,1.0
file_14f15da4,F2FS,SSD_TRIM_OFF,0,0.8,292372,document,entry_present,full,1.0
file_6c6b72e5,F2FS,SSD_TRIM_OFF,0,0.8,750269,audio,entry_present,full,1.0
file_ad3b0baf,F2FS,SSD_TRIM_OFF,600,0.2,176510,document,clusters_marked_free,full,1.0
file_2e9dd5b3,F2FS,SSD_TRIM_OFF,600,0.2,235663,document,clusters_marked_free,full,1.0
file_649816bb,F2FS,SSD_TRIM_OFF,600,0.2,299729,document,clusters_marked_free,full,1.0
file_8ba27142,F2FS,SSD_TRIM_OFF,600,0.2,571921,audio,clusters_marked_free,full,1.0
file_035adc52,F2FS,SSD_TRIM_OFF,600,0.2,166010,database,clusters_marked_free,full,1.0
file_e7125808,F2FS,SSD_TRIM_OFF,600,0.2,140794,document,clusters_marked_free,full,1.0
file_74ad1e62,F2FS,SSD_TRIM_OFF,600,0.2,225615,database,clusters_marked_free,full,1.0
file_11a4858e,F2FS,SSD_TRIM_OFF,600,0.2,87437,document,clusters_marked_free,full,1.0
file_6c77a6e7,F2FS,SSD_TRIM_OFF,600,0.2,354650,audio,clusters_marked_free,full,1.0
file_f38f2597,F2FS,SSD_TRIM_OFF,600,0.2,475568,audio,clusters_marked_free,full,1.0
file_141b90ee,F2FS,SSD_TRIM_OFF,600,0.2,168111,image,clusters_marked_free,full,1.0
file_5c4db6f5,F2FS,SSD_TRIM_OFF,600,0.2,89544,database,clusters_marked_free,full,1.0
file_64e94473,F2FS,SSD_TRIM_OFF,600,0.2,320293,document,clusters_marked_free,full,1.0
file_c339e5ac,F2FS,SSD_TRIM_OFF,600,0.2,282497,document,clusters_marked_free,full,1.0
file_dbd3c89b,F2FS,SSD_TRIM_OFF,600,0.2,456320,document,clusters_marked_free,full,1.0
file_fc7c7f00,F2FS,SSD_TRIM_OFF,600,0.5,129152,image,clusters_marked_free,full,1.0
file_46e939b6,F2FS,SSD_TRIM_OFF,600,0.5,278709,database,clusters_marked_free,full,1.0
file_666f7d94,F2FS,SSD_TRIM_OFF,600,0.5,634166,audio,clusters_marked_free,full,1.0
file_5cc14fe1,F2FS,SSD_TRIM_OFF,600,0.5,364408,document,clusters_marked_free,full,1.0
file_26147626,F2FS,SSD_TRIM_OFF,600,0.5,340555,document,clusters_marked_free,full,1.0
file_75baa2a4,F2FS,SSD_TRIM_OFF,600,0.5,389802,document,clusters_marked_free,full,1.0
file_a33f9d96,F2FS,SSD_TRIM_OFF,600,0.5,864909,audio,clusters_marked_free,full,1.0
file_8ab98033,F2FS,SSD_TRIM_OFF,600,0.5,288656,database,clusters_marked_free,full,1.0
file_2d2c6d1a,F2FS,SSD_TRIM_OFF,600,0.5,220295,image,clusters_marked_free,full,1.0
file_5317eaaa,F2FS,SSD_TRIM_OFF,600,0.5,308711,audio,clusters_marked_free,full,1.0
file_6c07a34a,F2FS,SSD_TRIM_OFF,600,0.5,216074,image,clusters_marked_free,full,1.0
file_392e7dd5,F2FS,SSD_TRIM_OFF,600,0.5,275254,database,clusters_marked_free,full,1.0
file_db4b6ed9,F2FS,SSD_TRIM_OFF,600,0.5,338356,document,clusters_marked_free,full,1.0
file_d9af49fb,F2FS,SSD_TRIM_OFF,600,0.5,101264,image,clusters_marked_free,full,1.0
file_5a178b8f,F2FS,SSD_TRIM_OFF,600,0.5,632993,audio,clusters_marked_free,full,1.0
file_b43de8f4,F2FS,SSD_TRIM_OFF,600,0.8,207974,audio,clusters_marked_free,full,1.0
file_8349ea0a,F2FS,SSD_TRIM_OFF,600,0.8,218673,document,clusters_marked_free,full,1.0
file_b1cbb7f6,F2FS,SSD_TRIM_OFF,600,0.8,906007,audio,clusters_marked_free,full,1.0
file_9ae03d98,F2FS,SSD_TRIM_OFF,600,0.8,56880,image,clusters_marked_free,full,1.0
file_579e8cba,F2FS,SSD_TRIM_OFF,600,0.8,352086,document,clusters_marked_free,full,1.0
file_7b68dde1,F2FS,SSD_TRIM_OFF,600,0.8,176727,database,clusters_marked_free,full,1.0
file_b24b639a,F2FS,SSD_TRIM_OFF,600,0.8,402019,audio,clusters_marked_free,full,1.0
file_10c12399,F2FS,SSD_TRIM_OFF,600,0.8,176486,database,clusters_marked_free,full,1.0
file_25b2648a,F2FS,SSD_TRIM_OFF,600,0.8,963481,audio,clusters_marked_free,full,1.0
file_dbf2715b,F2FS,SSD_TRIM_OFF,600,0.8,442189,audio,clusters_marked_free,full,1.0
file_4328ef9c,F2FS,SSD_TRIM_OFF,600,0.8,364375,document,clusters_marked_free,full,1.0
file_99ec7a0c,F2FS,SSD_TRIM_OFF,600,0.8,369881,document,clusters_marked_free,full,1.0
file_425d1182,F2FS,SSD_TRIM_OFF,600,0.8,186830,document,clusters_marked_free,full,1.0
file_83287ca8,F2FS,SSD_TRIM_OFF,600,0.8,104120,database,clusters_marked_free,full,1.0
file_8a33e4a2,F2FS,SSD_TRIM_OFF,600,0.8,84649,database,clusters_marked_free,full,1.0
file_80a05c66,F2FS,SSD_TRIM_OFF,3600,0.2,865282,audio,clusters_marked_free,full,1.0
file_3b99eddb,F2FS,SSD_TRIM_OFF,3600,0.2,177808,document,clusters_marked_free,full,1.0
file_79f4446c,F2FS,SSD_TRIM_OFF,3600,0.2,284320,database,clusters_marked_free,full,1.0
file_d7600dde,F2FS,SSD_TRIM_OFF,3600,0.2,473132,audio,clusters_marked_free,full,1.0
file_b4e3966f,F2FS,SSD_TRIM_OFF,3600,0.2,217349,image,clusters_marked_free,partial,0.73
file_e03d7165,F2FS,SSD_TRIM_OFF,3600,0.2,170357,image,clusters_marked_free,full,1.0
file_cfe7b3d8,F2FS,SSD_TRIM_OFF,3600,0.2,174700,document,clusters_marked_free,full,1.0
file_39fa6b3a,F2FS,SSD_TRIM_OFF,3600,0.2,578952,audio,clusters_marked_free,full,1.0
file_26e287d9,F2FS,SSD_TRIM_OFF,3600,0.2,158460,image,clusters_marked_free,full,1.0
file_1ca7a248,F2FS,SSD_TRIM_OFF,3600,0.2,105127,image,clusters_marked_free,full,1.0
file_abcf598f,F2FS,SSD_TRIM_OFF,3600,0.2,368929,audio,clusters_marked_free,full,1.0
file_32b8be49,F2FS,SSD_TRIM_OFF,3600,0.2,96839,image,clusters_marked_free,full,1.0
file_0485467c,F2FS,SSD_TRIM_OFF,3600,0.2,139865,image,clusters_marked_free,none,0.0
file_e9e4f713,F2FS,SSD_TRIM_OFF,3600,0.2,843830,audio,clusters_marked_free,full,1.0
file_43c7760b,F2FS,SSD_TRIM_OFF,3600,0.2,143750,document,clusters_marked_free,full,1.0
file_3decb5f8,F2FS,SSD_TRIM_OFF,3600,0.5,190497,image,clusters_marked_free,full,1.0
file_1522b93a,F2FS,SSD_TRIM_OFF,3600,0.5,140182,document,clusters_marked_free,full,1.0
file_dc7ca619,F2FS,SSD_TRIM_OFF,3600,0.5,135862,image,clusters_marked_free,full,1.0
file_ce685f3f,F2FS,SSD_TRIM_OFF,3600,0.5,240294,document,clusters_marked_free,full,1.0
file_7e0f1947,F2FS,SSD_TRIM_OFF,3600,0.5,148218,document,clusters_marked_free,full,1.0
file_339b727e,F2FS,SSD_TRIM_OFF,3600,0.5,657244,audio,clusters_marked_free,full,1.0
file_4598d9dd,F2FS,SSD_TRIM_OFF,3600,0.5,402432,audio,clusters_marked_free,full,1.0
file_5bbe1e8f,F2FS,SSD_TRIM_OFF,3600,0.5,285953,document,clusters_marked_free,full,1.0
file_00a44851,F2FS,SSD_TRIM_OFF,3600,0.5,145680,database,clusters_marked_free,full,1.0
file_ab667f26,F2FS,SSD_TRIM_OFF,3600,0.5,667830,audio,clusters_marked_free,full,1.0
file_c3c465a8,F2FS,SSD_TRIM_OFF,3600,0.5,247116,document,clusters_marked_free,full,1.0
file_a34cb643,F2FS,SSD_TRIM_OFF,3600,0.5,156514,database,clusters_marked_free,full,1.0
file_cff32b84,F2FS,SSD_TRIM_OFF,3600,0.5,167808,image,clusters_marked_free,full,1.0
file_20bef42b,F2FS,SSD_TRIM_OFF,3600,0.5,171428,database,clusters_marked_free,full,1.0
file_a0e3f760,F2FS,SSD_TRIM_OFF,3600,0.5,156341,database,clusters_marked_free,full,1.0
file_22677426,F2FS,SSD_TRIM_OFF,3600,0.8,394945,audio,clusters_marked_free,full,1.0
file_543d544c,F2FS,SSD_TRIM_OFF,3600,0.8,106409,image,clusters_marked_free,full,1.0
file_a473f008,F2FS,SSD_TRIM_OFF,3600,0.8,52525,image,clusters_marked_free,full,1.0
file_9a6952df,F2FS,SSD_TRIM_OFF,3600,0.8,237905,image,clusters_marked_free,full,1.0
file_062a9496,F2FS,SSD_TRIM_OFF,3600,0.8,394461,document,clusters_marked_free,full,1.0
file_fe91f245,F2FS,SSD_TRIM_OFF,3600,0.8,395517,document,clusters_marked_free,full,1.0
file_d9b6ce17,F2FS,SSD_TRIM_OFF,3600,0.8,295567,database,clusters_marked_free,full,1.0
file_4f9d0d31,F2FS,SSD_TRIM_OFF,3600,0.8,200457,image,clusters_marked_free,full,1.0
file_7a431549,F2FS,SSD_TRIM_OFF,3600,0.8,247835,document,clusters_marked_free,full,1.0
file_50c7d22c,F2FS,SSD_TRIM_OFF,3600,0.8,179481,image,clusters_marked_free,full,1.0
file_cfa8283f,F2FS,SSD_TRIM_OFF,3600,0.8,168694,image,clusters_marked_free,full,1.0
file_a9a225aa,F2FS,SSD_TRIM_OFF,3600,0.8,389943,document,clusters_marked_free,full,1.0
file_29ffb97c,F2FS,SSD_TRIM_OFF,3600,0.8,65218,database,clusters_marked_free,full,1.0
file_d78932e1,F2FS,SSD_TRIM_OFF,3600,0.8,148712,document,clusters_marked_free,full,1.0
file_c3e082de,F2FS,SSD_TRIM_OFF,3600,0.8,74255,database,clusters_marked_free,full,1.0
file_ceed76ca,F2FS,SSD_TRIM_OFF,86400,0.2,68206,image,clusters_marked_free,full,1.0
file_f57086f3,F2FS,SSD_TRIM_OFF,86400,0.2,224008,document,clusters_marked_free,full,1.0
file_9abdb40c,F2FS,SSD_TRIM_OFF,86400,0.2,289895,document,clusters_marked_free,partial,0.28
file_ae8f82d9,F2FS,SSD_TRIM_OFF,86400,0.2,318331,document,clusters_marked_free,full,1.0
file_561219b9,F2FS,SSD_TRIM_OFF,86400,0.2,148017,image,clusters_marked_free,full,1.0
file_74e88b9c,F2FS,SSD_TRIM_OFF,86400,0.2,86368,image,clusters_marked_free,full,1.0
file_45554dc2,F2FS,SSD_TRIM_OFF,86400,0.2,308423,document,clusters_marked_free,full,1.0
file_ac4e7071,F2FS,SSD_TRIM_OFF,86400,0.2,361835,document,clusters_marked_free,partial,0.76
file_ec354bd6,F2FS,SSD_TRIM_OFF,86400,0.2,118075,image,clusters_marked_free,full,1.0
file_2b9503ca,F2FS,SSD_TRIM_OFF,86400,0.2,119343,document,clusters_marked_free,full,1.0
file_1202c190,F2FS,SSD_TRIM_OFF,86400,0.2,271520,database,clusters_marked_free,full,1.0
file_a302fb1f,F2FS,SSD_TRIM_OFF,86400,0.2,405897,document,clusters_marked_free,full,1.0
file_8ecd8d7b,F2FS,SSD_TRIM_OFF,86400,0.2,267422,document,clusters_marked_free,partial,0.78
file_f3545e96,F2FS,SSD_TRIM_OFF,86400,0.2,867841,audio,clusters_marked_free,full,1.0
file_b4503b66,F2FS,SSD_TRIM_OFF,86400,0.2,186777,image,clusters_marked_free,full,1.0
file_09ef6dcd,F2FS,SSD_TRIM_OFF,86400,0.5,248774,document,clusters_marked_free,partial,0.52
file_fc5c1cf8,F2FS,SSD_TRIM_OFF,86400,0.5,119156,image,clusters_marked_free,partial,0.71
file_55127e43,F2FS,SSD_TRIM_OFF,86400,0.5,445757,document,clusters_marked_free,partial,0.72
file_ecf1903e,F2FS,SSD_TRIM_OFF,86400,0.5,69698,image,clusters_marked_free,full,1.0
file_e4781bfd,F2FS,SSD_TRIM_OFF,86400,0.5,345445,document,clusters_marked_free,partial,0.35
file_afc1272c,F2FS,SSD_TRIM_OFF,86400,0.5,139246,image,clusters_marked_free,partial,0.72
file_d2d357ca,F2FS,SSD_TRIM_OFF,86400,0.5,318038,document,clusters_marked_free,partial,0.72
file_79bd35e1,F2FS,SSD_TRIM_OFF,86400,0.5,84094,image,clusters_marked_free,none,0.0
file_818e33b1,F2FS,SSD_TRIM_OFF,86400,0.5,198601,database,clusters_marked_free,partial,0.47
file_69541164,F2FS,SSD_TRIM_OFF,86400,0.5,122833,image,clusters_marked_free,none,0.0
file_88fed0c1,F2FS,SSD_TRIM_OFF,86400,0.5,233969,database,clusters_marked_free,partial,0.5
file_5745b6c3,F2FS,SSD_TRIM_OFF,86400,0.5,245304,image,clusters_marked_free,partial,0.4
file_176ab077,F2FS,SSD_TRIM_OFF,86400,0.5,894037,audio,clusters_marked_free,partial,0.44
file_8d550726,F2FS,SSD_TRIM_OFF,86400,0.5,194258,image,clusters_marked_free,partial,0.53
file_e0d4bd88,F2FS,SSD_TRIM_OFF,86400,0.5,151487,database,clusters_marked_free,full,1.0
file_a9614ac0,F2FS,SSD_TRIM_OFF,86400,0.8,273871,document,clusters_marked_free,none,0.0
file_93658981,F2FS,SSD_TRIM_OFF,86400,0.8,403352,audio,clusters_marked_free,none,0.0
file_520c6664,F2FS,SSD_TRIM_OFF,86400,0.8,385225,audio,clusters_marked_free,partial,0.49
file_f5aa1a2b,F2FS,SSD_TRIM_OFF,86400,0.8,219435,image,clusters_marked_free,partial,0.31
file_65314c4a,F2FS,SSD_TRIM_OFF,86400,0.8,63929,image,clusters_marked_free,none,0.0
file_4d1e6ed5,F2FS,SSD_TRIM_OFF,86400,0.8,90484,database,clusters_marked_free,partial,0.74
file_64594061,F2FS,SSD_TRIM_OFF,86400,0.8,610945,audio,clusters_marked_free,partial,0.63
file_eb7d7e64,F2FS,SSD_TRIM_OFF,86400,0.8,415697,audio,clusters_marked_free,none,0.0
file_6aaad986,F2FS,SSD_TRIM_OFF,86400,0.8,282259,document,clusters_marked_free,partial,0.25
file_bf5f6419,F2FS,SSD_TRIM_OFF,86400,0.8,363842,document,clusters_marked_free,partial,0.59
file_4f4fda07,F2FS,SSD_TRIM_OFF,86400,0.8,205105,document,clusters_marked_free,none,0.0
file_a2c6626b,F2FS,SSD_TRIM_OFF,86400,0.8,318664,document,clusters_marked_free,none,0.0
file_53a9663f,F2FS,SSD_TRIM_OFF,86400,0.8,224596,image,clusters_marked_free,partial,0.4
file_0553d26f,F2FS,SSD_TRIM_OFF,86400,0.8,94754,image,clusters_marked_free,none,0.0
file_08ef1f0d,F2FS,SSD_TRIM_OFF,86400,0.8,205714,image,clusters_marked_free,full,1.0
file_b5ebe111,F2FS,SSD_TRIM_OFF,604800,0.2,347761,document,clusters_marked_free,partial,0.7
file_29cb36b5,F2FS,SSD_TRIM_OFF,604800,0.2,242270,database,clusters_marked_free,partial,0.34
file_97777c6e,F2FS,SSD_TRIM_OFF,604800,0.2,149235,document,clusters_marked_free,full,1.0
file_825010d5,F2FS,SSD_TRIM_OFF,604800,0.2,317301,document,clusters_marked_free,partial,0.61
file_7a10fb9f,F2FS,SSD_TRIM_OFF,604800,0.2,270992,document,clusters_marked_free,partial,0.71
file_33d32d1f,F2FS,SSD_TRIM_OFF,604800,0.2,254975,document,clusters_marked_free,partial,0.75
file_37e42137,F2FS,SSD_TRIM_OFF,604800,0.2,190970,database,clusters_marked_free,partial,0.63
file_8b3d05ea,F2FS,SSD_TRIM_OFF,604800,0.2,88771,image,clusters_marked_free,partial,0.33
file_76fb42ea,F2FS,SSD_TRIM_OFF,604800,0.2,232405,audio,clusters_marked_free,partial,0.66
file_f10e9241,F2FS,SSD_TRIM_OFF,604800,0.2,576879,audio,clusters_marked_free,partial,0.46
file_b3dab72e,F2FS,SSD_TRIM_OFF,604800,0.2,121807,image,clusters_marked_free,partial,0.62
file_e1f453bc,F2FS,SSD_TRIM_OFF,604800,0.2,752501,audio,clusters_marked_free,partial,0.43
file_8ce4895a,F2FS,SSD_TRIM_OFF,604800,0.2,173391,database,clusters_marked_free,partial,0.4
file_d1c86d49,F2FS,SSD_TRIM_OFF,604800,0.2,121548,document,clusters_marked_free,partial,0.32
file_90750381,F2FS,SSD_TRIM_OFF,604800,0.2,794188,audio,clusters_marked_free,none,0.0
file_ac267241,F2FS,SSD_TRIM_OFF,604800,0.5,231209,document,overwritten,none,0.0
file_a5388dc9,F2FS,SSD_TRIM_OFF,604800,0.5,344484,document,overwritten,none,0.0
file_2669890f,F2FS,SSD_TRIM_OFF,604800,0.5,139964,database,overwritten,none,0.0
file_3e9d7456,F2FS,SSD_TRIM_OFF,604800,0.5,113877,document,overwritten,none,0.0
file_4fd2a617,F2FS,SSD_TRIM_OFF,604800,0.5,168976,image,overwritten,none,0.0
file_eb4de8f1,F2FS,SSD_TRIM_OFF,604800,0.5,178022,image,overwritten,none,0.0
file_4e959fb2,F2FS,SSD_TRIM_OFF,604800,0.5,569366,audio,overwritten,none,0.0
file_17e94ac8,F2FS,SSD_TRIM_OFF,604800,0.5,228512,document,overwritten,none,0.0
file_c5a6661d,F2FS,SSD_TRIM_OFF,604800,0.5,238411,database,overwritten,none,0.0
file_ce7dab6f,F2FS,SSD_TRIM_OFF,604800,0.5,154786,document,overwritten,none,0.0
file_d1747973,F2FS,SSD_TRIM_OFF,604800,0.5,326519,document,overwritten,none,0.0
file_0ca41de9,F2FS,SSD_TRIM_OFF,604800,0.5,571858,audio,overwritten,none,0.0
file_e24773da,F2FS,SSD_TRIM_OFF,604800,0.5,643089,audio,overwritten,none,0.0
file_1aaf8720,F2FS,SSD_TRIM_OFF,604800,0.5,393020,document,overwritten,none,0.0
file_a85c51a7,F2FS,SSD_TRIM_OFF,604800,0.5,178246,database,overwritten,none,0.0
file_a4cce824,F2FS,SSD_TRIM_OFF,604800,0.8,231082,document,overwritten,none,0.0
file_30842a97,F2FS,SSD_TRIM_OFF,604800,0.8,116303,database,overwritten,none,0.0
file_f25b7a88,F2FS,SSD_TRIM_OFF,604800,0.8,772344,audio,overwritten,none,0.0
file_bbf49f3c,F2FS,SSD_TRIM_OFF,604800,0.8,300707,audio,overwritten,none,0.0
file_7b110d4e,F2FS,SSD_TRIM_OFF,604800,0.8,325565,document,overwritten,none,0.0
file_a306f52d,F2FS,SSD_TRIM_OFF,604800,0.8,640932,audio,overwritten,none,0.0
file_cb37cd51,F2FS,SSD_TRIM_OFF,604800,0.8,160341,image,overwritten,partial,0.33
file_0b423ac9,F2FS,SSD_TRIM_OFF,604800,0.8,207216,document,overwritten,none,0.0
file_3feba70f,F2FS,SSD_TRIM_OFF,604800,0.8,294111,database,overwritten,none,0.0
file_7da29310,F2FS,SSD_TRIM_OFF,604800,0.8,332053,audio,overwritten,none,0.0
file_05cf4905,F2FS,SSD_TRIM_OFF,604800,0.8,184644,database,overwritten,none,0.0
file_667110f4,F2FS,SSD_TRIM_OFF,604800,0.8,64337,image,overwritten,none,0.0
file_fb625d33,F2FS,SSD_TRIM_OFF,604800,0.8,89532,database,overwritten,none,0.0
file_a9743da9,F2FS,SSD_TRIM_OFF,604800,0.8,190213,database,overwritten,none,0.0
file_41f69770,F2FS,SSD_TRIM_OFF,604800,0.8,240793,database,overwritten,none,0.0
