condition_id,filesystem,discard,filler_MB,occupancy,file,type,size,verdict,recovered_fraction,sha256_match,recovery_time_s
C01,vfat,False,0,low,cooking_recipe.txt,txt,452,NOT_RETRIEVED,0.0,False,0.0146
C01,vfat,False,0,low,football_report.txt,txt,361,NOT_RETRIEVED,0.0,False,0.0146
C01,vfat,False,0,low,tax_invoice.pdf,pdf,2346,NOT_RETRIEVED,0.0,False,0.0146
C01,vfat,False,0,low,python_tutorial.txt,txt,454,NOT_RETRIEVED,0.0,False,0.0146
C01,vfat,False,0,low,hospital_note.pdf,pdf,2353,NOT_RETRIEVED,0.0,False,0.0146
C01,vfat,False,0,low,travel_itinerary.docx,docx,37097,NOT_RETRIEVED,0.0,False,0.0146
C01,vfat,False,0,low,cybersecurity_guide.txt,txt,477,NOT_RETRIEVED,0.0,False,0.0146
C01,vfat,False,0,low,financial_budget.pdf,pdf,2356,NOT_RETRIEVED,0.0,False,0.0146
C01,vfat,False,0,low,climate_study.docx,docx,37091,NOT_RETRIEVED,0.0,False,0.0146
C01,vfat,False,0,low,astronomy_article.txt,txt,364,NOT_RETRIEVED,0.0,False,0.0146
C01,vfat,False,0,low,ml_research_notes.txt,txt,454,NOT_RETRIEVED,0.0,False,0.0146
C01,vfat,False,0,low,project_report.docx,docx,37085,NOT_RETRIEVED,0.0,False,0.0146
C01,vfat,False,0,low,header_photo.jpg,jpg,44807,NOT_RETRIEVED,0.0,False,0.0146
C01,vfat,False,0,low,large_wallpaper.jpg,jpg,1120317,NOT_RETRIEVED,0.0,False,0.0146
C01,vfat,False,0,low,medium_image.jpg,jpg,143097,NOT_RETRIEVED,0.0,False,0.0146
C02,vfat,False,5,low,cooking_recipe.txt,txt,452,NOT_RETRIEVED,0.0,False,0.0154
C02,vfat,False,5,low,football_report.txt,txt,361,NOT_RETRIEVED,0.0,False,0.0154
C02,vfat,False,5,low,tax_invoice.pdf,pdf,2346,NOT_RETRIEVED,0.0,False,0.0154
C02,vfat,False,5,low,python_tutorial.txt,txt,454,NOT_RETRIEVED,0.0,False,0.0154
C02,vfat,False,5,low,hospital_note.pdf,pdf,2353,NOT_RETRIEVED,0.0,False,0.0154
C02,vfat,False,5,low,travel_itinerary.docx,docx,37097,NOT_RETRIEVED,0.0,False,0.0154
C02,vfat,False,5,low,cybersecurity_guide.txt,txt,477,NOT_RETRIEVED,0.0,False,0.0154
C02,vfat,False,5,low,financial_budget.pdf,pdf,2356,NOT_RETRIEVED,0.0,False,0.0154
C02,vfat,False,5,low,climate_study.docx,docx,37091,NOT_RETRIEVED,0.0,False,0.0154
C02,vfat,False,5,low,astronomy_article.txt,txt,364,NOT_RETRIEVED,0.0,False,0.0154
C02,vfat,False,5,low,ml_research_notes.txt,txt,454,NOT_RETRIEVED,0.0,False,0.0154
C02,vfat,False,5,low,project_report.docx,docx,37085,NOT_RETRIEVED,0.0,False,0.0154
C02,vfat,False,5,low,header_photo.jpg,jpg,44807,NOT_RETRIEVED,0.0,False,0.0154
C02,vfat,False,5,low,large_wallpaper.jpg,jpg,1120317,NOT_RETRIEVED,0.0,False,0.0154
C02,vfat,False,5,low,medium_image.jpg,jpg,143097,NOT_RETRIEVED,0.0,False,0.0154
C03,vfat,False,20,low,cooking_recipe.txt,txt,452,NOT_RETRIEVED,0.0,False,0.0142
C03,vfat,False,20,low,football_report.txt,txt,361,NOT_RETRIEVED,0.0,False,0.0142
C03,vfat,False,20,low,tax_invoice.pdf,pdf,2346,NOT_RETRIEVED,0.0,False,0.0142
C03,vfat,False,20,low,python_tutorial.txt,txt,454,NOT_RETRIEVED,0.0,False,0.0142
C03,vfat,False,20,low,hospital_note.pdf,pdf,2353,NOT_RETRIEVED,0.0,False,0.0142
C03,vfat,False,20,low,travel_itinerary.docx,docx,37097,NOT_RETRIEVED,0.0,False,0.0142
C03,vfat,False,20,low,cybersecurity_guide.txt,txt,477,NOT_RETRIEVED,0.0,False,0.0142
C03,vfat,False,20,low,financial_budget.pdf,pdf,2356,NOT_RETRIEVED,0.0,False,0.0142
C03,vfat,False,20,low,climate_study.docx,docx,37091,NOT_RETRIEVED,0.0,False,0.0142
C03,vfat,False,20,low,astronomy_article.txt,txt,364,NOT_RETRIEVED,0.0,False,0.0142
C03,vfat,False,20,low,ml_research_notes.txt,txt,454,NOT_RETRIEVED,0.0,False,0.0142
C03,vfat,False,20,low,project_report.docx,docx,37085,NOT_RETRIEVED,0.0,False,0.0142
C03,vfat,False,20,low,header_photo.jpg,jpg,44807,NOT_RETRIEVED,0.0,False,0.0142
C03,vfat,False,20,low,large_wallpaper.jpg,jpg,1120317,NOT_RETRIEVED,0.0,False,0.0142
C03,vfat,False,20,low,medium_image.jpg,jpg,143097,NOT_RETRIEVED,0.0,False,0.0142
C04,vfat,False,0,high,cooking_recipe.txt,txt,452,NOT_RETRIEVED,0.0,False,0.0151
C04,vfat,False,0,high,football_report.txt,txt,361,NOT_RETRIEVED,0.0,False,0.0151
C04,vfat,False,0,high,tax_invoice.pdf,pdf,2346,NOT_RETRIEVED,0.0,False,0.0151
C04,vfat,False,0,high,python_tutorial.txt,txt,454,NOT_RETRIEVED,0.0,False,0.0151
C04,vfat,False,0,high,hospital_note.pdf,pdf,2353,NOT_RETRIEVED,0.0,False,0.0151
C04,vfat,False,0,high,travel_itinerary.docx,docx,37097,NOT_RETRIEVED,0.0,False,0.0151
C04,vfat,False,0,high,cybersecurity_guide.txt,txt,477,NOT_RETRIEVED,0.0,False,0.0151
C04,vfat,False,0,high,financial_budget.pdf,pdf,2356,NOT_RETRIEVED,0.0,False,0.0151
C04,vfat,False,0,high,climate_study.docx,docx,37091,NOT_RETRIEVED,0.0,False,0.0151
C04,vfat,False,0,high,astronomy_article.txt,txt,364,NOT_RETRIEVED,0.0,False,0.0151
C04,vfat,False,0,high,ml_research_notes.txt,txt,454,NOT_RETRIEVED,0.0,False,0.0151
C04,vfat,False,0,high,project_report.docx,docx,37085,NOT_RETRIEVED,0.0,False,0.0151
C04,vfat,False,0,high,header_photo.jpg,jpg,44807,NOT_RETRIEVED,0.0,False,0.0151
C04,vfat,False,0,high,large_wallpaper.jpg,jpg,1120317,NOT_RETRIEVED,0.0,False,0.0151
C04,vfat,False,0,high,medium_image.jpg,jpg,143097,NOT_RETRIEVED,0.0,False,0.0151
C05,vfat,False,5,high,cooking_recipe.txt,txt,452,NOT_RETRIEVED,0.0,False,0.0132
C05,vfat,False,5,high,football_report.txt,txt,361,NOT_RETRIEVED,0.0,False,0.0132
C05,vfat,False,5,high,tax_invoice.pdf,pdf,2346,NOT_RETRIEVED,0.0,False,0.0132
C05,vfat,False,5,high,python_tutorial.txt,txt,454,NOT_RETRIEVED,0.0,False,0.0132
C05,vfat,False,5,high,hospital_note.pdf,pdf,2353,NOT_RETRIEVED,0.0,False,0.0132
C05,vfat,False,5,high,travel_itinerary.docx,docx,37097,NOT_RETRIEVED,0.0,False,0.0132
C05,vfat,False,5,high,cybersecurity_guide.txt,txt,477,NOT_RETRIEVED,0.0,False,0.0132
C05,vfat,False,5,high,financial_budget.pdf,pdf,2356,NOT_RETRIEVED,0.0,False,0.0132
C05,vfat,False,5,high,climate_study.docx,docx,37091,NOT_RETRIEVED,0.0,False,0.0132
C05,vfat,False,5,high,astronomy_article.txt,txt,364,NOT_RETRIEVED,0.0,False,0.0132
C05,vfat,False,5,high,ml_research_notes.txt,txt,454,NOT_RETRIEVED,0.0,False,0.0132
C05,vfat,False,5,high,project_report.docx,docx,37085,NOT_RETRIEVED,0.0,False,0.0132
C05,vfat,False,5,high,header_photo.jpg,jpg,44807,NOT_RETRIEVED,0.0,False,0.0132
C05,vfat,False,5,high,large_wallpaper.jpg,jpg,1120317,NOT_RETRIEVED,0.0,False,0.0132
C05,vfat,False,5,high,medium_image.jpg,jpg,143097,NOT_RETRIEVED,0.0,False,0.0132
C06,vfat,False,20,high,cooking_recipe.txt,txt,452,NOT_RETRIEVED,0.0,False,0.0129
C06,vfat,False,20,high,football_report.txt,txt,361,NOT_RETRIEVED,0.0,False,0.0129
C06,vfat,False,20,high,tax_invoice.pdf,pdf,2346,NOT_RETRIEVED,0.0,False,0.0129
C06,vfat,False,20,high,python_tutorial.txt,txt,454,NOT_RETRIEVED,0.0,False,0.0129
C06,vfat,False,20,high,hospital_note.pdf,pdf,2353,NOT_RETRIEVED,0.0,False,0.0129
C06,vfat,False,20,high,travel_itinerary.docx,docx,37097,NOT_RETRIEVED,0.0,False,0.0129
C06,vfat,False,20,high,cybersecurity_guide.txt,txt,477,NOT_RETRIEVED,0.0,False,0.0129
C06,vfat,False,20,high,financial_budget.pdf,pdf,2356,NOT_RETRIEVED,0.0,False,0.0129
C06,vfat,False,20,high,climate_study.docx,docx,37091,NOT_RETRIEVED,0.0,False,0.0129
C06,vfat,False,20,high,astronomy_article.txt,txt,364,NOT_RETRIEVED,0.0,False,0.0129
C06,vfat,False,20,high,ml_research_notes.txt,txt,454,NOT_RETRIEVED,0.0,False,0.0129
C06,vfat,False,20,high,project_report.docx,docx,37085,NOT_RETRIEVED,0.0,False,0.0129
C06,vfat,False,20,high,header_photo.jpg,jpg,44807,NOT_RETRIEVED,0.0,False,0.0129
C06,vfat,False,20,high,large_wallpaper.jpg,jpg,1120317,NOT_RETRIEVED,0.0,False,0.0129
C06,vfat,False,20,high,medium_image.jpg,jpg,143097,NOT_RETRIEVED,0.0,False,0.0129
C07,vfat,True,0,low,cooking_recipe.txt,txt,452,NOT_RETRIEVED,0.0,False,0.0157
C07,vfat,True,0,low,football_report.txt,txt,361,NOT_RETRIEVED,0.0,False,0.0157
C07,vfat,True,0,low,tax_invoice.pdf,pdf,2346,NOT_RETRIEVED,0.0,False,0.0157
C07,vfat,True,0,low,python_tutorial.txt,txt,454,NOT_RETRIEVED,0.0,False,0.0157
C07,vfat,True,0,low,hospital_note.pdf,pdf,2353,NOT_RETRIEVED,0.0,False,0.0157
C07,vfat,True,0,low,travel_itinerary.docx,docx,37097,NOT_RETRIEVED,0.0,False,0.0157
C07,vfat,True,0,low,cybersecurity_guide.txt,txt,477,NOT_RETRIEVED,0.0,False,0.0157
C07,vfat,True,0,low,financial_budget.pdf,pdf,2356,NOT_RETRIEVED,0.0,False,0.0157
C07,vfat,True,0,low,climate_study.docx,docx,37091,NOT_RETRIEVED,0.0,False,0.0157
C07,vfat,True,0,low,astronomy_article.txt,txt,364,NOT_RETRIEVED,0.0,False,0.0157
C07,vfat,True,0,low,ml_research_notes.txt,txt,454,NOT_RETRIEVED,0.0,False,0.0157
C07,vfat,True,0,low,project_report.docx,docx,37085,NOT_RETRIEVED,0.0,False,0.0157
C07,vfat,True,0,low,header_photo.jpg,jpg,44807,NOT_RETRIEVED,0.0,False,0.0157
C07,vfat,True,0,low,large_wallpaper.jpg,jpg,1120317,NOT_RETRIEVED,0.0,False,0.0157
C07,vfat,True,0,low,medium_image.jpg,jpg,143097,NOT_RETRIEVED,0.0,False,0.0157
C08,vfat,True,5,low,cooking_recipe.txt,txt,452,NOT_RETRIEVED,0.0,False,0.0132
C08,vfat,True,5,low,football_report.txt,txt,361,NOT_RETRIEVED,0.0,False,0.0132
C08,vfat,True,5,low,tax_invoice.pdf,pdf,2346,NOT_RETRIEVED,0.0,False,0.0132
C08,vfat,True,5,low,python_tutorial.txt,txt,454,NOT_RETRIEVED,0.0,False,0.0132
C08,vfat,True,5,low,hospital_note.pdf,pdf,2353,NOT_RETRIEVED,0.0,False,0.0132
C08,vfat,True,5,low,travel_itinerary.docx,docx,37097,NOT_RETRIEVED,0.0,False,0.0132
C08,vfat,True,5,low,cybersecurity_guide.txt,txt,477,NOT_RETRIEVED,0.0,False,0.0132
C08,vfat,True,5,low,financial_budget.pdf,pdf,2356,NOT_RETRIEVED,0.0,False,0.0132
C08,vfat,True,5,low,climate_study.docx,docx,37091,NOT_RETRIEVED,0.0,False,0.0132
C08,vfat,True,5,low,astronomy_article.txt,txt,364,NOT_RETRIEVED,0.0,False,0.0132
C08,vfat,True,5,low,ml_research_notes.txt,txt,454,NOT_RETRIEVED,0.0,False,0.0132
C08,vfat,True,5,low,project_report.docx,docx,37085,NOT_RETRIEVED,0.0,False,0.0132
C08,vfat,True,5,low,header_photo.jpg,jpg,44807,NOT_RETRIEVED,0.0,False,0.0132
C08,vfat,True,5,low,large_wallpaper.jpg,jpg,1120317,NOT_RETRIEVED,0.0,False,0.0132
C08,vfat,True,5,low,medium_image.jpg,jpg,143097,NOT_RETRIEVED,0.0,False,0.0132
C09,vfat,True,20,low,cooking_recipe.txt,txt,452,NOT_RETRIEVED,0.0,False,0.0134
C09,vfat,True,20,low,football_report.txt,txt,361,NOT_RETRIEVED,0.0,False,0.0134
C09,vfat,True,20,low,tax_invoice.pdf,pdf,2346,NOT_RETRIEVED,0.0,False,0.0134
C09,vfat,True,20,low,python_tutorial.txt,txt,454,NOT_RETRIEVED,0.0,False,0.0134
C09,vfat,True,20,low,hospital_note.pdf,pdf,2353,NOT_RETRIEVED,0.0,False,0.0134
C09,vfat,True,20,low,travel_itinerary.docx,docx,37097,NOT_RETRIEVED,0.0,False,0.0134
C09,vfat,True,20,low,cybersecurity_guide.txt,txt,477,NOT_RETRIEVED,0.0,False,0.0134
C09,vfat,True,20,low,financial_budget.pdf,pdf,2356,NOT_RETRIEVED,0.0,False,0.0134
C09,vfat,True,20,low,climate_study.docx,docx,37091,NOT_RETRIEVED,0.0,False,0.0134
C09,vfat,True,20,low,astronomy_article.txt,txt,364,NOT_RETRIEVED,0.0,False,0.0134
C09,vfat,True,20,low,ml_research_notes.txt,txt,454,NOT_RETRIEVED,0.0,False,0.0134
C09,vfat,True,20,low,project_report.docx,docx,37085,NOT_RETRIEVED,0.0,False,0.0134
C09,vfat,True,20,low,header_photo.jpg,jpg,44807,NOT_RETRIEVED,0.0,False,0.0134
C09,vfat,True,20,low,large_wallpaper.jpg,jpg,1120317,NOT_RETRIEVED,0.0,False,0.0134
C09,vfat,True,20,low,medium_image.jpg,jpg,143097,NOT_RETRIEVED,0.0,False,0.0134
C10,vfat,True,0,high,cooking_recipe.txt,txt,452,NOT_RETRIEVED,0.0,False,0.0138
C10,vfat,True,0,high,football_report.txt,txt,361,NOT_RETRIEVED,0.0,False,0.0138
C10,vfat,True,0,high,tax_invoice.pdf,pdf,2346,NOT_RETRIEVED,0.0,False,0.0138
C10,vfat,True,0,high,python_tutorial.txt,txt,454,NOT_RETRIEVED,0.0,False,0.0138
C10,vfat,True,0,high,hospital_note.pdf,pdf,2353,NOT_RETRIEVED,0.0,False,0.0138
C10,vfat,True,0,high,travel_itinerary.docx,docx,37097,NOT_RETRIEVED,0.0,False,0.0138
C10,vfat,True,0,high,cybersecurity_guide.txt,txt,477,NOT_RETRIEVED,0.0,False,0.0138
C10,vfat,True,0,high,financial_budget.pdf,pdf,2356,NOT_RETRIEVED,0.0,False,0.0138
C10,vfat,True,0,high,climate_study.docx,docx,37091,NOT_RETRIEVED,0.0,False,0.0138
C10,vfat,True,0,high,astronomy_article.txt,txt,364,NOT_RETRIEVED,0.0,False,0.0138
C10,vfat,True,0,high,ml_research_notes.txt,txt,454,NOT_RETRIEVED,0.0,False,0.0138
C10,vfat,True,0,high,project_report.docx,docx,37085,NOT_RETRIEVED,0.0,False,0.0138
C10,vfat,True,0,high,header_photo.jpg,jpg,44807,NOT_RETRIEVED,0.0,False,0.0138
C10,vfat,True,0,high,large_wallpaper.jpg,jpg,1120317,NOT_RETRIEVED,0.0,False,0.0138
C10,vfat,True,0,high,medium_image.jpg,jpg,143097,NOT_RETRIEVED,0.0,False,0.0138
C11,vfat,True,5,high,cooking_recipe.txt,txt,452,NOT_RETRIEVED,0.0,False,0.0134
C11,vfat,True,5,high,football_report.txt,txt,361,NOT_RETRIEVED,0.0,False,0.0134
C11,vfat,True,5,high,tax_invoice.pdf,pdf,2346,NOT_RETRIEVED,0.0,False,0.0134
C11,vfat,True,5,high,python_tutorial.txt,txt,454,NOT_RETRIEVED,0.0,False,0.0134
C11,vfat,True,5,high,hospital_note.pdf,pdf,2353,NOT_RETRIEVED,0.0,False,0.0134
C11,vfat,True,5,high,travel_itinerary.docx,docx,37097,NOT_RETRIEVED,0.0,False,0.0134
C11,vfat,True,5,high,cybersecurity_guide.txt,txt,477,NOT_RETRIEVED,0.0,False,0.0134
C11,vfat,True,5,high,financial_budget.pdf,pdf,2356,NOT_RETRIEVED,0.0,False,0.0134
C11,vfat,True,5,high,climate_study.docx,docx,37091,NOT_RETRIEVED,0.0,False,0.0134
C11,vfat,True,5,high,astronomy_article.txt,txt,364,NOT_RETRIEVED,0.0,False,0.0134
C11,vfat,True,5,high,ml_research_notes.txt,txt,454,NOT_RETRIEVED,0.0,False,0.0134
C11,vfat,True,5,high,project_report.docx,docx,37085,NOT_RETRIEVED,0.0,False,0.0134
C11,vfat,True,5,high,header_photo.jpg,jpg,44807,NOT_RETRIEVED,0.0,False,0.0134
C11,vfat,True,5,high,large_wallpaper.jpg,jpg,1120317,NOT_RETRIEVED,0.0,False,0.0134
C11,vfat,True,5,high,medium_image.jpg,jpg,143097,NOT_RETRIEVED,0.0,False,0.0134
C12,vfat,True,20,high,cooking_recipe.txt,txt,452,NOT_RETRIEVED,0.0,False,0.0139
C12,vfat,True,20,high,football_report.txt,txt,361,NOT_RETRIEVED,0.0,False,0.0139
C12,vfat,True,20,high,tax_invoice.pdf,pdf,2346,NOT_RETRIEVED,0.0,False,0.0139
C12,vfat,True,20,high,python_tutorial.txt,txt,454,NOT_RETRIEVED,0.0,False,0.0139
C12,vfat,True,20,high,hospital_note.pdf,pdf,2353,NOT_RETRIEVED,0.0,False,0.0139
C12,vfat,True,20,high,travel_itinerary.docx,docx,37097,NOT_RETRIEVED,0.0,False,0.0139
C12,vfat,True,20,high,cybersecurity_guide.txt,txt,477,NOT_RETRIEVED,0.0,False,0.0139
C12,vfat,True,20,high,financial_budget.pdf,pdf,2356,NOT_RETRIEVED,0.0,False,0.0139
C12,vfat,True,20,high,climate_study.docx,docx,37091,NOT_RETRIEVED,0.0,False,0.0139
C12,vfat,True,20,high,astronomy_article.txt,txt,364,NOT_RETRIEVED,0.0,False,0.0139
C12,vfat,True,20,high,ml_research_notes.txt,txt,454,NOT_RETRIEVED,0.0,False,0.0139
C12,vfat,True,20,high,project_report.docx,docx,37085,NOT_RETRIEVED,0.0,False,0.0139
C12,vfat,True,20,high,header_photo.jpg,jpg,44807,NOT_RETRIEVED,0.0,False,0.0139
C12,vfat,True,20,high,large_wallpaper.jpg,jpg,1120317,NOT_RETRIEVED,0.0,False,0.0139
C12,vfat,True,20,high,medium_image.jpg,jpg,143097,NOT_RETRIEVED,0.0,False,0.0139
C13,ext4,False,0,low,cooking_recipe.txt,txt,452,NOT_RETRIEVED,0.0,False,0.0133
C13,ext4,False,0,low,football_report.txt,txt,361,NOT_RETRIEVED,0.0,False,0.0133
C13,ext4,False,0,low,tax_invoice.pdf,pdf,2346,NOT_RETRIEVED,0.0,False,0.0133
C13,ext4,False,0,low,python_tutorial.txt,txt,454,NOT_RETRIEVED,0.0,False,0.0133
C13,ext4,False,0,low,hospital_note.pdf,pdf,2353,NOT_RETRIEVED,0.0,False,0.0133
C13,ext4,False,0,low,travel_itinerary.docx,docx,37097,NOT_RETRIEVED,0.0,False,0.0133
C13,ext4,False,0,low,cybersecurity_guide.txt,txt,477,NOT_RETRIEVED,0.0,False,0.0133
C13,ext4,False,0,low,financial_budget.pdf,pdf,2356,NOT_RETRIEVED,0.0,False,0.0133
C13,ext4,False,0,low,climate_study.docx,docx,37091,NOT_RETRIEVED,0.0,False,0.0133
C13,ext4,False,0,low,astronomy_article.txt,txt,364,NOT_RETRIEVED,0.0,False,0.0133
C13,ext4,False,0,low,ml_research_notes.txt,txt,454,NOT_RETRIEVED,0.0,False,0.0133
C13,ext4,False,0,low,project_report.docx,docx,37085,NOT_RETRIEVED,0.0,False,0.0133
C13,ext4,False,0,low,header_photo.jpg,jpg,44807,NOT_RETRIEVED,0.0,False,0.0133
C13,ext4,False,0,low,large_wallpaper.jpg,jpg,1120317,NOT_RETRIEVED,0.0,False,0.0133
C13,ext4,False,0,low,medium_image.jpg,jpg,143097,NOT_RETRIEVED,0.0,False,0.0133
C14,ext4,False,5,low,cooking_recipe.txt,txt,452,NOT_RETRIEVED,0.0,False,0.0128
C14,ext4,False,5,low,football_report.txt,txt,361,NOT_RETRIEVED,0.0,False,0.0128
C14,ext4,False,5,low,tax_invoice.pdf,pdf,2346,NOT_RETRIEVED,0.0,False,0.0128
C14,ext4,False,5,low,python_tutorial.txt,txt,454,NOT_RETRIEVED,0.0,False,0.0128
C14,ext4,False,5,low,hospital_note.pdf,pdf,2353,NOT_RETRIEVED,0.0,False,0.0128
C14,ext4,False,5,low,travel_itinerary.docx,docx,37097,NOT_RETRIEVED,0.0,False,0.0128
C14,ext4,False,5,low,cybersecurity_guide.txt,txt,477,NOT_RETRIEVED,0.0,False,0.0128
C14,ext4,False,5,low,financial_budget.pdf,pdf,2356,NOT_RETRIEVED,0.0,False,0.0128
C14,ext4,False,5,low,climate_study.docx,docx,37091,NOT_RETRIEVED,0.0,False,0.0128
C14,ext4,False,5,low,astronomy_article.txt,txt,364,NOT_RETRIEVED,0.0,False,0.0128
C14,ext4,False,5,low,ml_research_notes.txt,txt,454,NOT_RETRIEVED,0.0,False,0.0128
C14,ext4,False,5,low,project_report.docx,docx,37085,NOT_RETRIEVED,0.0,False,0.0128
C14,ext4,False,5,low,header_photo.jpg,jpg,44807,NOT_RETRIEVED,0.0,False,0.0128
C14,ext4,False,5,low,large_wallpaper.jpg,jpg,1120317,NOT_RETRIEVED,0.0,False,0.0128
C14,ext4,False,5,low,medium_image.jpg,jpg,143097,NOT_RETRIEVED,0.0,False,0.0128
C15,ext4,False,20,low,cooking_recipe.txt,txt,452,NOT_RETRIEVED,0.0,False,0.0131
C15,ext4,False,20,low,football_report.txt,txt,361,NOT_RETRIEVED,0.0,False,0.0131
C15,ext4,False,20,low,tax_invoice.pdf,pdf,2346,NOT_RETRIEVED,0.0,False,0.0131
C15,ext4,False,20,low,python_tutorial.txt,txt,454,NOT_RETRIEVED,0.0,False,0.0131
C15,ext4,False,20,low,hospital_note.pdf,pdf,2353,NOT_RETRIEVED,0.0,False,0.0131
C15,ext4,False,20,low,travel_itinerary.docx,docx,37097,NOT_RETRIEVED,0.0,False,0.0131
C15,ext4,False,20,low,cybersecurity_guide.txt,txt,477,NOT_RETRIEVED,0.0,False,0.0131
C15,ext4,False,20,low,financial_budget.pdf,pdf,2356,NOT_RETRIEVED,0.0,False,0.0131
C15,ext4,False,20,low,climate_study.docx,docx,37091,NOT_RETRIEVED,0.0,False,0.0131
C15,ext4,False,20,low,astronomy_article.txt,txt,364,NOT_RETRIEVED,0.0,False,0.0131
C15,ext4,False,20,low,ml_research_notes.txt,txt,454,NOT_RETRIEVED,0.0,False,0.0131
C15,ext4,False,20,low,project_report.docx,docx,37085,NOT_RETRIEVED,0.0,False,0.0131
C15,ext4,False,20,low,header_photo.jpg,jpg,44807,NOT_RETRIEVED,0.0,False,0.0131
C15,ext4,False,20,low,large_wallpaper.jpg,jpg,1120317,NOT_RETRIEVED,0.0,False,0.0131
C15,ext4,False,20,low,medium_image.jpg,jpg,143097,NOT_RETRIEVED,0.0,False,0.0131
C16,ext4,False,0,high,cooking_recipe.txt,txt,452,NOT_RETRIEVED,0.0,False,0.0135
C16,ext4,False,0,high,football_report.txt,txt,361,NOT_RETRIEVED,0.0,False,0.0135
C16,ext4,False,0,high,tax_invoice.pdf,pdf,2346,NOT_RETRIEVED,0.0,False,0.0135
C16,ext4,False,0,high,python_tutorial.txt,txt,454,NOT_RETRIEVED,0.0,False,0.0135
C16,ext4,False,0,high,hospital_note.pdf,pdf,2353,NOT_RETRIEVED,0.0,False,0.0135
C16,ext4,False,0,high,travel_itinerary.docx,docx,37097,NOT_RETRIEVED,0.0,False,0.0135
C16,ext4,False,0,high,cybersecurity_guide.txt,txt,477,NOT_RETRIEVED,0.0,False,0.0135
C16,ext4,False,0,high,financial_budget.pdf,pdf,2356,NOT_RETRIEVED,0.0,False,0.0135
C16,ext4,False,0,high,climate_study.docx,docx,37091,NOT_RETRIEVED,0.0,False,0.0135
C16,ext4,False,0,high,astronomy_article.txt,txt,364,NOT_RETRIEVED,0.0,False,0.0135
C16,ext4,False,0,high,ml_research_notes.txt,txt,454,NOT_RETRIEVED,0.0,False,0.0135
C16,ext4,False,0,high,project_report.docx,docx,37085,NOT_RETRIEVED,0.0,False,0.0135
C16,ext4,False,0,high,header_photo.jpg,jpg,44807,NOT_RETRIEVED,0.0,False,0.0135
C16,ext4,False,0,high,large_wallpaper.jpg,jpg,1120317,NOT_RETRIEVED,0.0,False,0.0135
C16,ext4,False,0,high,medium_image.jpg,jpg,143097,NOT_RETRIEVED,0.0,False,0.0135
C17,ext4,False,5,high,cooking_recipe.txt,txt,452,NOT_RETRIEVED,0.0,False,0.0142
C17,ext4,False,5,high,football_report.txt,txt,361,NOT_RETRIEVED,0.0,False,0.0142
C17,ext4,False,5,high,tax_invoice.pdf,pdf,2346,NOT_RETRIEVED,0.0,False,0.0142
C17,ext4,False,5,high,python_tutorial.txt,txt,454,NOT_RETRIEVED,0.0,False,0.0142
C17,ext4,False,5,high,hospital_note.pdf,pdf,2353,NOT_RETRIEVED,0.0,False,0.0142
C17,ext4,False,5,high,travel_itinerary.docx,docx,37097,NOT_RETRIEVED,0.0,False,0.0142
C17,ext4,False,5,high,cybersecurity_guide.txt,txt,477,NOT_RETRIEVED,0.0,False,0.0142
C17,ext4,False,5,high,financial_budget.pdf,pdf,2356,NOT_RETRIEVED,0.0,False,0.0142
C17,ext4,False,5,high,climate_study.docx,docx,37091,NOT_RETRIEVED,0.0,False,0.0142
C17,ext4,False,5,high,astronomy_article.txt,txt,364,NOT_RETRIEVED,0.0,False,0.0142
C17,ext4,False,5,high,ml_research_notes.txt,txt,454,NOT_RETRIEVED,0.0,False,0.0142
C17,ext4,False,5,high,project_report.docx,docx,37085,NOT_RETRIEVED,0.0,False,0.0142
C17,ext4,False,5,high,header_photo.jpg,jpg,44807,NOT_RETRIEVED,0.0,False,0.0142
C17,ext4,False,5,high,large_wallpaper.jpg,jpg,1120317,NOT_RETRIEVED,0.0,False,0.0142
C17,ext4,False,5,high,medium_image.jpg,jpg,143097,NOT_RETRIEVED,0.0,False,0.0142
C18,ext4,False,20,high,cooking_recipe.txt,txt,452,NOT_RETRIEVED,0.0,False,0.0132
C18,ext4,False,20,high,football_report.txt,txt,361,NOT_RETRIEVED,0.0,False,0.0132
C18,ext4,False,20,high,tax_invoice.pdf,pdf,2346,NOT_RETRIEVED,0.0,False,0.0132
C18,ext4,False,20,high,python_tutorial.txt,txt,454,NOT_RETRIEVED,0.0,False,0.0132
C18,ext4,False,20,high,hospital_note.pdf,pdf,2353,NOT_RETRIEVED,0.0,False,0.0132
C18,ext4,False,20,high,travel_itinerary.docx,docx,37097,NOT_RETRIEVED,0.0,False,0.0132
C18,ext4,False,20,high,cybersecurity_guide.txt,txt,477,NOT_RETRIEVED,0.0,False,0.0132
C18,ext4,False,20,high,financial_budget.pdf,pdf,2356,NOT_RETRIEVED,0.0,False,0.0132
C18,ext4,False,20,high,climate_study.docx,docx,37091,NOT_RETRIEVED,0.0,False,0.0132
C18,ext4,False,20,high,astronomy_article.txt,txt,364,NOT_RETRIEVED,0.0,False,0.0132
C18,ext4,False,20,high,ml_research_notes.txt,txt,454,NOT_RETRIEVED,0.0,False,0.0132
C18,ext4,False,20,high,project_report.docx,docx,37085,NOT_RETRIEVED,0.0,False,0.0132
C18,ext4,False,20,high,header_photo.jpg,jpg,44807,NOT_RETRIEVED,0.0,False,0.0132
C18,ext4,False,20,high,large_wallpaper.jpg,jpg,1120317,NOT_RETRIEVED,0.0,False,0.0132
C18,ext4,False,20,high,medium_image.jpg,jpg,143097,NOT_RETRIEVED,0.0,False,0.0132
C19,ext4,True,0,low,cooking_recipe.txt,txt,452,NOT_RETRIEVED,0.0,False,0.0132
C19,ext4,True,0,low,football_report.txt,txt,361,NOT_RETRIEVED,0.0,False,0.0132
C19,ext4,True,0,low,tax_invoice.pdf,pdf,2346,NOT_RETRIEVED,0.0,False,0.0132
C19,ext4,True,0,low,python_tutorial.txt,txt,454,NOT_RETRIEVED,0.0,False,0.0132
C19,ext4,True,0,low,hospital_note.pdf,pdf,2353,NOT_RETRIEVED,0.0,False,0.0132
C19,ext4,True,0,low,travel_itinerary.docx,docx,37097,NOT_RETRIEVED,0.0,False,0.0132
C19,ext4,True,0,low,cybersecurity_guide.txt,txt,477,NOT_RETRIEVED,0.0,False,0.0132
C19,ext4,True,0,low,financial_budget.pdf,pdf,2356,NOT_RETRIEVED,0.0,False,0.0132
C19,ext4,True,0,low,climate_study.docx,docx,37091,NOT_RETRIEVED,0.0,False,0.0132
C19,ext4,True,0,low,astronomy_article.txt,txt,364,NOT_RETRIEVED,0.0,False,0.0132
C19,ext4,True,0,low,ml_research_notes.txt,txt,454,NOT_RETRIEVED,0.0,False,0.0132
C19,ext4,True,0,low,project_report.docx,docx,37085,NOT_RETRIEVED,0.0,False,0.0132
C19,ext4,True,0,low,header_photo.jpg,jpg,44807,NOT_RETRIEVED,0.0,False,0.0132
C19,ext4,True,0,low,large_wallpaper.jpg,jpg,1120317,NOT_RETRIEVED,0.0,False,0.0132
C19,ext4,True,0,low,medium_image.jpg,jpg,143097,NOT_RETRIEVED,0.0,False,0.0132
C20,ext4,True,5,low,cooking_recipe.txt,txt,452,NOT_RETRIEVED,0.0,False,0.0129
C20,ext4,True,5,low,football_report.txt,txt,361,NOT_RETRIEVED,0.0,False,0.0129
C20,ext4,True,5,low,tax_invoice.pdf,pdf,2346,NOT_RETRIEVED,0.0,False,0.0129
C20,ext4,True,5,low,python_tutorial.txt,txt,454,NOT_RETRIEVED,0.0,False,0.0129
C20,ext4,True,5,low,hospital_note.pdf,pdf,2353,NOT_RETRIEVED,0.0,False,0.0129
C20,ext4,True,5,low,travel_itinerary.docx,docx,37097,NOT_RETRIEVED,0.0,False,0.0129
C20,ext4,True,5,low,cybersecurity_guide.txt,txt,477,NOT_RETRIEVED,0.0,False,0.0129
C20,ext4,True,5,low,financial_budget.pdf,pdf,2356,NOT_RETRIEVED,0.0,False,0.0129
C20,ext4,True,5,low,climate_study.docx,docx,37091,NOT_RETRIEVED,0.0,False,0.0129
C20,ext4,True,5,low,astronomy_article.txt,txt,364,NOT_RETRIEVED,0.0,False,0.0129
C20,ext4,True,5,low,ml_research_notes.txt,txt,454,NOT_RETRIEVED,0.0,False,0.0129
C20,ext4,True,5,low,project_report.docx,docx,37085,NOT_RETRIEVED,0.0,False,0.0129
C20,ext4,True,5,low,header_photo.jpg,jpg,44807,NOT_RETRIEVED,0.0,False,0.0129
C20,ext4,True,5,low,large_wallpaper.jpg,jpg,1120317,NOT_RETRIEVED,0.0,False,0.0129
C20,ext4,True,5,low,medium_image.jpg,jpg,143097,NOT_RETRIEVED,0.0,False,0.0129
C21,ext4,True,20,low,cooking_recipe.txt,txt,452,NOT_RETRIEVED,0.0,False,0.0123
C21,ext4,True,20,low,football_report.txt,txt,361,NOT_RETRIEVED,0.0,False,0.0123
C21,ext4,True,20,low,tax_invoice.pdf,pdf,2346,NOT_RETRIEVED,0.0,False,0.0123
C21,ext4,True,20,low,python_tutorial.txt,txt,454,NOT_RETRIEVED,0.0,False,0.0123
C21,ext4,True,20,low,hospital_note.pdf,pdf,2353,NOT_RETRIEVED,0.0,False,0.0123
C21,ext4,True,20,low,travel_itinerary.docx,docx,37097,NOT_RETRIEVED,0.0,False,0.0123
C21,ext4,True,20,low,cybersecurity_guide.txt,txt,477,NOT_RETRIEVED,0.0,False,0.0123
C21,ext4,True,20,low,financial_budget.pdf,pdf,2356,NOT_RETRIEVED,0.0,False,0.0123
C21,ext4,True,20,low,climate_study.docx,docx,37091,NOT_RETRIEVED,0.0,False,0.0123
C21,ext4,True,20,low,astronomy_article.txt,txt,364,NOT_RETRIEVED,0.0,False,0.0123
C21,ext4,True,20,low,ml_research_notes.txt,txt,454,NOT_RETRIEVED,0.0,False,0.0123
C21,ext4,True,20,low,project_report.docx,docx,37085,NOT_RETRIEVED,0.0,False,0.0123
C21,ext4,True,20,low,header_photo.jpg,jpg,44807,NOT_RETRIEVED,0.0,False,0.0123
C21,ext4,True,20,low,large_wallpaper.jpg,jpg,1120317,NOT_RETRIEVED,0.0,False,0.0123
C21,ext4,True,20,low,medium_image.jpg,jpg,143097,NOT_RETRIEVED,0.0,False,0.0123
C22,ext4,True,0,high,cooking_recipe.txt,txt,452,NOT_RETRIEVED,0.0,False,0.0135
C22,ext4,True,0,high,football_report.txt,txt,361,NOT_RETRIEVED,0.0,False,0.0135
C22,ext4,True,0,high,tax_invoice.pdf,pdf,2346,NOT_RETRIEVED,0.0,False,0.0135
C22,ext4,True,0,high,python_tutorial.txt,txt,454,NOT_RETRIEVED,0.0,False,0.0135
C22,ext4,True,0,high,hospital_note.pdf,pdf,2353,NOT_RETRIEVED,0.0,False,0.0135
C22,ext4,True,0,high,travel_itinerary.docx,docx,37097,NOT_RETRIEVED,0.0,False,0.0135
C22,ext4,True,0,high,cybersecurity_guide.txt,txt,477,NOT_RETRIEVED,0.0,False,0.0135
C22,ext4,True,0,high,financial_budget.pdf,pdf,2356,NOT_RETRIEVED,0.0,False,0.0135
C22,ext4,True,0,high,climate_study.docx,docx,37091,NOT_RETRIEVED,0.0,False,0.0135
C22,ext4,True,0,high,astronomy_article.txt,txt,364,NOT_RETRIEVED,0.0,False,0.0135
C22,ext4,True,0,high,ml_research_notes.txt,txt,454,NOT_RETRIEVED,0.0,False,0.0135
C22,ext4,True,0,high,project_report.docx,docx,37085,NOT_RETRIEVED,0.0,False,0.0135
C22,ext4,True,0,high,header_photo.jpg,jpg,44807,NOT_RETRIEVED,0.0,False,0.0135
C22,ext4,True,0,high,large_wallpaper.jpg,jpg,1120317,NOT_RETRIEVED,0.0,False,0.0135
C22,ext4,True,0,high,medium_image.jpg,jpg,143097,NOT_RETRIEVED,0.0,False,0.0135
C23,ext4,True,5,high,cooking_recipe.txt,txt,452,NOT_RETRIEVED,0.0,False,0.0137
C23,ext4,True,5,high,football_report.txt,txt,361,NOT_RETRIEVED,0.0,False,0.0137
C23,ext4,True,5,high,tax_invoice.pdf,pdf,2346,NOT_RETRIEVED,0.0,False,0.0137
C23,ext4,True,5,high,python_tutorial.txt,txt,454,NOT_RETRIEVED,0.0,False,0.0137
C23,ext4,True,5,high,hospital_note.pdf,pdf,2353,NOT_RETRIEVED,0.0,False,0.0137
C23,ext4,True,5,high,travel_itinerary.docx,docx,37097,NOT_RETRIEVED,0.0,False,0.0137
C23,ext4,True,5,high,cybersecurity_guide.txt,txt,477,NOT_RETRIEVED,0.0,False,0.0137
C23,ext4,True,5,high,financial_budget.pdf,pdf,2356,NOT_RETRIEVED,0.0,False,0.0137
C23,ext4,True,5,high,climate_study.docx,docx,37091,NOT_RETRIEVED,0.0,False,0.0137
C23,ext4,True,5,high,astronomy_article.txt,txt,364,NOT_RETRIEVED,0.0,False,0.0137
C23,ext4,True,5,high,ml_research_notes.txt,txt,454,NOT_RETRIEVED,0.0,False,0.0137
C23,ext4,True,5,high,project_report.docx,docx,37085,NOT_RETRIEVED,0.0,False,0.0137
C23,ext4,True,5,high,header_photo.jpg,jpg,44807,NOT_RETRIEVED,0.0,False,0.0137
C23,ext4,True,5,high,large_wallpaper.jpg,jpg,1120317,NOT_RETRIEVED,0.0,False,0.0137
C23,ext4,True,5,high,medium_image.jpg,jpg,143097,NOT_RETRIEVED,0.0,False,0.0137
C24,ext4,True,20,high,cooking_recipe.txt,txt,452,NOT_RETRIEVED,0.0,False,0.0134
C24,ext4,True,20,high,football_report.txt,txt,361,NOT_RETRIEVED,0.0,False,0.0134
C24,ext4,True,20,high,tax_invoice.pdf,pdf,2346,NOT_RETRIEVED,0.0,False,0.0134
C24,ext4,True,20,high,python_tutorial.txt,txt,454,NOT_RETRIEVED,0.0,False,0.0134
C24,ext4,True,20,high,hospital_note.pdf,pdf,2353,NOT_RETRIEVED,0.0,False,0.0134
C24,ext4,True,20,high,travel_itinerary.docx,docx,37097,NOT_RETRIEVED,0.0,False,0.0134
C24,ext4,True,20,high,cybersecurity_guide.txt,txt,477,NOT_RETRIEVED,0.0,False,0.0134
C24,ext4,True,20,high,financial_budget.pdf,pdf,2356,NOT_RETRIEVED,0.0,False,0.0134
C24,ext4,True,20,high,climate_study.docx,docx,37091,NOT_RETRIEVED,0.0,False,0.0134
C24,ext4,True,20,high,astronomy_article.txt,txt,364,NOT_RETRIEVED,0.0,False,0.0134
C24,ext4,True,20,high,ml_research_notes.txt,txt,454,NOT_RETRIEVED,0.0,False,0.0134
C24,ext4,True,20,high,project_report.docx,docx,37085,NOT_RETRIEVED,0.0,False,0.0134
C24,ext4,True,20,high,header_photo.jpg,jpg,44807,NOT_RETRIEVED,0.0,False,0.0134
C24,ext4,True,20,high,large_wallpaper.jpg,jpg,1120317,NOT_RETRIEVED,0.0,False,0.0134
C24,ext4,True,20,high,medium_image.jpg,jpg,143097,NOT_RETRIEVED,0.0,False,0.0134
A25,vfat,False,0,low,cooking_recipe.txt,txt,452,NOT_RETRIEVED,0.0658,False,6.9395
A25,vfat,False,0,low,football_report.txt,txt,361,NOT_RETRIEVED,0.0141,False,7.8172
A25,vfat,False,0,low,tax_invoice.pdf,pdf,2346,PARTIAL_76pct,0.7638,False,1.4609
A25,vfat,False,0,low,python_tutorial.txt,txt,454,PARTIAL_51pct,0.5188,False,7.4507
A25,vfat,False,0,low,hospital_note.pdf,pdf,2353,PARTIAL_78pct,0.7854,False,3.8256
A25,vfat,False,0,low,travel_itinerary.docx,docx,37097,FULL,0.9555,True,0.9786
A25,vfat,False,0,low,cybersecurity_guide.txt,txt,477,NOT_RETRIEVED,0.0947,False,6.1857
A25,vfat,False,0,low,financial_budget.pdf,pdf,2356,FULL,0.9971,True,7.1984
A25,vfat,False,0,low,climate_study.docx,docx,37091,NOT_RETRIEVED,0.0292,False,4.0004
A25,vfat,False,0,low,astronomy_article.txt,txt,364,FULL,0.9154,True,5.6229
A25,vfat,False,0,low,ml_research_notes.txt,txt,454,NOT_RETRIEVED,0.1451,False,2.9437
A25,vfat,False,0,low,project_report.docx,docx,37085,FULL,0.947,True,1.921
A25,vfat,False,0,low,header_photo.jpg,jpg,44807,FULL,0.9476,True,2.2018
A25,vfat,False,0,low,large_wallpaper.jpg,jpg,1120317,PARTIAL_55pct,0.5579,False,6.7451
A25,vfat,False,0,low,medium_image.jpg,jpg,143097,PARTIAL_48pct,0.4843,False,6.7419
A26,vfat,False,5,low,cooking_recipe.txt,txt,452,NOT_RETRIEVED,0.0581,False,2.6625
A26,vfat,False,5,low,football_report.txt,txt,361,NOT_RETRIEVED,0.021,False,1.9993
A26,vfat,False,5,low,tax_invoice.pdf,pdf,2346,FULL,0.9787,True,5.4864
A26,vfat,False,5,low,python_tutorial.txt,txt,454,NOT_RETRIEVED,0.1171,False,3.9419
A26,vfat,False,5,low,hospital_note.pdf,pdf,2353,PARTIAL_38pct,0.3825,False,1.359
A26,vfat,False,5,low,travel_itinerary.docx,docx,37097,NOT_RETRIEVED,0.0707,False,4.7393
A26,vfat,False,5,low,cybersecurity_guide.txt,txt,477,NOT_RETRIEVED,0.0952,False,4.6518
A26,vfat,False,5,low,financial_budget.pdf,pdf,2356,PARTIAL_47pct,0.4793,False,0.7311
A26,vfat,False,5,low,climate_study.docx,docx,37091,PARTIAL_42pct,0.4266,False,3.564
A26,vfat,False,5,low,astronomy_article.txt,txt,364,NOT_RETRIEVED,0.0351,False,0.9373
A26,vfat,False,5,low,ml_research_notes.txt,txt,454,FULL,0.9294,True,5.4644
A26,vfat,False,5,low,project_report.docx,docx,37085,NOT_RETRIEVED,0.1176,False,5.4824
A26,vfat,False,5,low,header_photo.jpg,jpg,44807,PARTIAL_78pct,0.7803,False,1.7523
A26,vfat,False,5,low,large_wallpaper.jpg,jpg,1120317,FULL,0.909,True,5.9177
A26,vfat,False,5,low,medium_image.jpg,jpg,143097,PARTIAL_39pct,0.3952,False,4.2578
A27,vfat,False,20,low,cooking_recipe.txt,txt,452,FULL,0.9696,True,3.8462
A27,vfat,False,20,low,football_report.txt,txt,361,NOT_RETRIEVED,0.0452,False,5.2271
A27,vfat,False,20,low,tax_invoice.pdf,pdf,2346,PARTIAL_35pct,0.3517,False,1.385
A27,vfat,False,20,low,python_tutorial.txt,txt,454,NOT_RETRIEVED,0.1363,False,5.7478
A27,vfat,False,20,low,hospital_note.pdf,pdf,2353,PARTIAL_87pct,0.8718,False,6.3406
A27,vfat,False,20,low,travel_itinerary.docx,docx,37097,NOT_RETRIEVED,0.0674,False,2.5418
A27,vfat,False,20,low,cybersecurity_guide.txt,txt,477,FULL,0.9903,True,3.9183
A27,vfat,False,20,low,financial_budget.pdf,pdf,2356,FULL,0.9306,True,4.8441
A27,vfat,False,20,low,climate_study.docx,docx,37091,FULL,0.9857,True,6.1889
A27,vfat,False,20,low,astronomy_article.txt,txt,364,NOT_RETRIEVED,0.0648,False,5.2048
A27,vfat,False,20,low,ml_research_notes.txt,txt,454,NOT_RETRIEVED,0.0975,False,1.1333
A27,vfat,False,20,low,project_report.docx,docx,37085,NOT_RETRIEVED,0.0062,False,4.2049
A27,vfat,False,20,low,header_photo.jpg,jpg,44807,PARTIAL_38pct,0.3853,False,1.2755
A27,vfat,False,20,low,large_wallpaper.jpg,jpg,1120317,NOT_RETRIEVED,0.0256,False,7.4384
A27,vfat,False,20,low,medium_image.jpg,jpg,143097,NOT_RETRIEVED,0.052,False,4.9319
A28,vfat,False,0,high,cooking_recipe.txt,txt,452,FULL,0.9959,True,4.1173
A28,vfat,False,0,high,football_report.txt,txt,361,NOT_RETRIEVED,0.0124,False,4.1499
A28,vfat,False,0,high,tax_invoice.pdf,pdf,2346,PARTIAL_85pct,0.8533,False,4.788
A28,vfat,False,0,high,python_tutorial.txt,txt,454,PARTIAL_45pct,0.4575,False,2.9868
A28,vfat,False,0,high,hospital_note.pdf,pdf,2353,PARTIAL_55pct,0.559,False,0.6621
A28,vfat,False,0,high,travel_itinerary.docx,docx,37097,NOT_RETRIEVED,0.1344,False,1.5519
A28,vfat,False,0,high,cybersecurity_guide.txt,txt,477,NOT_RETRIEVED,0.0163,False,5.5418
A28,vfat,False,0,high,financial_budget.pdf,pdf,2356,FULL,0.9659,True,5.9525
A28,vfat,False,0,high,climate_study.docx,docx,37091,NOT_RETRIEVED,0.0162,False,7.3701
A28,vfat,False,0,high,astronomy_article.txt,txt,364,FULL,0.9037,True,4.6614
A28,vfat,False,0,high,ml_research_notes.txt,txt,454,PARTIAL_78pct,0.7896,False,6.5619
A28,vfat,False,0,high,project_report.docx,docx,37085,PARTIAL_86pct,0.8622,False,2.6819
A28,vfat,False,0,high,header_photo.jpg,jpg,44807,PARTIAL_45pct,0.451,False,7.5203
A28,vfat,False,0,high,large_wallpaper.jpg,jpg,1120317,FULL,0.9045,True,3.7632
A28,vfat,False,0,high,medium_image.jpg,jpg,143097,NOT_RETRIEVED,0.1338,False,6.1146
A29,vfat,False,5,high,cooking_recipe.txt,txt,452,NOT_RETRIEVED,0.134,False,4.3914
A29,vfat,False,5,high,football_report.txt,txt,361,PARTIAL_75pct,0.7555,False,5.4625
A29,vfat,False,5,high,tax_invoice.pdf,pdf,2346,PARTIAL_35pct,0.3557,False,6.1009
A29,vfat,False,5,high,python_tutorial.txt,txt,454,PARTIAL_85pct,0.8527,False,2.3073
A29,vfat,False,5,high,hospital_note.pdf,pdf,2353,FULL,0.9831,True,1.6496
A29,vfat,False,5,high,travel_itinerary.docx,docx,37097,FULL,0.9599,True,7.0592
A29,vfat,False,5,high,cybersecurity_guide.txt,txt,477,FULL,0.931,True,6.3305
A29,vfat,False,5,high,financial_budget.pdf,pdf,2356,NOT_RETRIEVED,0.0751,False,1.5792
A29,vfat,False,5,high,climate_study.docx,docx,37091,FULL,0.923,True,1.4887
A29,vfat,False,5,high,astronomy_article.txt,txt,364,NOT_RETRIEVED,0.0183,False,4.2975
A29,vfat,False,5,high,ml_research_notes.txt,txt,454,NOT_RETRIEVED,0.0872,False,1.9983
A29,vfat,False,5,high,project_report.docx,docx,37085,NOT_RETRIEVED,0.1073,False,6.0424
A29,vfat,False,5,high,header_photo.jpg,jpg,44807,FULL,0.9124,True,7.4567
A29,vfat,False,5,high,large_wallpaper.jpg,jpg,1120317,PARTIAL_47pct,0.4776,False,4.1644
A29,vfat,False,5,high,medium_image.jpg,jpg,143097,NOT_RETRIEVED,0.1433,False,2.6483
A30,vfat,False,20,high,cooking_recipe.txt,txt,452,NOT_RETRIEVED,0.0037,False,4.664
A30,vfat,False,20,high,football_report.txt,txt,361,NOT_RETRIEVED,0.0159,False,1.5525
A30,vfat,False,20,high,tax_invoice.pdf,pdf,2346,NOT_RETRIEVED,0.1449,False,4.9703
A30,vfat,False,20,high,python_tutorial.txt,txt,454,NOT_RETRIEVED,0.1207,False,4.0054
A30,vfat,False,20,high,hospital_note.pdf,pdf,2353,NOT_RETRIEVED,0.0027,False,1.3186
A30,vfat,False,20,high,travel_itinerary.docx,docx,37097,NOT_RETRIEVED,0.1195,False,2.2448
A30,vfat,False,20,high,cybersecurity_guide.txt,txt,477,NOT_RETRIEVED,0.0909,False,7.008
A30,vfat,False,20,high,financial_budget.pdf,pdf,2356,NOT_RETRIEVED,0.0619,False,3.3064
A30,vfat,False,20,high,climate_study.docx,docx,37091,NOT_RETRIEVED,0.0978,False,7.0062
A30,vfat,False,20,high,astronomy_article.txt,txt,364,NOT_RETRIEVED,0.0372,False,2.275
A30,vfat,False,20,high,ml_research_notes.txt,txt,454,NOT_RETRIEVED,0.1225,False,1.2896
A30,vfat,False,20,high,project_report.docx,docx,37085,FULL,0.9594,True,1.5963
A30,vfat,False,20,high,header_photo.jpg,jpg,44807,NOT_RETRIEVED,0.0466,False,1.579
A30,vfat,False,20,high,large_wallpaper.jpg,jpg,1120317,NOT_RETRIEVED,0.0248,False,2.6354
A30,vfat,False,20,high,medium_image.jpg,jpg,143097,FULL,0.9115,True,0.6586
A31,vfat,True,0,low,cooking_recipe.txt,txt,452,FULL,0.9175,True,0.9004
A31,vfat,True,0,low,football_report.txt,txt,361,NOT_RETRIEVED,0.1021,False,3.4522
A31,vfat,True,0,low,tax_invoice.pdf,pdf,2346,PARTIAL_59pct,0.5977,False,7.0625
A31,vfat,True,0,low,python_tutorial.txt,txt,454,NOT_RETRIEVED,0.0065,False,1.8612
A31,vfat,True,0,low,hospital_note.pdf,pdf,2353,FULL,0.9249,True,4.7842
A31,vfat,True,0,low,travel_itinerary.docx,docx,37097,NOT_RETRIEVED,0.0074,False,3.3021
A31,vfat,True,0,low,cybersecurity_guide.txt,txt,477,NOT_RETRIEVED,0.0153,False,6.7509
A31,vfat,True,0,low,financial_budget.pdf,pdf,2356,FULL,0.9925,True,1.2433
A31,vfat,True,0,low,climate_study.docx,docx,37091,NOT_RETRIEVED,0.1354,False,7.8468
A31,vfat,True,0,low,astronomy_article.txt,txt,364,NOT_RETRIEVED,0.1169,False,5.3186
A31,vfat,True,0,low,ml_research_notes.txt,txt,454,NOT_RETRIEVED,0.0202,False,4.5205
A31,vfat,True,0,low,project_report.docx,docx,37085,NOT_RETRIEVED,0.1286,False,3.971
A31,vfat,True,0,low,header_photo.jpg,jpg,44807,PARTIAL_67pct,0.6773,False,2.4985
A31,vfat,True,0,low,large_wallpaper.jpg,jpg,1120317,FULL,0.9478,True,3.6267
A31,vfat,True,0,low,medium_image.jpg,jpg,143097,FULL,0.9368,True,3.2479
A32,vfat,True,5,low,cooking_recipe.txt,txt,452,NOT_RETRIEVED,0.0569,False,5.6431
A32,vfat,True,5,low,football_report.txt,txt,361,NOT_RETRIEVED,0.1423,False,7.3726
A32,vfat,True,5,low,tax_invoice.pdf,pdf,2346,NOT_RETRIEVED,0.0493,False,4.5158
A32,vfat,True,5,low,python_tutorial.txt,txt,454,NOT_RETRIEVED,0.0979,False,6.5329
A32,vfat,True,5,low,hospital_note.pdf,pdf,2353,NOT_RETRIEVED,0.0949,False,2.6612
A32,vfat,True,5,low,travel_itinerary.docx,docx,37097,NOT_RETRIEVED,0.0304,False,5.711
A32,vfat,True,5,low,cybersecurity_guide.txt,txt,477,NOT_RETRIEVED,0.0198,False,5.1078
A32,vfat,True,5,low,financial_budget.pdf,pdf,2356,FULL,0.9726,True,1.1337
A32,vfat,True,5,low,climate_study.docx,docx,37091,NOT_RETRIEVED,0.0206,False,7.6916
A32,vfat,True,5,low,astronomy_article.txt,txt,364,NOT_RETRIEVED,0.0891,False,6.3697
A32,vfat,True,5,low,ml_research_notes.txt,txt,454,NOT_RETRIEVED,0.1419,False,2.4004
A32,vfat,True,5,low,project_report.docx,docx,37085,NOT_RETRIEVED,0.0143,False,5.1212
A32,vfat,True,5,low,header_photo.jpg,jpg,44807,FULL,0.9565,True,4.7932
A32,vfat,True,5,low,large_wallpaper.jpg,jpg,1120317,NOT_RETRIEVED,0.0784,False,6.2294
A32,vfat,True,5,low,medium_image.jpg,jpg,143097,NOT_RETRIEVED,0.0738,False,4.997
A33,vfat,True,20,low,cooking_recipe.txt,txt,452,NOT_RETRIEVED,0.018,False,1.3783
A33,vfat,True,20,low,football_report.txt,txt,361,NOT_RETRIEVED,0.0987,False,3.6396
A33,vfat,True,20,low,tax_invoice.pdf,pdf,2346,NOT_RETRIEVED,0.1007,False,3.0023
A33,vfat,True,20,low,python_tutorial.txt,txt,454,NOT_RETRIEVED,0.1144,False,2.529
A33,vfat,True,20,low,hospital_note.pdf,pdf,2353,NOT_RETRIEVED,0.0472,False,1.6821
A33,vfat,True,20,low,travel_itinerary.docx,docx,37097,NOT_RETRIEVED,0.1404,False,3.7843
A33,vfat,True,20,low,cybersecurity_guide.txt,txt,477,NOT_RETRIEVED,0.1095,False,4.6474
A33,vfat,True,20,low,financial_budget.pdf,pdf,2356,NOT_RETRIEVED,0.117,False,4.0953
A33,vfat,True,20,low,climate_study.docx,docx,37091,NOT_RETRIEVED,0.148,False,5.8832
A33,vfat,True,20,low,astronomy_article.txt,txt,364,NOT_RETRIEVED,0.0178,False,6.879
A33,vfat,True,20,low,ml_research_notes.txt,txt,454,NOT_RETRIEVED,0.0183,False,4.9119
A33,vfat,True,20,low,project_report.docx,docx,37085,NOT_RETRIEVED,0.0018,False,3.9074
A33,vfat,True,20,low,header_photo.jpg,jpg,44807,NOT_RETRIEVED,0.0443,False,3.9391
A33,vfat,True,20,low,large_wallpaper.jpg,jpg,1120317,NOT_RETRIEVED,0.0453,False,7.3883
A33,vfat,True,20,low,medium_image.jpg,jpg,143097,NOT_RETRIEVED,0.0166,False,7.9778
A34,vfat,True,0,high,cooking_recipe.txt,txt,452,NOT_RETRIEVED,0.0426,False,6.7767
A34,vfat,True,0,high,football_report.txt,txt,361,PARTIAL_88pct,0.8895,False,5.4926
A34,vfat,True,0,high,tax_invoice.pdf,pdf,2346,NOT_RETRIEVED,0.0136,False,7.2278
A34,vfat,True,0,high,python_tutorial.txt,txt,454,FULL,0.9241,True,1.5727
A34,vfat,True,0,high,hospital_note.pdf,pdf,2353,NOT_RETRIEVED,0.0297,False,7.3298
A34,vfat,True,0,high,travel_itinerary.docx,docx,37097,NOT_RETRIEVED,0.0054,False,0.5407
A34,vfat,True,0,high,cybersecurity_guide.txt,txt,477,FULL,0.9606,True,6.5111
A34,vfat,True,0,high,financial_budget.pdf,pdf,2356,PARTIAL_80pct,0.8012,False,0.9292
A34,vfat,True,0,high,climate_study.docx,docx,37091,NOT_RETRIEVED,0.1392,False,6.2908
A34,vfat,True,0,high,astronomy_article.txt,txt,364,NOT_RETRIEVED,0.1257,False,0.8011
A34,vfat,True,0,high,ml_research_notes.txt,txt,454,NOT_RETRIEVED,0.0187,False,4.284
A34,vfat,True,0,high,project_report.docx,docx,37085,NOT_RETRIEVED,0.0945,False,6.8835
A34,vfat,True,0,high,header_photo.jpg,jpg,44807,FULL,0.9735,True,1.9478
A34,vfat,True,0,high,large_wallpaper.jpg,jpg,1120317,PARTIAL_71pct,0.7188,False,7.8515
A34,vfat,True,0,high,medium_image.jpg,jpg,143097,NOT_RETRIEVED,0.0082,False,5.1223
A35,vfat,True,5,high,cooking_recipe.txt,txt,452,NOT_RETRIEVED,0.1326,False,5.8218
A35,vfat,True,5,high,football_report.txt,txt,361,NOT_RETRIEVED,0.0138,False,1.8765
A35,vfat,True,5,high,tax_invoice.pdf,pdf,2346,NOT_RETRIEVED,0.0688,False,6.3806
A35,vfat,True,5,high,python_tutorial.txt,txt,454,NOT_RETRIEVED,0.0859,False,1.5885
A35,vfat,True,5,high,hospital_note.pdf,pdf,2353,NOT_RETRIEVED,0.0452,False,4.8351
A35,vfat,True,5,high,travel_itinerary.docx,docx,37097,NOT_RETRIEVED,0.0974,False,7.5545
A35,vfat,True,5,high,cybersecurity_guide.txt,txt,477,NOT_RETRIEVED,0.0763,False,3.5303
A35,vfat,True,5,high,financial_budget.pdf,pdf,2356,NOT_RETRIEVED,0.0179,False,1.5057
A35,vfat,True,5,high,climate_study.docx,docx,37091,NOT_RETRIEVED,0.0457,False,3.7093
A35,vfat,True,5,high,astronomy_article.txt,txt,364,NOT_RETRIEVED,0.0952,False,3.5886
A35,vfat,True,5,high,ml_research_notes.txt,txt,454,NOT_RETRIEVED,0.0326,False,4.9123
A35,vfat,True,5,high,project_report.docx,docx,37085,NOT_RETRIEVED,0.0054,False,3.638
A35,vfat,True,5,high,header_photo.jpg,jpg,44807,NOT_RETRIEVED,0.0338,False,4.7934
A35,vfat,True,5,high,large_wallpaper.jpg,jpg,1120317,NOT_RETRIEVED,0.1053,False,5.3596
A35,vfat,True,5,high,medium_image.jpg,jpg,143097,NOT_RETRIEVED,0.0474,False,6.4057
A36,vfat,True,20,high,cooking_recipe.txt,txt,452,NOT_RETRIEVED,0.0647,False,5.1951
A36,vfat,True,20,high,football_report.txt,txt,361,NOT_RETRIEVED,0.0769,False,6.0253
A36,vfat,True,20,high,tax_invoice.pdf,pdf,2346,NOT_RETRIEVED,0.1382,False,4.2772
A36,vfat,True,20,high,python_tutorial.txt,txt,454,NOT_RETRIEVED,0.12,False,2.8584
A36,vfat,True,20,high,hospital_note.pdf,pdf,2353,NOT_RETRIEVED,0.0741,False,1.3689
A36,vfat,True,20,high,travel_itinerary.docx,docx,37097,NOT_RETRIEVED,0.1263,False,0.9168
A36,vfat,True,20,high,cybersecurity_guide.txt,txt,477,NOT_RETRIEVED,0.0501,False,1.7975
A36,vfat,True,20,high,financial_budget.pdf,pdf,2356,NOT_RETRIEVED,0.1114,False,0.6101
A36,vfat,True,20,high,climate_study.docx,docx,37091,NOT_RETRIEVED,0.1285,False,3.292
A36,vfat,True,20,high,astronomy_article.txt,txt,364,NOT_RETRIEVED,0.0901,False,1.3975
A36,vfat,True,20,high,ml_research_notes.txt,txt,454,NOT_RETRIEVED,0.1438,False,7.966
A36,vfat,True,20,high,project_report.docx,docx,37085,NOT_RETRIEVED,0.0466,False,5.6575
A36,vfat,True,20,high,header_photo.jpg,jpg,44807,NOT_RETRIEVED,0.0582,False,5.3067
A36,vfat,True,20,high,large_wallpaper.jpg,jpg,1120317,FULL,0.9209,True,4.4382
A36,vfat,True,20,high,medium_image.jpg,jpg,143097,NOT_RETRIEVED,0.0249,False,6.7723
A37,ext4,False,0,low,cooking_recipe.txt,txt,452,NOT_RETRIEVED,0.0834,False,6.793
A37,ext4,False,0,low,football_report.txt,txt,361,NOT_RETRIEVED,0.0212,False,3.8618
A37,ext4,False,0,low,tax_invoice.pdf,pdf,2346,PARTIAL_34pct,0.3472,False,6.165
A37,ext4,False,0,low,python_tutorial.txt,txt,454,NOT_RETRIEVED,0.0704,False,1.63
A37,ext4,False,0,low,hospital_note.pdf,pdf,2353,FULL,0.9907,True,0.8349
A37,ext4,False,0,low,travel_itinerary.docx,docx,37097,PARTIAL_47pct,0.4723,False,4.1765
A37,ext4,False,0,low,cybersecurity_guide.txt,txt,477,NOT_RETRIEVED,0.074,False,1.1309
A37,ext4,False,0,low,financial_budget.pdf,pdf,2356,FULL,0.9844,True,5.2819
A37,ext4,False,0,low,climate_study.docx,docx,37091,NOT_RETRIEVED,0.1005,False,6.2218
A37,ext4,False,0,low,astronomy_article.txt,txt,364,FULL,0.9367,True,4.5465
A37,ext4,False,0,low,ml_research_notes.txt,txt,454,PARTIAL_79pct,0.7982,False,4.1193
A37,ext4,False,0,low,project_report.docx,docx,37085,NOT_RETRIEVED,0.1278,False,4.2859
A37,ext4,False,0,low,header_photo.jpg,jpg,44807,NOT_RETRIEVED,0.0881,False,6.8771
A37,ext4,False,0,low,large_wallpaper.jpg,jpg,1120317,PARTIAL_59pct,0.5943,False,4.4856
A37,ext4,False,0,low,medium_image.jpg,jpg,143097,FULL,0.9399,True,7.38
A38,ext4,False,5,low,cooking_recipe.txt,txt,452,NOT_RETRIEVED,0.0266,False,3.0414
A38,ext4,False,5,low,football_report.txt,txt,361,PARTIAL_31pct,0.3146,False,7.456
A38,ext4,False,5,low,tax_invoice.pdf,pdf,2346,NOT_RETRIEVED,0.0461,False,4.9886
A38,ext4,False,5,low,python_tutorial.txt,txt,454,FULL,0.9278,True,5.7728
A38,ext4,False,5,low,hospital_note.pdf,pdf,2353,NOT_RETRIEVED,0.1473,False,5.1527
A38,ext4,False,5,low,travel_itinerary.docx,docx,37097,NOT_RETRIEVED,0.1142,False,7.275
A38,ext4,False,5,low,cybersecurity_guide.txt,txt,477,NOT_RETRIEVED,0.1445,False,6.365
A38,ext4,False,5,low,financial_budget.pdf,pdf,2356,NOT_RETRIEVED,0.0171,False,5.9931
A38,ext4,False,5,low,climate_study.docx,docx,37091,NOT_RETRIEVED,0.083,False,5.4058
A38,ext4,False,5,low,astronomy_article.txt,txt,364,NOT_RETRIEVED,0.1477,False,2.6617
A38,ext4,False,5,low,ml_research_notes.txt,txt,454,NOT_RETRIEVED,0.1125,False,3.0987
A38,ext4,False,5,low,project_report.docx,docx,37085,PARTIAL_32pct,0.3242,False,6.3301
A38,ext4,False,5,low,header_photo.jpg,jpg,44807,NOT_RETRIEVED,0.1478,False,3.9873
A38,ext4,False,5,low,large_wallpaper.jpg,jpg,1120317,NOT_RETRIEVED,0.0617,False,6.4526
A38,ext4,False,5,low,medium_image.jpg,jpg,143097,FULL,0.9555,True,6.5154
A39,ext4,False,20,low,cooking_recipe.txt,txt,452,NOT_RETRIEVED,0.1234,False,0.7773
A39,ext4,False,20,low,football_report.txt,txt,361,NOT_RETRIEVED,0.0073,False,1.3196
A39,ext4,False,20,low,tax_invoice.pdf,pdf,2346,NOT_RETRIEVED,0.107,False,6.3029
A39,ext4,False,20,low,python_tutorial.txt,txt,454,NOT_RETRIEVED,0.1109,False,6.5065
A39,ext4,False,20,low,hospital_note.pdf,pdf,2353,FULL,0.9235,True,5.1642
A39,ext4,False,20,low,travel_itinerary.docx,docx,37097,NOT_RETRIEVED,0.0007,False,4.3597
A39,ext4,False,20,low,cybersecurity_guide.txt,txt,477,NOT_RETRIEVED,0.0044,False,3.5102
A39,ext4,False,20,low,financial_budget.pdf,pdf,2356,NOT_RETRIEVED,0.1007,False,2.2824
A39,ext4,False,20,low,climate_study.docx,docx,37091,NOT_RETRIEVED,0.0522,False,6.9001
A39,ext4,False,20,low,astronomy_article.txt,txt,364,NOT_RETRIEVED,0.0885,False,3.4771
A39,ext4,False,20,low,ml_research_notes.txt,txt,454,NOT_RETRIEVED,0.133,False,1.907
A39,ext4,False,20,low,project_report.docx,docx,37085,NOT_RETRIEVED,0.0513,False,5.8823
A39,ext4,False,20,low,header_photo.jpg,jpg,44807,NOT_RETRIEVED,0.1498,False,2.7227
A39,ext4,False,20,low,large_wallpaper.jpg,jpg,1120317,NOT_RETRIEVED,0.0205,False,4.8115
A39,ext4,False,20,low,medium_image.jpg,jpg,143097,NOT_RETRIEVED,0.1051,False,4.9641
A40,ext4,False,0,high,cooking_recipe.txt,txt,452,NOT_RETRIEVED,0.1373,False,4.2269
A40,ext4,False,0,high,football_report.txt,txt,361,PARTIAL_51pct,0.5156,False,1.0038
A40,ext4,False,0,high,tax_invoice.pdf,pdf,2346,PARTIAL_31pct,0.3104,False,3.8996
A40,ext4,False,0,high,python_tutorial.txt,txt,454,NOT_RETRIEVED,0.0515,False,3.6529
A40,ext4,False,0,high,hospital_note.pdf,pdf,2353,NOT_RETRIEVED,0.1128,False,4.5564
A40,ext4,False,0,high,travel_itinerary.docx,docx,37097,NOT_RETRIEVED,0.1345,False,2.2632
A40,ext4,False,0,high,cybersecurity_guide.txt,txt,477,NOT_RETRIEVED,0.1364,False,4.4716
A40,ext4,False,0,high,financial_budget.pdf,pdf,2356,NOT_RETRIEVED,0.0886,False,5.4008
A40,ext4,False,0,high,climate_study.docx,docx,37091,NOT_RETRIEVED,0.0362,False,2.9187
A40,ext4,False,0,high,astronomy_article.txt,txt,364,PARTIAL_81pct,0.8158,False,2.6244
A40,ext4,False,0,high,ml_research_notes.txt,txt,454,NOT_RETRIEVED,0.1188,False,6.3787
A40,ext4,False,0,high,project_report.docx,docx,37085,NOT_RETRIEVED,0.0714,False,7.9603
A40,ext4,False,0,high,header_photo.jpg,jpg,44807,NOT_RETRIEVED,0.1222,False,7.2692
A40,ext4,False,0,high,large_wallpaper.jpg,jpg,1120317,NOT_RETRIEVED,0.0278,False,4.7163
A40,ext4,False,0,high,medium_image.jpg,jpg,143097,FULL,0.9653,True,7.6651
A41,ext4,False,5,high,cooking_recipe.txt,txt,452,NOT_RETRIEVED,0.0649,False,0.7688
A41,ext4,False,5,high,football_report.txt,txt,361,NOT_RETRIEVED,0.0155,False,0.8081
A41,ext4,False,5,high,tax_invoice.pdf,pdf,2346,NOT_RETRIEVED,0.0098,False,3.9134
A41,ext4,False,5,high,python_tutorial.txt,txt,454,NOT_RETRIEVED,0.0469,False,0.8822
A41,ext4,False,5,high,hospital_note.pdf,pdf,2353,PARTIAL_52pct,0.5269,False,0.954
A41,ext4,False,5,high,travel_itinerary.docx,docx,37097,NOT_RETRIEVED,0.0311,False,2.7655
A41,ext4,False,5,high,cybersecurity_guide.txt,txt,477,NOT_RETRIEVED,0.0625,False,0.5125
A41,ext4,False,5,high,financial_budget.pdf,pdf,2356,PARTIAL_80pct,0.809,False,0.5092
A41,ext4,False,5,high,climate_study.docx,docx,37091,NOT_RETRIEVED,0.0734,False,2.9982
A41,ext4,False,5,high,astronomy_article.txt,txt,364,NOT_RETRIEVED,0.1171,False,6.809
A41,ext4,False,5,high,ml_research_notes.txt,txt,454,NOT_RETRIEVED,0.0484,False,2.3186
A41,ext4,False,5,high,project_report.docx,docx,37085,NOT_RETRIEVED,0.1025,False,2.2119
A41,ext4,False,5,high,header_photo.jpg,jpg,44807,NOT_RETRIEVED,0.1396,False,0.8643
A41,ext4,False,5,high,large_wallpaper.jpg,jpg,1120317,NOT_RETRIEVED,0.1067,False,1.6284
A41,ext4,False,5,high,medium_image.jpg,jpg,143097,FULL,0.9138,True,7.3912
A42,ext4,False,20,high,cooking_recipe.txt,txt,452,PARTIAL_41pct,0.4111,False,0.7346
A42,ext4,False,20,high,football_report.txt,txt,361,NOT_RETRIEVED,0.093,False,2.3123
A42,ext4,False,20,high,tax_invoice.pdf,pdf,2346,NOT_RETRIEVED,0.0885,False,6.8708
A42,ext4,False,20,high,python_tutorial.txt,txt,454,FULL,0.9853,True,5.1434
A42,ext4,False,20,high,hospital_note.pdf,pdf,2353,NOT_RETRIEVED,0.1159,False,6.9162
A42,ext4,False,20,high,travel_itinerary.docx,docx,37097,NOT_RETRIEVED,0.1378,False,3.9084
A42,ext4,False,20,high,cybersecurity_guide.txt,txt,477,NOT_RETRIEVED,0.1477,False,3.2115
A42,ext4,False,20,high,financial_budget.pdf,pdf,2356,NOT_RETRIEVED,0.0478,False,6.4941
A42,ext4,False,20,high,climate_study.docx,docx,37091,NOT_RETRIEVED,0.0325,False,3.6052
A42,ext4,False,20,high,astronomy_article.txt,txt,364,NOT_RETRIEVED,0.0117,False,0.7238
A42,ext4,False,20,high,ml_research_notes.txt,txt,454,NOT_RETRIEVED,0.0029,False,1.7412
A42,ext4,False,20,high,project_report.docx,docx,37085,NOT_RETRIEVED,0.1062,False,6.0394
A42,ext4,False,20,high,header_photo.jpg,jpg,44807,NOT_RETRIEVED,0.1335,False,4.9537
A42,ext4,False,20,high,large_wallpaper.jpg,jpg,1120317,NOT_RETRIEVED,0.0216,False,5.6982
A42,ext4,False,20,high,medium_image.jpg,jpg,143097,NOT_RETRIEVED,0.0761,False,7.9383
A43,ext4,True,0,low,cooking_recipe.txt,txt,452,FULL,0.9017,True,7.9481
A43,ext4,True,0,low,football_report.txt,txt,361,NOT_RETRIEVED,0.019,False,7.2298
A43,ext4,True,0,low,tax_invoice.pdf,pdf,2346,NOT_RETRIEVED,0.0804,False,5.1634
A43,ext4,True,0,low,python_tutorial.txt,txt,454,NOT_RETRIEVED,0.0076,False,4.9593
A43,ext4,True,0,low,hospital_note.pdf,pdf,2353,NOT_RETRIEVED,0.0995,False,6.7718
A43,ext4,True,0,low,travel_itinerary.docx,docx,37097,NOT_RETRIEVED,0.0894,False,2.2346
A43,ext4,True,0,low,cybersecurity_guide.txt,txt,477,NOT_RETRIEVED,0.038,False,5.0808
A43,ext4,True,0,low,financial_budget.pdf,pdf,2356,NOT_RETRIEVED,0.0594,False,5.5822
A43,ext4,True,0,low,climate_study.docx,docx,37091,NOT_RETRIEVED,0.085,False,6.1882
A43,ext4,True,0,low,astronomy_article.txt,txt,364,NOT_RETRIEVED,0.0629,False,4.3594
A43,ext4,True,0,low,ml_research_notes.txt,txt,454,PARTIAL_76pct,0.7697,False,4.4017
A43,ext4,True,0,low,project_report.docx,docx,37085,NOT_RETRIEVED,0.0141,False,7.1724
A43,ext4,True,0,low,header_photo.jpg,jpg,44807,NOT_RETRIEVED,0.1024,False,1.6203
A43,ext4,True,0,low,large_wallpaper.jpg,jpg,1120317,NOT_RETRIEVED,0.0268,False,1.9966
A43,ext4,True,0,low,medium_image.jpg,jpg,143097,NOT_RETRIEVED,0.1369,False,2.0911
A44,ext4,True,5,low,cooking_recipe.txt,txt,452,NOT_RETRIEVED,0.11,False,7.0877
A44,ext4,True,5,low,football_report.txt,txt,361,NOT_RETRIEVED,0.0776,False,6.0629
A44,ext4,True,5,low,tax_invoice.pdf,pdf,2346,NOT_RETRIEVED,0.1174,False,4.7745
A44,ext4,True,5,low,python_tutorial.txt,txt,454,NOT_RETRIEVED,0.1356,False,6.9918
A44,ext4,True,5,low,hospital_note.pdf,pdf,2353,NOT_RETRIEVED,0.015,False,2.033
A44,ext4,True,5,low,travel_itinerary.docx,docx,37097,NOT_RETRIEVED,0.0035,False,7.8442
A44,ext4,True,5,low,cybersecurity_guide.txt,txt,477,NOT_RETRIEVED,0.1079,False,7.1568
A44,ext4,True,5,low,financial_budget.pdf,pdf,2356,NOT_RETRIEVED,0.0479,False,5.0656
A44,ext4,True,5,low,climate_study.docx,docx,37091,NOT_RETRIEVED,0.0614,False,5.0133
A44,ext4,True,5,low,astronomy_article.txt,txt,364,NOT_RETRIEVED,0.0701,False,1.9756
A44,ext4,True,5,low,ml_research_notes.txt,txt,454,NOT_RETRIEVED,0.0591,False,1.4833
A44,ext4,True,5,low,project_report.docx,docx,37085,NOT_RETRIEVED,0.1027,False,3.0461
A44,ext4,True,5,low,header_photo.jpg,jpg,44807,NOT_RETRIEVED,0.0365,False,1.2419
A44,ext4,True,5,low,large_wallpaper.jpg,jpg,1120317,NOT_RETRIEVED,0.1322,False,2.5859
A44,ext4,True,5,low,medium_image.jpg,jpg,143097,NOT_RETRIEVED,0.0279,False,4.4151
A45,ext4,True,20,low,cooking_recipe.txt,txt,452,NOT_RETRIEVED,0.0389,False,0.8388
A45,ext4,True,20,low,football_report.txt,txt,361,NOT_RETRIEVED,0.1439,False,5.3939
A45,ext4,True,20,low,tax_invoice.pdf,pdf,2346,NOT_RETRIEVED,0.0166,False,2.3933
A45,ext4,True,20,low,python_tutorial.txt,txt,454,NOT_RETRIEVED,0.1147,False,7.0753
A45,ext4,True,20,low,hospital_note.pdf,pdf,2353,NOT_RETRIEVED,0.1477,False,7.8678
A45,ext4,True,20,low,travel_itinerary.docx,docx,37097,NOT_RETRIEVED,0.0108,False,1.5335
A45,ext4,True,20,low,cybersecurity_guide.txt,txt,477,NOT_RETRIEVED,0.0829,False,1.2273
A45,ext4,True,20,low,financial_budget.pdf,pdf,2356,NOT_RETRIEVED,0.0925,False,4.5677
A45,ext4,True,20,low,climate_study.docx,docx,37091,NOT_RETRIEVED,0.038,False,1.7023
A45,ext4,True,20,low,astronomy_article.txt,txt,364,NOT_RETRIEVED,0.0876,False,6.0135
A45,ext4,True,20,low,ml_research_notes.txt,txt,454,NOT_RETRIEVED,0.0557,False,3.5364
A45,ext4,True,20,low,project_report.docx,docx,37085,NOT_RETRIEVED,0.1159,False,2.0511
A45,ext4,True,20,low,header_photo.jpg,jpg,44807,NOT_RETRIEVED,0.0181,False,7.2209
A45,ext4,True,20,low,large_wallpaper.jpg,jpg,1120317,NOT_RETRIEVED,0.0397,False,6.8486
A45,ext4,True,20,low,medium_image.jpg,jpg,143097,NOT_RETRIEVED,0.062,False,3.8739
A46,ext4,True,0,high,cooking_recipe.txt,txt,452,NOT_RETRIEVED,0.1065,False,6.885
A46,ext4,True,0,high,football_report.txt,txt,361,NOT_RETRIEVED,0.0509,False,4.4814
A46,ext4,True,0,high,tax_invoice.pdf,pdf,2346,NOT_RETRIEVED,0.0367,False,1.7094
A46,ext4,True,0,high,python_tutorial.txt,txt,454,NOT_RETRIEVED,0.1332,False,6.3302
A46,ext4,True,0,high,hospital_note.pdf,pdf,2353,NOT_RETRIEVED,0.0736,False,4.4731
A46,ext4,True,0,high,travel_itinerary.docx,docx,37097,NOT_RETRIEVED,0.0652,False,1.4882
A46,ext4,True,0,high,cybersecurity_guide.txt,txt,477,NOT_RETRIEVED,0.1428,False,4.1152
A46,ext4,True,0,high,financial_budget.pdf,pdf,2356,NOT_RETRIEVED,0.0245,False,4.6581
A46,ext4,True,0,high,climate_study.docx,docx,37091,NOT_RETRIEVED,0.038,False,0.7254
A46,ext4,True,0,high,astronomy_article.txt,txt,364,NOT_RETRIEVED,0.1375,False,2.9115
A46,ext4,True,0,high,ml_research_notes.txt,txt,454,NOT_RETRIEVED,0.0698,False,3.5034
A46,ext4,True,0,high,project_report.docx,docx,37085,NOT_RETRIEVED,0.0281,False,7.9145
A46,ext4,True,0,high,header_photo.jpg,jpg,44807,NOT_RETRIEVED,0.1112,False,4.0157
A46,ext4,True,0,high,large_wallpaper.jpg,jpg,1120317,NOT_RETRIEVED,0.1381,False,3.0604
A46,ext4,True,0,high,medium_image.jpg,jpg,143097,NOT_RETRIEVED,0.0514,False,6.4584
A47,ext4,True,5,high,cooking_recipe.txt,txt,452,NOT_RETRIEVED,0.1126,False,6.4523
A47,ext4,True,5,high,football_report.txt,txt,361,NOT_RETRIEVED,0.1386,False,3.7849
A47,ext4,True,5,high,tax_invoice.pdf,pdf,2346,NOT_RETRIEVED,0.0003,False,7.9503
A47,ext4,True,5,high,python_tutorial.txt,txt,454,NOT_RETRIEVED,0.0093,False,3.937
A47,ext4,True,5,high,hospital_note.pdf,pdf,2353,NOT_RETRIEVED,0.0228,False,5.2421
A47,ext4,True,5,high,travel_itinerary.docx,docx,37097,NOT_RETRIEVED,0.1383,False,2.8937
A47,ext4,True,5,high,cybersecurity_guide.txt,txt,477,NOT_RETRIEVED,0.0692,False,5.4496
A47,ext4,True,5,high,financial_budget.pdf,pdf,2356,NOT_RETRIEVED,0.0709,False,7.6255
A47,ext4,True,5,high,climate_study.docx,docx,37091,NOT_RETRIEVED,0.0266,False,5.5857
A47,ext4,True,5,high,astronomy_article.txt,txt,364,NOT_RETRIEVED,0.006,False,3.8722
A47,ext4,True,5,high,ml_research_notes.txt,txt,454,NOT_RETRIEVED,0.1124,False,7.9386
A47,ext4,True,5,high,project_report.docx,docx,37085,NOT_RETRIEVED,0.099,False,2.7686
A47,ext4,True,5,high,header_photo.jpg,jpg,44807,NOT_RETRIEVED,0.055,False,6.0388
A47,ext4,True,5,high,large_wallpaper.jpg,jpg,1120317,NOT_RETRIEVED,0.0843,False,5.8984
A47,ext4,True,5,high,medium_image.jpg,jpg,143097,NOT_RETRIEVED,0.1361,False,3.6448
A48,ext4,True,20,high,cooking_recipe.txt,txt,452,NOT_RETRIEVED,0.0514,False,3.5612
A48,ext4,True,20,high,football_report.txt,txt,361,NOT_RETRIEVED,0.0189,False,1.1879
A48,ext4,True,20,high,tax_invoice.pdf,pdf,2346,NOT_RETRIEVED,0.0983,False,5.4718
A48,ext4,True,20,high,python_tutorial.txt,txt,454,NOT_RETRIEVED,0.049,False,1.9836
A48,ext4,True,20,high,hospital_note.pdf,pdf,2353,NOT_RETRIEVED,0.1291,False,2.3501
A48,ext4,True,20,high,travel_itinerary.docx,docx,37097,NOT_RETRIEVED,0.0194,False,2.5636
A48,ext4,True,20,high,cybersecurity_guide.txt,txt,477,NOT_RETRIEVED,0.0425,False,5.5605
A48,ext4,True,20,high,financial_budget.pdf,pdf,2356,NOT_RETRIEVED,0.0304,False,4.5656
A48,ext4,True,20,high,climate_study.docx,docx,37091,NOT_RETRIEVED,0.1429,False,5.0755
A48,ext4,True,20,high,astronomy_article.txt,txt,364,NOT_RETRIEVED,0.0938,False,2.9037
A48,ext4,True,20,high,ml_research_notes.txt,txt,454,NOT_RETRIEVED,0.06,False,5.6407
A48,ext4,True,20,high,project_report.docx,docx,37085,NOT_RETRIEVED,0.06,False,7.0633
A48,ext4,True,20,high,header_photo.jpg,jpg,44807,NOT_RETRIEVED,0.0666,False,7.5195
A48,ext4,True,20,high,large_wallpaper.jpg,jpg,1120317,NOT_RETRIEVED,0.0483,False,4.5841
A48,ext4,True,20,high,medium_image.jpg,jpg,143097,NOT_RETRIEVED,0.0948,False,3.0058
A49,vfat,False,0,low,cooking_recipe.txt,txt,452,FULL,0.9913,True,7.4291
A49,vfat,False,0,low,football_report.txt,txt,361,NOT_RETRIEVED,0.1467,False,6.0874
A49,vfat,False,0,low,tax_invoice.pdf,pdf,2346,PARTIAL_74pct,0.7499,False,4.1046
A49,vfat,False,0,low,python_tutorial.txt,txt,454,PARTIAL_44pct,0.4417,False,5.3361
A49,vfat,False,0,low,hospital_note.pdf,pdf,2353,FULL,0.9258,True,4.8947
A49,vfat,False,0,low,travel_itinerary.docx,docx,37097,PARTIAL_42pct,0.4291,False,6.6204
A49,vfat,False,0,low,cybersecurity_guide.txt,txt,477,NOT_RETRIEVED,0.0252,False,0.5563
A49,vfat,False,0,low,financial_budget.pdf,pdf,2356,FULL,0.9798,True,6.7938
A49,vfat,False,0,low,climate_study.docx,docx,37091,FULL,0.9774,True,1.3678
A49,vfat,False,0,low,astronomy_article.txt,txt,364,PARTIAL_88pct,0.8892,False,1.9444
A49,vfat,False,0,low,ml_research_notes.txt,txt,454,FULL,0.9423,True,5.1475
A49,vfat,False,0,low,project_report.docx,docx,37085,NOT_RETRIEVED,0.1471,False,1.0223
A49,vfat,False,0,low,header_photo.jpg,jpg,44807,FULL,0.9791,True,2.5297
A49,vfat,False,0,low,large_wallpaper.jpg,jpg,1120317,NOT_RETRIEVED,0.0995,False,1.3388
A49,vfat,False,0,low,medium_image.jpg,jpg,143097,NOT_RETRIEVED,0.0265,False,3.6762
A50,vfat,False,5,low,cooking_recipe.txt,txt,452,NOT_RETRIEVED,0.0751,False,5.6462
A50,vfat,False,5,low,football_report.txt,txt,361,NOT_RETRIEVED,0.1488,False,7.9957
A50,vfat,False,5,low,tax_invoice.pdf,pdf,2346,PARTIAL_35pct,0.3562,False,5.9588
A50,vfat,False,5,low,python_tutorial.txt,txt,454,NOT_RETRIEVED,0.0477,False,3.9591
A50,vfat,False,5,low,hospital_note.pdf,pdf,2353,PARTIAL_33pct,0.3303,False,5.542
A50,vfat,False,5,low,travel_itinerary.docx,docx,37097,PARTIAL_76pct,0.7646,False,6.7409
A50,vfat,False,5,low,cybersecurity_guide.txt,txt,477,NOT_RETRIEVED,0.0625,False,2.9116
A50,vfat,False,5,low,financial_budget.pdf,pdf,2356,NOT_RETRIEVED,0.1202,False,4.1844
A50,vfat,False,5,low,climate_study.docx,docx,37091,NOT_RETRIEVED,0.0216,False,7.093
A50,vfat,False,5,low,astronomy_article.txt,txt,364,FULL,0.9154,True,4.5038
A50,vfat,False,5,low,ml_research_notes.txt,txt,454,FULL,0.9053,True,0.5039
A50,vfat,False,5,low,project_report.docx,docx,37085,PARTIAL_75pct,0.757,False,0.7613
A50,vfat,False,5,low,header_photo.jpg,jpg,44807,PARTIAL_78pct,0.7856,False,1.76
A50,vfat,False,5,low,large_wallpaper.jpg,jpg,1120317,FULL,0.9861,True,6.6734
A50,vfat,False,5,low,medium_image.jpg,jpg,143097,PARTIAL_78pct,0.7833,False,1.1957
A51,vfat,False,20,low,cooking_recipe.txt,txt,452,NOT_RETRIEVED,0.1107,False,2.4309
A51,vfat,False,20,low,football_report.txt,txt,361,NOT_RETRIEVED,0.0756,False,6.127
A51,vfat,False,20,low,tax_invoice.pdf,pdf,2346,NOT_RETRIEVED,0.0552,False,2.1439
A51,vfat,False,20,low,python_tutorial.txt,txt,454,PARTIAL_74pct,0.7434,False,1.3918
A51,vfat,False,20,low,hospital_note.pdf,pdf,2353,FULL,0.9176,True,1.8151
A51,vfat,False,20,low,travel_itinerary.docx,docx,37097,NOT_RETRIEVED,0.0598,False,7.9279
A51,vfat,False,20,low,cybersecurity_guide.txt,txt,477,FULL,0.9654,True,3.8655
A51,vfat,False,20,low,financial_budget.pdf,pdf,2356,PARTIAL_81pct,0.8163,False,7.817
A51,vfat,False,20,low,climate_study.docx,docx,37091,NOT_RETRIEVED,0.0288,False,2.156
A51,vfat,False,20,low,astronomy_article.txt,txt,364,NOT_RETRIEVED,0.0434,False,6.0104
A51,vfat,False,20,low,ml_research_notes.txt,txt,454,NOT_RETRIEVED,0.0826,False,6.7141
A51,vfat,False,20,low,project_report.docx,docx,37085,NOT_RETRIEVED,0.004,False,0.8709
A51,vfat,False,20,low,header_photo.jpg,jpg,44807,NOT_RETRIEVED,0.0729,False,2.4514
A51,vfat,False,20,low,large_wallpaper.jpg,jpg,1120317,PARTIAL_74pct,0.7472,False,6.6996
A51,vfat,False,20,low,medium_image.jpg,jpg,143097,NOT_RETRIEVED,0.0578,False,2.5302
A52,vfat,False,0,high,cooking_recipe.txt,txt,452,NOT_RETRIEVED,0.0472,False,4.7307
A52,vfat,False,0,high,football_report.txt,txt,361,NOT_RETRIEVED,0.0099,False,0.508
A52,vfat,False,0,high,tax_invoice.pdf,pdf,2346,FULL,0.9895,True,5.3472
A52,vfat,False,0,high,python_tutorial.txt,txt,454,FULL,0.989,True,4.0247
A52,vfat,False,0,high,hospital_note.pdf,pdf,2353,PARTIAL_85pct,0.852,False,0.9462
A52,vfat,False,0,high,travel_itinerary.docx,docx,37097,FULL,0.9586,True,1.9661
A52,vfat,False,0,high,cybersecurity_guide.txt,txt,477,NOT_RETRIEVED,0.0321,False,1.2437
A52,vfat,False,0,high,financial_budget.pdf,pdf,2356,FULL,0.9423,True,1.821
A52,vfat,False,0,high,climate_study.docx,docx,37091,FULL,0.986,True,2.903
A52,vfat,False,0,high,astronomy_article.txt,txt,364,PARTIAL_33pct,0.3326,False,3.1803
A52,vfat,False,0,high,ml_research_notes.txt,txt,454,FULL,0.961,True,2.0404
A52,vfat,False,0,high,project_report.docx,docx,37085,NOT_RETRIEVED,0.1394,False,1.2487
A52,vfat,False,0,high,header_photo.jpg,jpg,44807,FULL,0.9115,True,5.1468
A52,vfat,False,0,high,large_wallpaper.jpg,jpg,1120317,FULL,0.9852,True,6.157
A52,vfat,False,0,high,medium_image.jpg,jpg,143097,NOT_RETRIEVED,0.0789,False,7.9751
A53,vfat,False,5,high,cooking_recipe.txt,txt,452,FULL,0.9401,True,2.9295
A53,vfat,False,5,high,football_report.txt,txt,361,NOT_RETRIEVED,0.0865,False,6.5464
A53,vfat,False,5,high,tax_invoice.pdf,pdf,2346,FULL,0.9979,True,4.2398
A53,vfat,False,5,high,python_tutorial.txt,txt,454,NOT_RETRIEVED,0.1456,False,3.3555
A53,vfat,False,5,high,hospital_note.pdf,pdf,2353,PARTIAL_64pct,0.645,False,1.4604
A53,vfat,False,5,high,travel_itinerary.docx,docx,37097,PARTIAL_41pct,0.414,False,1.2746
A53,vfat,False,5,high,cybersecurity_guide.txt,txt,477,NOT_RETRIEVED,0.0884,False,3.19
A53,vfat,False,5,high,financial_budget.pdf,pdf,2356,PARTIAL_55pct,0.5546,False,5.2486
A53,vfat,False,5,high,climate_study.docx,docx,37091,NOT_RETRIEVED,0.1399,False,3.4362
A53,vfat,False,5,high,astronomy_article.txt,txt,364,PARTIAL_56pct,0.5661,False,4.7595
A53,vfat,False,5,high,ml_research_notes.txt,txt,454,NOT_RETRIEVED,0.0988,False,4.658
A53,vfat,False,5,high,project_report.docx,docx,37085,PARTIAL_50pct,0.504,False,3.3394
A53,vfat,False,5,high,header_photo.jpg,jpg,44807,FULL,0.9166,True,5.9234
A53,vfat,False,5,high,large_wallpaper.jpg,jpg,1120317,PARTIAL_42pct,0.4266,False,4.72
A53,vfat,False,5,high,medium_image.jpg,jpg,143097,NOT_RETRIEVED,0.0386,False,6.7009
A54,vfat,False,20,high,cooking_recipe.txt,txt,452,NOT_RETRIEVED,0.0896,False,5.5171
A54,vfat,False,20,high,football_report.txt,txt,361,FULL,0.9946,True,3.4436
A54,vfat,False,20,high,tax_invoice.pdf,pdf,2346,NOT_RETRIEVED,0.0868,False,0.5346
A54,vfat,False,20,high,python_tutorial.txt,txt,454,FULL,0.968,True,4.72
A54,vfat,False,20,high,hospital_note.pdf,pdf,2353,FULL,0.9743,True,6.8911
A54,vfat,False,20,high,travel_itinerary.docx,docx,37097,NOT_RETRIEVED,0.0699,False,0.541
A54,vfat,False,20,high,cybersecurity_guide.txt,txt,477,NOT_RETRIEVED,0.0496,False,7.0907
A54,vfat,False,20,high,financial_budget.pdf,pdf,2356,NOT_RETRIEVED,0.0848,False,2.5276
A54,vfat,False,20,high,climate_study.docx,docx,37091,PARTIAL_75pct,0.7572,False,4.2244
A54,vfat,False,20,high,astronomy_article.txt,txt,364,NOT_RETRIEVED,0.1448,False,7.7268
A54,vfat,False,20,high,ml_research_notes.txt,txt,454,NOT_RETRIEVED,0.0281,False,4.957
A54,vfat,False,20,high,project_report.docx,docx,37085,NOT_RETRIEVED,0.0562,False,1.2583
A54,vfat,False,20,high,header_photo.jpg,jpg,44807,NOT_RETRIEVED,0.0723,False,4.7329
A54,vfat,False,20,high,large_wallpaper.jpg,jpg,1120317,NOT_RETRIEVED,0.0911,False,3.6873
A54,vfat,False,20,high,medium_image.jpg,jpg,143097,NOT_RETRIEVED,0.0626,False,1.388
A55,vfat,True,0,low,cooking_recipe.txt,txt,452,NOT_RETRIEVED,0.1257,False,2.633
A55,vfat,True,0,low,football_report.txt,txt,361,PARTIAL_81pct,0.8159,False,0.6798
A55,vfat,True,0,low,tax_invoice.pdf,pdf,2346,NOT_RETRIEVED,0.0696,False,5.676
A55,vfat,True,0,low,python_tutorial.txt,txt,454,FULL,0.9668,True,3.3255
A55,vfat,True,0,low,hospital_note.pdf,pdf,2353,NOT_RETRIEVED,0.006,False,3.963
A55,vfat,True,0,low,travel_itinerary.docx,docx,37097,NOT_RETRIEVED,0.0321,False,1.5472
A55,vfat,True,0,low,cybersecurity_guide.txt,txt,477,PARTIAL_50pct,0.503,False,1.2261
A55,vfat,True,0,low,financial_budget.pdf,pdf,2356,NOT_RETRIEVED,0.0607,False,6.5673
A55,vfat,True,0,low,climate_study.docx,docx,37091,NOT_RETRIEVED,0.0121,False,5.3875
A55,vfat,True,0,low,astronomy_article.txt,txt,364,NOT_RETRIEVED,0.0951,False,3.7177
A55,vfat,True,0,low,ml_research_notes.txt,txt,454,NOT_RETRIEVED,0.0054,False,4.5095
A55,vfat,True,0,low,project_report.docx,docx,37085,NOT_RETRIEVED,0.1438,False,0.803
A55,vfat,True,0,low,header_photo.jpg,jpg,44807,NOT_RETRIEVED,0.0453,False,7.2724
A55,vfat,True,0,low,large_wallpaper.jpg,jpg,1120317,FULL,0.9936,True,6.7811
A55,vfat,True,0,low,medium_image.jpg,jpg,143097,FULL,0.906,True,6.7603
A56,vfat,True,5,low,cooking_recipe.txt,txt,452,PARTIAL_61pct,0.6156,False,7.3681
A56,vfat,True,5,low,football_report.txt,txt,361,NOT_RETRIEVED,0.0596,False,3.8376
A56,vfat,True,5,low,tax_invoice.pdf,pdf,2346,FULL,0.9969,True,2.8299
A56,vfat,True,5,low,python_tutorial.txt,txt,454,NOT_RETRIEVED,0.0429,False,7.7328
A56,vfat,True,5,low,hospital_note.pdf,pdf,2353,FULL,0.9867,True,5.8088
A56,vfat,True,5,low,travel_itinerary.docx,docx,37097,NOT_RETRIEVED,0.1464,False,6.8162
A56,vfat,True,5,low,cybersecurity_guide.txt,txt,477,NOT_RETRIEVED,0.019,False,6.4684
A56,vfat,True,5,low,financial_budget.pdf,pdf,2356,NOT_RETRIEVED,0.0815,False,7.2419
A56,vfat,True,5,low,climate_study.docx,docx,37091,NOT_RETRIEVED,0.1057,False,4.122
A56,vfat,True,5,low,astronomy_article.txt,txt,364,NOT_RETRIEVED,0.058,False,3.212
A56,vfat,True,5,low,ml_research_notes.txt,txt,454,NOT_RETRIEVED,0.0135,False,1.0808
A56,vfat,True,5,low,project_report.docx,docx,37085,NOT_RETRIEVED,0.0669,False,7.4801
A56,vfat,True,5,low,header_photo.jpg,jpg,44807,NOT_RETRIEVED,0.0053,False,1.6814
A56,vfat,True,5,low,large_wallpaper.jpg,jpg,1120317,FULL,0.9976,True,2.1403
A56,vfat,True,5,low,medium_image.jpg,jpg,143097,NOT_RETRIEVED,0.1404,False,7.8289
A57,vfat,True,20,low,cooking_recipe.txt,txt,452,NOT_RETRIEVED,0.0074,False,1.652
A57,vfat,True,20,low,football_report.txt,txt,361,NOT_RETRIEVED,0.0293,False,4.7643
A57,vfat,True,20,low,tax_invoice.pdf,pdf,2346,NOT_RETRIEVED,0.0806,False,5.1949
A57,vfat,True,20,low,python_tutorial.txt,txt,454,NOT_RETRIEVED,0.1201,False,5.1334
A57,vfat,True,20,low,hospital_note.pdf,pdf,2353,NOT_RETRIEVED,0.1423,False,3.1093
A57,vfat,True,20,low,travel_itinerary.docx,docx,37097,NOT_RETRIEVED,0.0339,False,3.7838
A57,vfat,True,20,low,cybersecurity_guide.txt,txt,477,NOT_RETRIEVED,0.0567,False,6.2808
A57,vfat,True,20,low,financial_budget.pdf,pdf,2356,NOT_RETRIEVED,0.0274,False,2.9055
A57,vfat,True,20,low,climate_study.docx,docx,37091,NOT_RETRIEVED,0.1009,False,3.7607
A57,vfat,True,20,low,astronomy_article.txt,txt,364,NOT_RETRIEVED,0.1083,False,1.7665
A57,vfat,True,20,low,ml_research_notes.txt,txt,454,NOT_RETRIEVED,0.0282,False,1.3048
A57,vfat,True,20,low,project_report.docx,docx,37085,NOT_RETRIEVED,0.0779,False,4.3114
A57,vfat,True,20,low,header_photo.jpg,jpg,44807,NOT_RETRIEVED,0.1492,False,4.1471
A57,vfat,True,20,low,large_wallpaper.jpg,jpg,1120317,NOT_RETRIEVED,0.0633,False,1.0012
A57,vfat,True,20,low,medium_image.jpg,jpg,143097,NOT_RETRIEVED,0.0342,False,5.2821
A58,vfat,True,0,high,cooking_recipe.txt,txt,452,FULL,0.9981,True,4.0175
A58,vfat,True,0,high,football_report.txt,txt,361,NOT_RETRIEVED,0.0713,False,0.9525
A58,vfat,True,0,high,tax_invoice.pdf,pdf,2346,NOT_RETRIEVED,0.0972,False,6.3632
A58,vfat,True,0,high,python_tutorial.txt,txt,454,NOT_RETRIEVED,0.0957,False,6.9217
A58,vfat,True,0,high,hospital_note.pdf,pdf,2353,NOT_RETRIEVED,0.0522,False,5.469
A58,vfat,True,0,high,travel_itinerary.docx,docx,37097,NOT_RETRIEVED,0.1441,False,3.2818
A58,vfat,True,0,high,cybersecurity_guide.txt,txt,477,NOT_RETRIEVED,0.1218,False,4.2932
A58,vfat,True,0,high,financial_budget.pdf,pdf,2356,NOT_RETRIEVED,0.069,False,2.1162
A58,vfat,True,0,high,climate_study.docx,docx,37091,NOT_RETRIEVED,0.0197,False,1.9894
A58,vfat,True,0,high,astronomy_article.txt,txt,364,NOT_RETRIEVED,0.1121,False,7.2102
A58,vfat,True,0,high,ml_research_notes.txt,txt,454,NOT_RETRIEVED,0.0166,False,7.6703
A58,vfat,True,0,high,project_report.docx,docx,37085,PARTIAL_41pct,0.4166,False,2.685
A58,vfat,True,0,high,header_photo.jpg,jpg,44807,NOT_RETRIEVED,0.1324,False,6.2041
A58,vfat,True,0,high,large_wallpaper.jpg,jpg,1120317,NOT_RETRIEVED,0.0263,False,3.1826
A58,vfat,True,0,high,medium_image.jpg,jpg,143097,NOT_RETRIEVED,0.0221,False,2.5507
A59,vfat,True,5,high,cooking_recipe.txt,txt,452,NOT_RETRIEVED,0.0191,False,4.6268
A59,vfat,True,5,high,football_report.txt,txt,361,NOT_RETRIEVED,0.0105,False,4.1084
A59,vfat,True,5,high,tax_invoice.pdf,pdf,2346,NOT_RETRIEVED,0.1122,False,6.613
A59,vfat,True,5,high,python_tutorial.txt,txt,454,NOT_RETRIEVED,0.1231,False,2.3056
A59,vfat,True,5,high,hospital_note.pdf,pdf,2353,NOT_RETRIEVED,0.0265,False,4.0061
A59,vfat,True,5,high,travel_itinerary.docx,docx,37097,NOT_RETRIEVED,0.0361,False,6.1384
A59,vfat,True,5,high,cybersecurity_guide.txt,txt,477,NOT_RETRIEVED,0.0409,False,1.4817
A59,vfat,True,5,high,financial_budget.pdf,pdf,2356,NOT_RETRIEVED,0.0454,False,3.2695
A59,vfat,True,5,high,climate_study.docx,docx,37091,NOT_RETRIEVED,0.1145,False,7.475
A59,vfat,True,5,high,astronomy_article.txt,txt,364,NOT_RETRIEVED,0.0964,False,7.0038
A59,vfat,True,5,high,ml_research_notes.txt,txt,454,NOT_RETRIEVED,0.092,False,7.1733
A59,vfat,True,5,high,project_report.docx,docx,37085,NOT_RETRIEVED,0.1187,False,3.957
A59,vfat,True,5,high,header_photo.jpg,jpg,44807,FULL,0.9016,True,4.079
A59,vfat,True,5,high,large_wallpaper.jpg,jpg,1120317,NOT_RETRIEVED,0.0611,False,4.7613
A59,vfat,True,5,high,medium_image.jpg,jpg,143097,NOT_RETRIEVED,0.1255,False,1.3149
A60,vfat,True,20,high,cooking_recipe.txt,txt,452,NOT_RETRIEVED,0.119,False,6.8588
A60,vfat,True,20,high,football_report.txt,txt,361,NOT_RETRIEVED,0.1309,False,7.1742
A60,vfat,True,20,high,tax_invoice.pdf,pdf,2346,NOT_RETRIEVED,0.0602,False,2.5106
A60,vfat,True,20,high,python_tutorial.txt,txt,454,NOT_RETRIEVED,0.1408,False,3.0848
A60,vfat,True,20,high,hospital_note.pdf,pdf,2353,NOT_RETRIEVED,0.0444,False,1.7735
A60,vfat,True,20,high,travel_itinerary.docx,docx,37097,NOT_RETRIEVED,0.0087,False,7.6197
A60,vfat,True,20,high,cybersecurity_guide.txt,txt,477,NOT_RETRIEVED,0.1251,False,5.61
A60,vfat,True,20,high,financial_budget.pdf,pdf,2356,NOT_RETRIEVED,0.0263,False,6.5899
A60,vfat,True,20,high,climate_study.docx,docx,37091,NOT_RETRIEVED,0.137,False,1.5504
A60,vfat,True,20,high,astronomy_article.txt,txt,364,NOT_RETRIEVED,0.1222,False,2.2644
A60,vfat,True,20,high,ml_research_notes.txt,txt,454,NOT_RETRIEVED,0.1447,False,2.4845
A60,vfat,True,20,high,project_report.docx,docx,37085,NOT_RETRIEVED,0.0649,False,2.3978
A60,vfat,True,20,high,header_photo.jpg,jpg,44807,NOT_RETRIEVED,0.1158,False,3.3374
A60,vfat,True,20,high,large_wallpaper.jpg,jpg,1120317,NOT_RETRIEVED,0.032,False,0.5323
A60,vfat,True,20,high,medium_image.jpg,jpg,143097,NOT_RETRIEVED,0.1491,False,0.7898
A61,ext4,False,0,low,cooking_recipe.txt,txt,452,PARTIAL_60pct,0.6062,False,6.5746
A61,ext4,False,0,low,football_report.txt,txt,361,FULL,0.9395,True,6.1031
A61,ext4,False,0,low,tax_invoice.pdf,pdf,2346,PARTIAL_41pct,0.4114,False,1.9662
A61,ext4,False,0,low,python_tutorial.txt,txt,454,NOT_RETRIEVED,0.0719,False,6.9636
A61,ext4,False,0,low,hospital_note.pdf,pdf,2353,NOT_RETRIEVED,0.1036,False,7.8724
A61,ext4,False,0,low,travel_itinerary.docx,docx,37097,NOT_RETRIEVED,0.0605,False,7.4251
A61,ext4,False,0,low,cybersecurity_guide.txt,txt,477,PARTIAL_73pct,0.7306,False,6.1593
A61,ext4,False,0,low,financial_budget.pdf,pdf,2356,FULL,0.9468,True,2.0042
A61,ext4,False,0,low,climate_study.docx,docx,37091,FULL,0.9464,True,2.6707
A61,ext4,False,0,low,astronomy_article.txt,txt,364,NOT_RETRIEVED,0.1361,False,6.5204
A61,ext4,False,0,low,ml_research_notes.txt,txt,454,PARTIAL_46pct,0.4617,False,2.4105
A61,ext4,False,0,low,project_report.docx,docx,37085,FULL,0.9944,True,3.5154
A61,ext4,False,0,low,header_photo.jpg,jpg,44807,FULL,0.9847,True,3.494
A61,ext4,False,0,low,large_wallpaper.jpg,jpg,1120317,FULL,0.9162,True,5.2944
A61,ext4,False,0,low,medium_image.jpg,jpg,143097,NOT_RETRIEVED,0.0316,False,7.3805
A62,ext4,False,5,low,cooking_recipe.txt,txt,452,NOT_RETRIEVED,0.1273,False,2.2075
A62,ext4,False,5,low,football_report.txt,txt,361,FULL,0.9867,True,2.7935
A62,ext4,False,5,low,tax_invoice.pdf,pdf,2346,NOT_RETRIEVED,0.114,False,1.4622
A62,ext4,False,5,low,python_tutorial.txt,txt,454,NOT_RETRIEVED,0.1408,False,5.9628
A62,ext4,False,5,low,hospital_note.pdf,pdf,2353,NOT_RETRIEVED,0.1315,False,4.4559
A62,ext4,False,5,low,travel_itinerary.docx,docx,37097,NOT_RETRIEVED,0.1231,False,6.1201
A62,ext4,False,5,low,cybersecurity_guide.txt,txt,477,NOT_RETRIEVED,0.0177,False,2.2875
A62,ext4,False,5,low,financial_budget.pdf,pdf,2356,NOT_RETRIEVED,0.0758,False,4.8698
A62,ext4,False,5,low,climate_study.docx,docx,37091,NOT_RETRIEVED,0.118,False,7.3487
A62,ext4,False,5,low,astronomy_article.txt,txt,364,NOT_RETRIEVED,0.1105,False,5.5848
A62,ext4,False,5,low,ml_research_notes.txt,txt,454,NOT_RETRIEVED,0.0283,False,6.4642
A62,ext4,False,5,low,project_report.docx,docx,37085,NOT_RETRIEVED,0.1083,False,7.3839
A62,ext4,False,5,low,header_photo.jpg,jpg,44807,NOT_RETRIEVED,0.0528,False,5.2867
A62,ext4,False,5,low,large_wallpaper.jpg,jpg,1120317,NOT_RETRIEVED,0.148,False,1.2036
A62,ext4,False,5,low,medium_image.jpg,jpg,143097,NOT_RETRIEVED,0.1313,False,2.6304
A63,ext4,False,20,low,cooking_recipe.txt,txt,452,NOT_RETRIEVED,0.0574,False,7.8498
A63,ext4,False,20,low,football_report.txt,txt,361,NOT_RETRIEVED,0.0452,False,6.2764
A63,ext4,False,20,low,tax_invoice.pdf,pdf,2346,NOT_RETRIEVED,0.091,False,5.4386
A63,ext4,False,20,low,python_tutorial.txt,txt,454,NOT_RETRIEVED,0.0037,False,2.1512
A63,ext4,False,20,low,hospital_note.pdf,pdf,2353,NOT_RETRIEVED,0.0845,False,4.217
A63,ext4,False,20,low,travel_itinerary.docx,docx,37097,NOT_RETRIEVED,0.0522,False,6.9883
A63,ext4,False,20,low,cybersecurity_guide.txt,txt,477,NOT_RETRIEVED,0.0595,False,7.5886
A63,ext4,False,20,low,financial_budget.pdf,pdf,2356,FULL,0.975,True,2.4321
A63,ext4,False,20,low,climate_study.docx,docx,37091,NOT_RETRIEVED,0.1119,False,7.1428
A63,ext4,False,20,low,astronomy_article.txt,txt,364,NOT_RETRIEVED,0.0797,False,6.3445
A63,ext4,False,20,low,ml_research_notes.txt,txt,454,NOT_RETRIEVED,0.0346,False,0.7039
A63,ext4,False,20,low,project_report.docx,docx,37085,NOT_RETRIEVED,0.1065,False,5.2667
A63,ext4,False,20,low,header_photo.jpg,jpg,44807,NOT_RETRIEVED,0.0797,False,4.071
A63,ext4,False,20,low,large_wallpaper.jpg,jpg,1120317,NOT_RETRIEVED,0.0961,False,2.0115
A63,ext4,False,20,low,medium_image.jpg,jpg,143097,NOT_RETRIEVED,0.1218,False,3.1217
A64,ext4,False,0,high,cooking_recipe.txt,txt,452,NOT_RETRIEVED,0.0212,False,7.7926
A64,ext4,False,0,high,football_report.txt,txt,361,NOT_RETRIEVED,0.1383,False,2.9912
A64,ext4,False,0,high,tax_invoice.pdf,pdf,2346,FULL,0.9212,True,1.175
A64,ext4,False,0,high,python_tutorial.txt,txt,454,PARTIAL_34pct,0.3421,False,7.9237
A64,ext4,False,0,high,hospital_note.pdf,pdf,2353,FULL,0.9133,True,6.7044
A64,ext4,False,0,high,travel_itinerary.docx,docx,37097,NOT_RETRIEVED,0.1162,False,5.2318
A64,ext4,False,0,high,cybersecurity_guide.txt,txt,477,NOT_RETRIEVED,0.0958,False,4.4159
A64,ext4,False,0,high,financial_budget.pdf,pdf,2356,NOT_RETRIEVED,0.0671,False,3.0955
A64,ext4,False,0,high,climate_study.docx,docx,37091,NOT_RETRIEVED,0.0255,False,6.4743
A64,ext4,False,0,high,astronomy_article.txt,txt,364,NOT_RETRIEVED,0.023,False,2.3476
A64,ext4,False,0,high,ml_research_notes.txt,txt,454,NOT_RETRIEVED,0.0495,False,5.6454
A64,ext4,False,0,high,project_report.docx,docx,37085,NOT_RETRIEVED,0.0117,False,6.2377
A64,ext4,False,0,high,header_photo.jpg,jpg,44807,PARTIAL_42pct,0.4278,False,5.6668
A64,ext4,False,0,high,large_wallpaper.jpg,jpg,1120317,NOT_RETRIEVED,0.0443,False,4.7663
A64,ext4,False,0,high,medium_image.jpg,jpg,143097,PARTIAL_62pct,0.627,False,5.164
A65,ext4,False,5,high,cooking_recipe.txt,txt,452,NOT_RETRIEVED,0.0935,False,1.5131
A65,ext4,False,5,high,football_report.txt,txt,361,NOT_RETRIEVED,0.1012,False,5.6194
A65,ext4,False,5,high,tax_invoice.pdf,pdf,2346,FULL,0.9447,True,3.5678
A65,ext4,False,5,high,python_tutorial.txt,txt,454,NOT_RETRIEVED,0.0334,False,3.8072
A65,ext4,False,5,high,hospital_note.pdf,pdf,2353,NOT_RETRIEVED,0.0356,False,6.7231
A65,ext4,False,5,high,travel_itinerary.docx,docx,37097,NOT_RETRIEVED,0.1141,False,4.0442
A65,ext4,False,5,high,cybersecurity_guide.txt,txt,477,NOT_RETRIEVED,0.093,False,7.4598
A65,ext4,False,5,high,financial_budget.pdf,pdf,2356,NOT_RETRIEVED,0.0793,False,5.015
A65,ext4,False,5,high,climate_study.docx,docx,37091,NOT_RETRIEVED,0.0108,False,4.3677
A65,ext4,False,5,high,astronomy_article.txt,txt,364,NOT_RETRIEVED,0.1383,False,4.2013
A65,ext4,False,5,high,ml_research_notes.txt,txt,454,NOT_RETRIEVED,0.1443,False,3.8793
A65,ext4,False,5,high,project_report.docx,docx,37085,NOT_RETRIEVED,0.0325,False,1.2139
A65,ext4,False,5,high,header_photo.jpg,jpg,44807,FULL,0.9432,True,6.2693
A65,ext4,False,5,high,large_wallpaper.jpg,jpg,1120317,NOT_RETRIEVED,0.0048,False,4.7749
A65,ext4,False,5,high,medium_image.jpg,jpg,143097,PARTIAL_85pct,0.8552,False,1.7552
A66,ext4,False,20,high,cooking_recipe.txt,txt,452,NOT_RETRIEVED,0.0489,False,5.3117
A66,ext4,False,20,high,football_report.txt,txt,361,NOT_RETRIEVED,0.1139,False,2.2301
A66,ext4,False,20,high,tax_invoice.pdf,pdf,2346,NOT_RETRIEVED,0.075,False,6.1707
A66,ext4,False,20,high,python_tutorial.txt,txt,454,NOT_RETRIEVED,0.1498,False,2.1796
A66,ext4,False,20,high,hospital_note.pdf,pdf,2353,NOT_RETRIEVED,0.0376,False,2.4715
A66,ext4,False,20,high,travel_itinerary.docx,docx,37097,NOT_RETRIEVED,0.149,False,7.9271
A66,ext4,False,20,high,cybersecurity_guide.txt,txt,477,NOT_RETRIEVED,0.0959,False,6.9498
A66,ext4,False,20,high,financial_budget.pdf,pdf,2356,NOT_RETRIEVED,0.0306,False,4.4641
A66,ext4,False,20,high,climate_study.docx,docx,37091,NOT_RETRIEVED,0.0455,False,3.7986
A66,ext4,False,20,high,astronomy_article.txt,txt,364,NOT_RETRIEVED,0.1478,False,7.2958
A66,ext4,False,20,high,ml_research_notes.txt,txt,454,NOT_RETRIEVED,0.0404,False,2.9064
A66,ext4,False,20,high,project_report.docx,docx,37085,NOT_RETRIEVED,0.0841,False,4.2913
A66,ext4,False,20,high,header_photo.jpg,jpg,44807,NOT_RETRIEVED,0.0612,False,6.1188
A66,ext4,False,20,high,large_wallpaper.jpg,jpg,1120317,NOT_RETRIEVED,0.0496,False,1.4542
A66,ext4,False,20,high,medium_image.jpg,jpg,143097,NOT_RETRIEVED,0.1276,False,3.8471
A67,ext4,True,0,low,cooking_recipe.txt,txt,452,NOT_RETRIEVED,0.1139,False,4.6549
A67,ext4,True,0,low,football_report.txt,txt,361,NOT_RETRIEVED,0.0475,False,1.8275
A67,ext4,True,0,low,tax_invoice.pdf,pdf,2346,NOT_RETRIEVED,0.0413,False,0.9871
A67,ext4,True,0,low,python_tutorial.txt,txt,454,NOT_RETRIEVED,0.0873,False,0.6629
A67,ext4,True,0,low,hospital_note.pdf,pdf,2353,NOT_RETRIEVED,0.0233,False,5.0492
A67,ext4,True,0,low,travel_itinerary.docx,docx,37097,NOT_RETRIEVED,0.0664,False,1.0385
A67,ext4,True,0,low,cybersecurity_guide.txt,txt,477,NOT_RETRIEVED,0.134,False,0.5826
A67,ext4,True,0,low,financial_budget.pdf,pdf,2356,NOT_RETRIEVED,0.1356,False,4.6212
A67,ext4,True,0,low,climate_study.docx,docx,37091,NOT_RETRIEVED,0.0304,False,5.4499
A67,ext4,True,0,low,astronomy_article.txt,txt,364,NOT_RETRIEVED,0.0899,False,7.6486
A67,ext4,True,0,low,ml_research_notes.txt,txt,454,NOT_RETRIEVED,0.045,False,4.0792
A67,ext4,True,0,low,project_report.docx,docx,37085,NOT_RETRIEVED,0.0337,False,0.8447
A67,ext4,True,0,low,header_photo.jpg,jpg,44807,NOT_RETRIEVED,0.1067,False,0.6383
A67,ext4,True,0,low,large_wallpaper.jpg,jpg,1120317,NOT_RETRIEVED,0.0966,False,5.078
A67,ext4,True,0,low,medium_image.jpg,jpg,143097,NOT_RETRIEVED,0.1216,False,5.8378
A68,ext4,True,5,low,cooking_recipe.txt,txt,452,NOT_RETRIEVED,0.0713,False,5.0255
A68,ext4,True,5,low,football_report.txt,txt,361,NOT_RETRIEVED,0.0064,False,2.1769
A68,ext4,True,5,low,tax_invoice.pdf,pdf,2346,NOT_RETRIEVED,0.0621,False,1.825
A68,ext4,True,5,low,python_tutorial.txt,txt,454,NOT_RETRIEVED,0.1389,False,2.0101
A68,ext4,True,5,low,hospital_note.pdf,pdf,2353,NOT_RETRIEVED,0.0027,False,7.4372
A68,ext4,True,5,low,travel_itinerary.docx,docx,37097,NOT_RETRIEVED,0.0018,False,6.2226
A68,ext4,True,5,low,cybersecurity_guide.txt,txt,477,NOT_RETRIEVED,0.1359,False,7.7803
A68,ext4,True,5,low,financial_budget.pdf,pdf,2356,NOT_RETRIEVED,0.0117,False,6.8734
A68,ext4,True,5,low,climate_study.docx,docx,37091,NOT_RETRIEVED,0.0922,False,3.6294
A68,ext4,True,5,low,astronomy_article.txt,txt,364,NOT_RETRIEVED,0.023,False,6.0483
A68,ext4,True,5,low,ml_research_notes.txt,txt,454,NOT_RETRIEVED,0.1095,False,6.8673
A68,ext4,True,5,low,project_report.docx,docx,37085,NOT_RETRIEVED,0.0765,False,2.8416
A68,ext4,True,5,low,header_photo.jpg,jpg,44807,NOT_RETRIEVED,0.11,False,3.2674
A68,ext4,True,5,low,large_wallpaper.jpg,jpg,1120317,NOT_RETRIEVED,0.0329,False,3.9794
A68,ext4,True,5,low,medium_image.jpg,jpg,143097,NOT_RETRIEVED,0.1101,False,2.1143
A69,ext4,True,20,low,cooking_recipe.txt,txt,452,NOT_RETRIEVED,0.0567,False,6.8879
A69,ext4,True,20,low,football_report.txt,txt,361,NOT_RETRIEVED,0.0928,False,7.45
A69,ext4,True,20,low,tax_invoice.pdf,pdf,2346,NOT_RETRIEVED,0.1039,False,7.9048
A69,ext4,True,20,low,python_tutorial.txt,txt,454,NOT_RETRIEVED,0.0133,False,5.5565
A69,ext4,True,20,low,hospital_note.pdf,pdf,2353,NOT_RETRIEVED,0.0107,False,4.0648
A69,ext4,True,20,low,travel_itinerary.docx,docx,37097,NOT_RETRIEVED,0.0428,False,3.0129
A69,ext4,True,20,low,cybersecurity_guide.txt,txt,477,NOT_RETRIEVED,0.078,False,6.8205
A69,ext4,True,20,low,financial_budget.pdf,pdf,2356,NOT_RETRIEVED,0.1429,False,5.381
A69,ext4,True,20,low,climate_study.docx,docx,37091,NOT_RETRIEVED,0.1328,False,4.1695
A69,ext4,True,20,low,astronomy_article.txt,txt,364,NOT_RETRIEVED,0.0229,False,5.6565
A69,ext4,True,20,low,ml_research_notes.txt,txt,454,NOT_RETRIEVED,0.043,False,1.5484
A69,ext4,True,20,low,project_report.docx,docx,37085,NOT_RETRIEVED,0.0622,False,4.4141
A69,ext4,True,20,low,header_photo.jpg,jpg,44807,NOT_RETRIEVED,0.0048,False,5.1079
A69,ext4,True,20,low,large_wallpaper.jpg,jpg,1120317,NOT_RETRIEVED,0.0977,False,1.315
A69,ext4,True,20,low,medium_image.jpg,jpg,143097,PARTIAL_44pct,0.4465,False,3.9241
A70,ext4,True,0,high,cooking_recipe.txt,txt,452,NOT_RETRIEVED,0.1215,False,3.3338
A70,ext4,True,0,high,football_report.txt,txt,361,NOT_RETRIEVED,0.089,False,0.6637
A70,ext4,True,0,high,tax_invoice.pdf,pdf,2346,NOT_RETRIEVED,0.0517,False,3.6596
A70,ext4,True,0,high,python_tutorial.txt,txt,454,NOT_RETRIEVED,0.1174,False,7.568
A70,ext4,True,0,high,hospital_note.pdf,pdf,2353,NOT_RETRIEVED,0.0902,False,6.2288
A70,ext4,True,0,high,travel_itinerary.docx,docx,37097,NOT_RETRIEVED,0.1181,False,5.2427
A70,ext4,True,0,high,cybersecurity_guide.txt,txt,477,NOT_RETRIEVED,0.1472,False,0.8176
A70,ext4,True,0,high,financial_budget.pdf,pdf,2356,NOT_RETRIEVED,0.082,False,1.6006
A70,ext4,True,0,high,climate_study.docx,docx,37091,NOT_RETRIEVED,0.1481,False,0.6217
A70,ext4,True,0,high,astronomy_article.txt,txt,364,NOT_RETRIEVED,0.1264,False,2.9293
A70,ext4,True,0,high,ml_research_notes.txt,txt,454,NOT_RETRIEVED,0.1467,False,4.0616
A70,ext4,True,0,high,project_report.docx,docx,37085,NOT_RETRIEVED,0.0078,False,7.5906
A70,ext4,True,0,high,header_photo.jpg,jpg,44807,NOT_RETRIEVED,0.0756,False,1.1803
A70,ext4,True,0,high,large_wallpaper.jpg,jpg,1120317,NOT_RETRIEVED,0.1395,False,4.2681
A70,ext4,True,0,high,medium_image.jpg,jpg,143097,NOT_RETRIEVED,0.0388,False,4.2841
A71,ext4,True,5,high,cooking_recipe.txt,txt,452,NOT_RETRIEVED,0.0672,False,2.5962
A71,ext4,True,5,high,football_report.txt,txt,361,NOT_RETRIEVED,0.0585,False,4.4804
A71,ext4,True,5,high,tax_invoice.pdf,pdf,2346,NOT_RETRIEVED,0.028,False,2.7605
A71,ext4,True,5,high,python_tutorial.txt,txt,454,NOT_RETRIEVED,0.0588,False,2.0014
A71,ext4,True,5,high,hospital_note.pdf,pdf,2353,NOT_RETRIEVED,0.0272,False,5.5611
A71,ext4,True,5,high,travel_itinerary.docx,docx,37097,NOT_RETRIEVED,0.0533,False,3.1165
A71,ext4,True,5,high,cybersecurity_guide.txt,txt,477,NOT_RETRIEVED,0.07,False,3.2097
A71,ext4,True,5,high,financial_budget.pdf,pdf,2356,NOT_RETRIEVED,0.0858,False,2.1037
A71,ext4,True,5,high,climate_study.docx,docx,37091,NOT_RETRIEVED,0.0514,False,0.7923
A71,ext4,True,5,high,astronomy_article.txt,txt,364,NOT_RETRIEVED,0.0186,False,2.2885
A71,ext4,True,5,high,ml_research_notes.txt,txt,454,NOT_RETRIEVED,0.0196,False,6.5521
A71,ext4,True,5,high,project_report.docx,docx,37085,NOT_RETRIEVED,0.091,False,5.8277
A71,ext4,True,5,high,header_photo.jpg,jpg,44807,NOT_RETRIEVED,0.1489,False,3.0615
A71,ext4,True,5,high,large_wallpaper.jpg,jpg,1120317,NOT_RETRIEVED,0.0779,False,4.4994
A71,ext4,True,5,high,medium_image.jpg,jpg,143097,NOT_RETRIEVED,0.092,False,0.6059
A72,ext4,True,20,high,cooking_recipe.txt,txt,452,NOT_RETRIEVED,0.0397,False,0.7967
A72,ext4,True,20,high,football_report.txt,txt,361,NOT_RETRIEVED,0.036,False,2.5543
A72,ext4,True,20,high,tax_invoice.pdf,pdf,2346,NOT_RETRIEVED,0.0419,False,1.9471
A72,ext4,True,20,high,python_tutorial.txt,txt,454,NOT_RETRIEVED,0.0578,False,3.0426
A72,ext4,True,20,high,hospital_note.pdf,pdf,2353,NOT_RETRIEVED,0.0135,False,0.689
A72,ext4,True,20,high,travel_itinerary.docx,docx,37097,NOT_RETRIEVED,0.1135,False,7.9311
A72,ext4,True,20,high,cybersecurity_guide.txt,txt,477,NOT_RETRIEVED,0.0756,False,4.4887
A72,ext4,True,20,high,financial_budget.pdf,pdf,2356,NOT_RETRIEVED,0.1161,False,6.2357
A72,ext4,True,20,high,climate_study.docx,docx,37091,NOT_RETRIEVED,0.1343,False,3.7576
A72,ext4,True,20,high,astronomy_article.txt,txt,364,NOT_RETRIEVED,0.121,False,2.8134
A72,ext4,True,20,high,ml_research_notes.txt,txt,454,NOT_RETRIEVED,0.0142,False,7.957
A72,ext4,True,20,high,project_report.docx,docx,37085,NOT_RETRIEVED,0.014,False,5.4217
A72,ext4,True,20,high,header_photo.jpg,jpg,44807,NOT_RETRIEVED,0.1155,False,6.4942
A72,ext4,True,20,high,large_wallpaper.jpg,jpg,1120317,NOT_RETRIEVED,0.1285,False,1.2341
A72,ext4,True,20,high,medium_image.jpg,jpg,143097,NOT_RETRIEVED,0.0621,False,0.8184
A73,vfat,False,0,low,cooking_recipe.txt,txt,452,PARTIAL_45pct,0.4565,False,3.4455
A73,vfat,False,0,low,football_report.txt,txt,361,PARTIAL_81pct,0.8189,False,2.5276
A73,vfat,False,0,low,tax_invoice.pdf,pdf,2346,NOT_RETRIEVED,0.0639,False,2.9586
A73,vfat,False,0,low,python_tutorial.txt,txt,454,PARTIAL_54pct,0.5465,False,2.4303
A73,vfat,False,0,low,hospital_note.pdf,pdf,2353,PARTIAL_38pct,0.3896,False,3.1395
A73,vfat,False,0,low,travel_itinerary.docx,docx,37097,PARTIAL_54pct,0.5439,False,6.6793
A73,vfat,False,0,low,cybersecurity_guide.txt,txt,477,FULL,0.997,True,6.3854
A73,vfat,False,0,low,financial_budget.pdf,pdf,2356,NOT_RETRIEVED,0.1257,False,1.5658
A73,vfat,False,0,low,climate_study.docx,docx,37091,PARTIAL_40pct,0.4003,False,6.6367
A73,vfat,False,0,low,astronomy_article.txt,txt,364,PARTIAL_45pct,0.4554,False,7.472
A73,vfat,False,0,low,ml_research_notes.txt,txt,454,FULL,0.9564,True,5.9078
A73,vfat,False,0,low,project_report.docx,docx,37085,FULL,0.9598,True,6.6193
A73,vfat,False,0,low,header_photo.jpg,jpg,44807,FULL,0.9512,True,2.4392
A73,vfat,False,0,low,large_wallpaper.jpg,jpg,1120317,PARTIAL_37pct,0.37,False,7.5279
A73,vfat,False,0,low,medium_image.jpg,jpg,143097,NOT_RETRIEVED,0.0279,False,2.9245
A74,vfat,False,5,low,cooking_recipe.txt,txt,452,NOT_RETRIEVED,0.1077,False,3.8199
A74,vfat,False,5,low,football_report.txt,txt,361,FULL,0.9104,True,7.9982
A74,vfat,False,5,low,tax_invoice.pdf,pdf,2346,PARTIAL_81pct,0.8148,False,4.1178
A74,vfat,False,5,low,python_tutorial.txt,txt,454,NOT_RETRIEVED,0.0132,False,1.3551
A74,vfat,False,5,low,hospital_note.pdf,pdf,2353,NOT_RETRIEVED,0.1421,False,2.8604
A74,vfat,False,5,low,travel_itinerary.docx,docx,37097,PARTIAL_56pct,0.5669,False,3.6212
A74,vfat,False,5,low,cybersecurity_guide.txt,txt,477,FULL,0.9898,True,2.3998
A74,vfat,False,5,low,financial_budget.pdf,pdf,2356,NOT_RETRIEVED,0.0101,False,0.7906
A74,vfat,False,5,low,climate_study.docx,docx,37091,NOT_RETRIEVED,0.0509,False,5.4159
A74,vfat,False,5,low,astronomy_article.txt,txt,364,FULL,0.995,True,6.1139
A74,vfat,False,5,low,ml_research_notes.txt,txt,454,NOT_RETRIEVED,0.0205,False,2.9012
A74,vfat,False,5,low,project_report.docx,docx,37085,PARTIAL_61pct,0.6169,False,2.7265
A74,vfat,False,5,low,header_photo.jpg,jpg,44807,FULL,0.9369,True,2.4091
A74,vfat,False,5,low,large_wallpaper.jpg,jpg,1120317,FULL,0.9197,True,2.4642
A74,vfat,False,5,low,medium_image.jpg,jpg,143097,PARTIAL_52pct,0.529,False,3.0904
A75,vfat,False,20,low,cooking_recipe.txt,txt,452,NOT_RETRIEVED,0.1158,False,3.3415
A75,vfat,False,20,low,football_report.txt,txt,361,NOT_RETRIEVED,0.1449,False,4.4149
A75,vfat,False,20,low,tax_invoice.pdf,pdf,2346,NOT_RETRIEVED,0.1191,False,0.9404
A75,vfat,False,20,low,python_tutorial.txt,txt,454,NOT_RETRIEVED,0.1047,False,7.9003
A75,vfat,False,20,low,hospital_note.pdf,pdf,2353,NOT_RETRIEVED,0.0139,False,4.7151
A75,vfat,False,20,low,travel_itinerary.docx,docx,37097,FULL,0.9752,True,4.3076
A75,vfat,False,20,low,cybersecurity_guide.txt,txt,477,NOT_RETRIEVED,0.1304,False,5.2171
A75,vfat,False,20,low,financial_budget.pdf,pdf,2356,NOT_RETRIEVED,0.1132,False,6.8184
A75,vfat,False,20,low,climate_study.docx,docx,37091,NOT_RETRIEVED,0.0055,False,4.6714
A75,vfat,False,20,low,astronomy_article.txt,txt,364,PARTIAL_80pct,0.8076,False,5.363
A75,vfat,False,20,low,ml_research_notes.txt,txt,454,NOT_RETRIEVED,0.0282,False,3.0427
A75,vfat,False,20,low,project_report.docx,docx,37085,NOT_RETRIEVED,0.0307,False,1.2019
A75,vfat,False,20,low,header_photo.jpg,jpg,44807,NOT_RETRIEVED,0.1146,False,1.9985
A75,vfat,False,20,low,large_wallpaper.jpg,jpg,1120317,FULL,0.9972,True,5.8114
A75,vfat,False,20,low,medium_image.jpg,jpg,143097,NOT_RETRIEVED,0.0461,False,2.7434
A76,vfat,False,0,high,cooking_recipe.txt,txt,452,FULL,0.9728,True,0.8238
A76,vfat,False,0,high,football_report.txt,txt,361,FULL,0.9729,True,7.6166
A76,vfat,False,0,high,tax_invoice.pdf,pdf,2346,NOT_RETRIEVED,0.0707,False,4.1453
A76,vfat,False,0,high,python_tutorial.txt,txt,454,PARTIAL_49pct,0.4915,False,4.4129
A76,vfat,False,0,high,hospital_note.pdf,pdf,2353,PARTIAL_65pct,0.6529,False,7.2359
A76,vfat,False,0,high,travel_itinerary.docx,docx,37097,NOT_RETRIEVED,0.0118,False,3.3851
A76,vfat,False,0,high,cybersecurity_guide.txt,txt,477,FULL,0.9352,True,2.656
A76,vfat,False,0,high,financial_budget.pdf,pdf,2356,FULL,0.9764,True,4.2222
A76,vfat,False,0,high,climate_study.docx,docx,37091,NOT_RETRIEVED,0.0049,False,1.0023
A76,vfat,False,0,high,astronomy_article.txt,txt,364,PARTIAL_34pct,0.3474,False,2.4705
A76,vfat,False,0,high,ml_research_notes.txt,txt,454,NOT_RETRIEVED,0.0313,False,1.9859
A76,vfat,False,0,high,project_report.docx,docx,37085,NOT_RETRIEVED,0.0747,False,4.8533
A76,vfat,False,0,high,header_photo.jpg,jpg,44807,FULL,0.9827,True,1.5394
A76,vfat,False,0,high,large_wallpaper.jpg,jpg,1120317,PARTIAL_70pct,0.707,False,7.0118
A76,vfat,False,0,high,medium_image.jpg,jpg,143097,FULL,0.9568,True,1.0185
A77,vfat,False,5,high,cooking_recipe.txt,txt,452,FULL,0.9069,True,5.9591
A77,vfat,False,5,high,football_report.txt,txt,361,PARTIAL_72pct,0.727,False,0.998
A77,vfat,False,5,high,tax_invoice.pdf,pdf,2346,NOT_RETRIEVED,0.1253,False,1.167
A77,vfat,False,5,high,python_tutorial.txt,txt,454,FULL,0.9056,True,6.9022
A77,vfat,False,5,high,hospital_note.pdf,pdf,2353,FULL,0.9548,True,3.6968
A77,vfat,False,5,high,travel_itinerary.docx,docx,37097,NOT_RETRIEVED,0.0733,False,4.255
A77,vfat,False,5,high,cybersecurity_guide.txt,txt,477,NOT_RETRIEVED,0.0225,False,6.7303
A77,vfat,False,5,high,financial_budget.pdf,pdf,2356,FULL,0.9478,True,7.1475
A77,vfat,False,5,high,climate_study.docx,docx,37091,NOT_RETRIEVED,0.1028,False,2.4749
A77,vfat,False,5,high,astronomy_article.txt,txt,364,NOT_RETRIEVED,0.055,False,4.4108
A77,vfat,False,5,high,ml_research_notes.txt,txt,454,NOT_RETRIEVED,0.049,False,2.7911
A77,vfat,False,5,high,project_report.docx,docx,37085,PARTIAL_51pct,0.5154,False,1.6246
A77,vfat,False,5,high,header_photo.jpg,jpg,44807,NOT_RETRIEVED,0.0903,False,1.5034
A77,vfat,False,5,high,large_wallpaper.jpg,jpg,1120317,NOT_RETRIEVED,0.1271,False,2.2815
A77,vfat,False,5,high,medium_image.jpg,jpg,143097,FULL,0.9009,True,0.8544
A78,vfat,False,20,high,cooking_recipe.txt,txt,452,NOT_RETRIEVED,0.1481,False,0.8366
A78,vfat,False,20,high,football_report.txt,txt,361,NOT_RETRIEVED,0.0108,False,4.941
A78,vfat,False,20,high,tax_invoice.pdf,pdf,2346,NOT_RETRIEVED,0.0539,False,0.582
A78,vfat,False,20,high,python_tutorial.txt,txt,454,NOT_RETRIEVED,0.1487,False,2.4321
A78,vfat,False,20,high,hospital_note.pdf,pdf,2353,PARTIAL_37pct,0.3731,False,4.6644
A78,vfat,False,20,high,travel_itinerary.docx,docx,37097,NOT_RETRIEVED,0.1188,False,6.148
A78,vfat,False,20,high,cybersecurity_guide.txt,txt,477,NOT_RETRIEVED,0.1209,False,2.3545
A78,vfat,False,20,high,financial_budget.pdf,pdf,2356,NOT_RETRIEVED,0.0446,False,2.9734
A78,vfat,False,20,high,climate_study.docx,docx,37091,NOT_RETRIEVED,0.1023,False,7.8094
A78,vfat,False,20,high,astronomy_article.txt,txt,364,NOT_RETRIEVED,0.0806,False,4.1534
A78,vfat,False,20,high,ml_research_notes.txt,txt,454,PARTIAL_43pct,0.4397,False,4.4573
A78,vfat,False,20,high,project_report.docx,docx,37085,FULL,0.9931,True,1.4288
A78,vfat,False,20,high,header_photo.jpg,jpg,44807,PARTIAL_75pct,0.7515,False,1.227
A78,vfat,False,20,high,large_wallpaper.jpg,jpg,1120317,NOT_RETRIEVED,0.1089,False,1.0147
A78,vfat,False,20,high,medium_image.jpg,jpg,143097,NOT_RETRIEVED,0.0947,False,6.1801
A79,vfat,True,0,low,cooking_recipe.txt,txt,452,NOT_RETRIEVED,0.1078,False,4.8963
A79,vfat,True,0,low,football_report.txt,txt,361,NOT_RETRIEVED,0.1046,False,7.6773
A79,vfat,True,0,low,tax_invoice.pdf,pdf,2346,NOT_RETRIEVED,0.0997,False,3.7785
A79,vfat,True,0,low,python_tutorial.txt,txt,454,NOT_RETRIEVED,0.1497,False,1.7029
A79,vfat,True,0,low,hospital_note.pdf,pdf,2353,FULL,0.9539,True,4.1103
A79,vfat,True,0,low,travel_itinerary.docx,docx,37097,NOT_RETRIEVED,0.0074,False,3.5321
A79,vfat,True,0,low,cybersecurity_guide.txt,txt,477,NOT_RETRIEVED,0.0878,False,5.43
A79,vfat,True,0,low,financial_budget.pdf,pdf,2356,NOT_RETRIEVED,0.0962,False,6.4268
A79,vfat,True,0,low,climate_study.docx,docx,37091,NOT_RETRIEVED,0.0806,False,5.0465
A79,vfat,True,0,low,astronomy_article.txt,txt,364,FULL,0.9273,True,4.4555
A79,vfat,True,0,low,ml_research_notes.txt,txt,454,NOT_RETRIEVED,0.1019,False,1.1781
A79,vfat,True,0,low,project_report.docx,docx,37085,NOT_RETRIEVED,0.0333,False,6.0051
A79,vfat,True,0,low,header_photo.jpg,jpg,44807,NOT_RETRIEVED,0.089,False,4.9352
A79,vfat,True,0,low,large_wallpaper.jpg,jpg,1120317,PARTIAL_56pct,0.5633,False,6.9808
A79,vfat,True,0,low,medium_image.jpg,jpg,143097,NOT_RETRIEVED,0.078,False,3.2617
A80,vfat,True,5,low,cooking_recipe.txt,txt,452,FULL,0.9143,True,1.9477
A80,vfat,True,5,low,football_report.txt,txt,361,NOT_RETRIEVED,0.1416,False,4.2887
A80,vfat,True,5,low,tax_invoice.pdf,pdf,2346,PARTIAL_36pct,0.3624,False,3.0373
A80,vfat,True,5,low,python_tutorial.txt,txt,454,NOT_RETRIEVED,0.0575,False,6.2938
A80,vfat,True,5,low,hospital_note.pdf,pdf,2353,NOT_RETRIEVED,0.0166,False,5.0649
A80,vfat,True,5,low,travel_itinerary.docx,docx,37097,NOT_RETRIEVED,0.0603,False,0.8821
A80,vfat,True,5,low,cybersecurity_guide.txt,txt,477,NOT_RETRIEVED,0.1325,False,4.4161
A80,vfat,True,5,low,financial_budget.pdf,pdf,2356,NOT_RETRIEVED,0.0318,False,6.6459
A80,vfat,True,5,low,climate_study.docx,docx,37091,NOT_RETRIEVED,0.0051,False,5.6226
A80,vfat,True,5,low,astronomy_article.txt,txt,364,NOT_RETRIEVED,0.1244,False,2.579
A80,vfat,True,5,low,ml_research_notes.txt,txt,454,FULL,0.994,True,7.528
A80,vfat,True,5,low,project_report.docx,docx,37085,NOT_RETRIEVED,0.0963,False,3.9695
A80,vfat,True,5,low,header_photo.jpg,jpg,44807,NOT_RETRIEVED,0.0179,False,1.2256
A80,vfat,True,5,low,large_wallpaper.jpg,jpg,1120317,PARTIAL_79pct,0.7936,False,1.5937
A80,vfat,True,5,low,medium_image.jpg,jpg,143097,PARTIAL_62pct,0.6237,False,2.1135
A81,vfat,True,20,low,cooking_recipe.txt,txt,452,NOT_RETRIEVED,0.0845,False,3.2607
A81,vfat,True,20,low,football_report.txt,txt,361,NOT_RETRIEVED,0.1368,False,1.6324
A81,vfat,True,20,low,tax_invoice.pdf,pdf,2346,NOT_RETRIEVED,0.1354,False,6.7182
A81,vfat,True,20,low,python_tutorial.txt,txt,454,NOT_RETRIEVED,0.093,False,5.2941
A81,vfat,True,20,low,hospital_note.pdf,pdf,2353,NOT_RETRIEVED,0.0025,False,7.6857
A81,vfat,True,20,low,travel_itinerary.docx,docx,37097,NOT_RETRIEVED,0.1172,False,3.3296
A81,vfat,True,20,low,cybersecurity_guide.txt,txt,477,PARTIAL_60pct,0.6007,False,4.3039
A81,vfat,True,20,low,financial_budget.pdf,pdf,2356,NOT_RETRIEVED,0.051,False,2.3737
A81,vfat,True,20,low,climate_study.docx,docx,37091,NOT_RETRIEVED,0.0563,False,7.7745
A81,vfat,True,20,low,astronomy_article.txt,txt,364,NOT_RETRIEVED,0.0479,False,2.7047
A81,vfat,True,20,low,ml_research_notes.txt,txt,454,NOT_RETRIEVED,0.0749,False,5.3281
A81,vfat,True,20,low,project_report.docx,docx,37085,NOT_RETRIEVED,0.0428,False,5.6958
A81,vfat,True,20,low,header_photo.jpg,jpg,44807,FULL,0.9262,True,3.9779
A81,vfat,True,20,low,large_wallpaper.jpg,jpg,1120317,FULL,0.9618,True,5.5873
A81,vfat,True,20,low,medium_image.jpg,jpg,143097,NOT_RETRIEVED,0.0775,False,5.0296
A82,vfat,True,0,high,cooking_recipe.txt,txt,452,NOT_RETRIEVED,0.0062,False,1.2496
A82,vfat,True,0,high,football_report.txt,txt,361,NOT_RETRIEVED,0.1493,False,0.6185
A82,vfat,True,0,high,tax_invoice.pdf,pdf,2346,NOT_RETRIEVED,0.1127,False,6.7008
A82,vfat,True,0,high,python_tutorial.txt,txt,454,NOT_RETRIEVED,0.093,False,5.7254
A82,vfat,True,0,high,hospital_note.pdf,pdf,2353,NOT_RETRIEVED,0.0183,False,7.4464
A82,vfat,True,0,high,travel_itinerary.docx,docx,37097,FULL,0.9836,True,1.0756
A82,vfat,True,0,high,cybersecurity_guide.txt,txt,477,NOT_RETRIEVED,0.0006,False,3.8394
A82,vfat,True,0,high,financial_budget.pdf,pdf,2356,NOT_RETRIEVED,0.0249,False,3.8832
A82,vfat,True,0,high,climate_study.docx,docx,37091,NOT_RETRIEVED,0.1151,False,7.1985
A82,vfat,True,0,high,astronomy_article.txt,txt,364,NOT_RETRIEVED,0.0187,False,2.7154
A82,vfat,True,0,high,ml_research_notes.txt,txt,454,NOT_RETRIEVED,0.0133,False,3.5514
A82,vfat,True,0,high,project_report.docx,docx,37085,NOT_RETRIEVED,0.1426,False,3.584
A82,vfat,True,0,high,header_photo.jpg,jpg,44807,NOT_RETRIEVED,0.0685,False,6.151
A82,vfat,True,0,high,large_wallpaper.jpg,jpg,1120317,FULL,0.9144,True,5.1065
A82,vfat,True,0,high,medium_image.jpg,jpg,143097,PARTIAL_69pct,0.693,False,3.1342
A83,vfat,True,5,high,cooking_recipe.txt,txt,452,NOT_RETRIEVED,0.1229,False,4.1963
A83,vfat,True,5,high,football_report.txt,txt,361,NOT_RETRIEVED,0.0407,False,4.2069
A83,vfat,True,5,high,tax_invoice.pdf,pdf,2346,NOT_RETRIEVED,0.1291,False,6.673
A83,vfat,True,5,high,python_tutorial.txt,txt,454,NOT_RETRIEVED,0.1316,False,7.697
A83,vfat,True,5,high,hospital_note.pdf,pdf,2353,NOT_RETRIEVED,0.1398,False,4.7841
A83,vfat,True,5,high,travel_itinerary.docx,docx,37097,NOT_RETRIEVED,0.0841,False,3.0695
A83,vfat,True,5,high,cybersecurity_guide.txt,txt,477,NOT_RETRIEVED,0.0362,False,1.1182
A83,vfat,True,5,high,financial_budget.pdf,pdf,2356,NOT_RETRIEVED,0.1332,False,5.2261
A83,vfat,True,5,high,climate_study.docx,docx,37091,NOT_RETRIEVED,0.0643,False,3.983
A83,vfat,True,5,high,astronomy_article.txt,txt,364,NOT_RETRIEVED,0.1234,False,1.9879
A83,vfat,True,5,high,ml_research_notes.txt,txt,454,NOT_RETRIEVED,0.114,False,4.8115
A83,vfat,True,5,high,project_report.docx,docx,37085,NOT_RETRIEVED,0.0437,False,7.1121
A83,vfat,True,5,high,header_photo.jpg,jpg,44807,NOT_RETRIEVED,0.1198,False,5.4843
A83,vfat,True,5,high,large_wallpaper.jpg,jpg,1120317,NOT_RETRIEVED,0.149,False,3.6512
A83,vfat,True,5,high,medium_image.jpg,jpg,143097,NOT_RETRIEVED,0.1117,False,3.8965
A84,vfat,True,20,high,cooking_recipe.txt,txt,452,NOT_RETRIEVED,0.0592,False,4.741
A84,vfat,True,20,high,football_report.txt,txt,361,NOT_RETRIEVED,0.0339,False,6.8052
A84,vfat,True,20,high,tax_invoice.pdf,pdf,2346,NOT_RETRIEVED,0.0591,False,2.3449
A84,vfat,True,20,high,python_tutorial.txt,txt,454,NOT_RETRIEVED,0.1209,False,7.2137
A84,vfat,True,20,high,hospital_note.pdf,pdf,2353,NOT_RETRIEVED,0.0862,False,4.0046
A84,vfat,True,20,high,travel_itinerary.docx,docx,37097,NOT_RETRIEVED,0.0671,False,3.4898
A84,vfat,True,20,high,cybersecurity_guide.txt,txt,477,NOT_RETRIEVED,0.0873,False,4.2574
A84,vfat,True,20,high,financial_budget.pdf,pdf,2356,NOT_RETRIEVED,0.1227,False,6.0924
A84,vfat,True,20,high,climate_study.docx,docx,37091,NOT_RETRIEVED,0.1201,False,6.9024
A84,vfat,True,20,high,astronomy_article.txt,txt,364,NOT_RETRIEVED,0.0874,False,2.6398
A84,vfat,True,20,high,ml_research_notes.txt,txt,454,NOT_RETRIEVED,0.0358,False,5.5355
A84,vfat,True,20,high,project_report.docx,docx,37085,NOT_RETRIEVED,0.0767,False,7.6148
A84,vfat,True,20,high,header_photo.jpg,jpg,44807,NOT_RETRIEVED,0.1314,False,7.9021
A84,vfat,True,20,high,large_wallpaper.jpg,jpg,1120317,NOT_RETRIEVED,0.0249,False,6.6474
A84,vfat,True,20,high,medium_image.jpg,jpg,143097,NOT_RETRIEVED,0.059,False,7.0305
